detector_id,district,road,latitude,longitude,direction,n_lanes,base_speed,s_warn,n_warn,s_rain,n_rain,slope,flow_warn,exposure,base_occupancy,s_warn_adj
AID07212,Wong Tai Sin,Lung Cheung Road near Lung Cheung Road Park - Eastbound,22.34402,114.18277,East,3.0,61.455479452054796,-0.21408103587317673,173.0,-0.2265696736022732,239,-0.03473401158311755,-0.2642180094786729,10.5,4.816666666666666,-0.1994879426152184
AID07106,Kwun Tong,Tseung Kwan O Road near Junk Bay Road Substation - Westbound,22.31304942,114.2371069,South West,3.0,64.14038876889849,-0.2119055236665519,191.0,-0.2535230074824424,219,-0.05862387533019822,-0.22094508301404847,8.5,6.831018518518519,-0.21576944390570363
AID01222,Southern District,Aberdeen Praya Road near Ocean Court - Westbound,22.24761461,114.1590439,South West,3.0,61.830771184514816,-0.20239047608610672,167.0,-0.20835905333041782,175,-0.039785800030721984,-0.42553191489361697,12.0,2.8333333333333335,-0.1739546227053159
AID02215,Kwun Tong,Kwun Tong Bypass near Sceneway Garden - Eastbound,22.30828304,114.2321164,South East,2.0,83.59857809847199,-0.19840215329868782,191.0,-0.23361461664676564,221,-0.04255784545040818,-0.19693486590038312,8.5,2.26875,-0.20226607353783954
AID07101,Sai Kung,Wan Po Road near Pung Loi Road - Westbound,22.31013704,114.2664351,North West,3.0,56.575,-0.19687357879169531,190.0,-0.1969273102499427,265,-0.046155810891175736,-0.28260869565217395,13.5,1.5795454545454546,-0.15459496528807198
AID05121,Sham Shui Po,West Kowloon Corridor near Lai Chi Kok MTR Station - Northbound,22.33557141,114.1485394,South West,2.0,68.47472659029451,-0.19536992927367125,191.0,-0.21300011054646273,246,-0.03167097010847927,-0.1610169491525424,10.5,4.305555555555555,-0.18077683601571293
AID04115,Eastern District,Island Eastern Corridor near Aldrich Garden - Eastbound,22.27997282,114.2297861,North East,2.0,70.29305266805267,-0.19436774166639326,167.0,-0.20470531870745756,204,-0.04341263897287165,-0.21695402298850575,11.0,2.676948051948052,-0.17516039503415742
AID05109,Kowloon City,Chatham Road North near MTR Ho Man Tin Station - Westbound,22.30853617,114.1829207,South West,4.0,58.08594089526293,-0.18861212605644195,190.0,-0.21839946750972694,212,-0.01540267106520711,-0.20158027209389973,8.75,4.430555555555555,-0.19016891960845492
AID05102,Kwun Tong,Kai Fuk Road near Ngau Tau Kok Jockey Club Clinic - Northbound,22.31673143,114.2156198,North West,1.0,58.84435483870968,-0.18791368322629864,191.0,-0.17948246978404792,221,-0.0323718954127862,-0.20124481327800836,8.5,1.317857142857143,-0.19177760346545036
AID01223,Southern District,Aberdeen Praya Road near Aberdeen Bus Terminus - Westbound,22.24747861,114.1546396,North West,3.0,66.68895178039516,-0.18633748569184527,190.0,-0.19206960490657543,213,-0.04095476063276378,-0.19583199054678269,10.0,1.5995370370370372,-0.17635864580816446
AID09101,Tsuen Wan,Tuen Mun Road near Tsuen Wan Road - Eastbound,22.37433425,114.1030219,North East,2.0,75.97708174178763,-0.18467771184592607,172.0,-0.20722056986679727,192,-0.07947387990482663,-0.1853749737526449,9.5,4.076388888888889,-0.17931312533652277
AID01124,Sha Tin,Lion Rock Tunnel Road near Toll Plaza - Northbound,22.3592791,114.1751851,North East,2.0,75.07984790874525,-0.1790328283249687,190.0,-0.19249704030248904,228,-0.053864586066108944,-0.23731171079058533,9.0,5.5,-0.1782824951898429
AID05214,Sham Shui Po,Kwai Chung Road near Lai Chi Kok Fire Station - Southbound,22.33650957,114.1432003,East,2.0,74.03696111294184,-0.1786091060017,22.0,-0.1604176754374983,29,-0.05831722473593253,0.03684956203535883,19.5,3.1381944444444443,-0.08095945200674658
AID04214,Eastern District,Island Eastern Corridor near Quarry Bay Park Phase 2 - Westbound,22.29087764,114.2119252,North West,5.0,77.98673300165838,-0.17592837917909132,167.0,-0.19917790333611274,200,-0.052604151944883784,-0.3105906735751295,11.0,2.631818181818182,-0.1567210325468555
AID08217,Tsuen Wan,North Lantau Highway near Refuse Transfer Station - Eastbound,22.31698039,113.9977831,North East,3.0,102.10239752994322,-0.1748824566527868,167.0,-0.17430010230219362,168,-0.05727855729428412,-0.16678395496129494,10.0,3.7916666666666665,-0.16490361676910598
AID05219,Yau Tsim Mong,West Kowloon Corridor near Sycamore Playground -Southbound,22.32449274,114.1627517,South East,2.0,71.9407894736842,-0.17429021584337934,189.0,-0.2400091636353745,187,-0.05809093840729568,-0.1776489193463363,7.0,2.9444444444444446,-0.19199689620536356
AID08221,Tsuen Wan,North Lantau Highway near Ta Pang Po - Eastbound,22.32509802,114.0141182,East,3.0,108.91891891891892,-0.1738276816161195,172.0,-0.19259053579214325,195,-0.061096222122184976,-0.14883067552726104,9.5,4.09981684981685,-0.1684630951067162
AID05209,Kwai Tsing,Kwai Chung Road near Lai King MTR Station - Southbound (1),22.34973473,114.1255672,South West,4.0,79.9584270800522,-0.172729166375591,191.0,-0.2123247390794032,215,-0.054285728786073136,-0.19933829611248943,13.0,4.960227272727273,-0.13506480624624514
AID01215,Wan Chai,Canal Road Flyover near Wing Tak Building - Southbound,22.278219,114.181221,South West,2.0,69.83250177418452,-0.1723563657518148,190.0,-0.2036141085016182,209,-0.036281197735832514,-0.2720613708487134,10.0,5.208333333333334,-0.16237752586813398
AID07128,Sham Shui Po,Lung Cheung Road near Ching Cheung Road - Westbound,22.34249937,114.1592745,North West,2.0,49.542744483718934,-0.1706465362170002,172.0,-0.18694312056271079,238,-0.042596304831508024,-0.19550907800444173,10.5,7.825757575757576,-0.1560534429590419
AID01106,Southern District,Wong Chuk Hang Road near Hong Kong Academy of Medicine - Eastbound,22.25044211,114.1718782,South East,2.0,50.381976154236426,-0.16939441927908294,190.0,-0.17887007098848917,213,-0.03017383970132975,-0.19535794673916218,10.0,4.237500000000001,-0.15941557939540213
AID01212,Kowloon City,Princess Margaret Road near King's Park -Southbound,22.3094574,114.1788251,South East,3.0,70.62752206292444,-0.1687703361688957,167.0,-0.18141667971400244,197,-0.024457996944676444,-0.17279411764705888,9.0,3.0185185185185186,-0.1680200030337699
AID07115,Kwun Tong,Lung Cheung Road near Ping Shek Estate - Westbound,22.33194957,114.2082469,North West,2.0,59.66778523489933,-0.16783029491465074,174.0,-0.17823013805968746,217,-0.034760464302494375,-0.177743388762728,12.0,8.994318181818182,-0.1393944415338599
AID03104,Central & Western District,Connaught Road West near Sun Yat Sen Memorial Park - Northbound (2),22.28869255,114.1432602,West,1.0,48.53333333333333,-0.16746663943355122,191.0,-0.17484626088539357,214,-0.025608939624841988,-0.20000000000000018,11.5,3.334821428571429,-0.1436450394270379
AID01123,Kowloon City,Lion Rock Tunnel Road near Entrance from Kowloon - Northbound,22.34521846,114.1813302,North,2.0,45.997297297297294,-0.16693194135317213,191.0,-0.17465904366693896,211,-0.041354132219848815,-0.22045454545454546,8.5,8.263392857142858,-0.17079586159232385
AID07203,Sham Shui Po,Ching Cheung Road near International School - Eastbound,22.33988751,114.1457331,East,3.0,68.47525204413749,-0.16663489033002454,191.0,-0.17097585165094054,242,-0.02265410003874179,-0.24375851112119828,10.5,3.8703703703703702,-0.15204179707206622
AID03211,Yau Tsim Mong,West Kowloon Highway near Centenary Substation - Southbound,22.30700933,114.1609192,South West,4.0,75.57581059390048,-0.16622729739219877,166.0,-0.1856686818440767,180,0.009430143457218619,-0.22702094622429247,9.5,2.4930555555555554,-0.16086271088279547
AID05206,Kwai Tsing,Tsuen Wan Road near Wing Kei Road 5-A-Side Soccer Pitch - Southbound (2),22.35956704,114.1197093,South East,3.0,77.19815668202764,-0.16539662873071592,167.0,-0.23397394808742833,180,-0.04610459447104018,-0.2765567765567766,11.5,6.0,-0.1415750287242026
AID03110,Sham Shui Po,West Kowloon Highway near Tai Kok Tsui Substation - Northbound,22.32431136,114.1556952,North West,3.0,95.1258064516129,-0.16467631320060216,167.0,-0.17941129588748228,220,-0.04224288033134975,-0.22403142159853562,10.5,3.4638888888888886,-0.15008321994264384
AID01107,Southern District,Aberdeen Tunnel near Wong Chuk Hang Hospital - Eastbound,22.24999065,114.1762923,North East,2.0,63.93090062111801,-0.16455115701123013,190.0,-0.18133207339136348,213,-0.02701758991988793,-0.2222667650609098,10.0,4.021875,-0.15457231712754932
AID04204,Eastern District,Island Eastern Corridor near Heng Fa Chuen - Northbound (1),22.27640298,114.2376054,South West,2.0,77.09328968903436,-0.16440178038988118,191.0,-0.21209846217317607,242,-0.05646040987856969,-0.1498676081200352,11.0,2.3896103896103895,-0.14519443375764535
AID07133,Sham Shui Po,Ching Cheung Road near Lai Chi Kok Park Sports Centre - Westbound,22.34105995,114.1385881,North West,3.0,69.01328080091972,-0.16406073711286584,191.0,-0.205081089141961,240,-0.04095137825957944,-0.16825041922861939,10.5,5.050282485875706,-0.14946764385490752
AID07111,Kwun Tong,Kwun Tong Road near Yan Wing Mansion - Westbound,22.31898025,114.2147566,North,3.0,64.50955414012739,-0.1638283825077227,189.0,-0.18283399800001132,218,-0.031217064305485945,-0.180327868852459,8.5,4.416666666666667,-0.1676923027468744
AID04216,Eastern District,Island Eastern Corridor near Vehicle Ferry Pier - Westbound,22.29389518,114.2052106,North West,3.0,78.56541935483871,-0.16157632698549707,167.0,-0.20101146008847603,204,-0.005080546748995524,-0.22940130409010062,11.0,3.9074074074074074,-0.14236898035326123
AID01209,Kowloon City,Princess Margaret Road near Yu Chun Keung Memorial College - Southbound,22.31849702,114.179,South West,3.0,61.82282913165266,-0.1612558512736737,186.0,-0.19794241187658224,208,-0.04558034474126445,-0.15605097152169944,8.75,3.409090909090909,-0.16281264482568666
AID02208,Kwun Tong,Kwun Tong Bypass near Kowloon Godown - Southbound,22.31617205,114.2133874,South East,3.0,87.65454545454546,-0.1611712356912094,191.0,-0.19768938751814902,221,-0.08055681504940523,-0.21046511627906983,8.5,2.878787878787879,-0.1650351559303611
AID03210,Yau Tsim Mong,West Kowloon Highway near Olympic Plaza - Southbound,22.31468536,114.1610542,South East,3.0,84.4637012987013,-0.16087856115819088,167.0,-0.20098516873577932,176,0.004546821871022795,-0.19319429198682758,9.5,1.386111111111111,-0.15551397464878758
AID05233,Kwun Tong,Kai Fuk Road near Kowloon Bay Vehicle Detention and Examination Centre - Eastbound,22.31872881,114.2081274,South East,3.0,67.87878100423472,-0.16011300911915227,191.0,-0.15535861016551233,221,-0.028510996856662467,-0.16666666666666674,8.5,0.5488095238095239,-0.163976929358304
AID01108,Wan Chai,Wong Nai Chung Gap Flyover near Racecourse - Northbound,22.27186288,114.1801247,North West,2.0,76.4,-0.15979943126671892,168.0,-0.21794830517205843,149,-0.05540831549396333,-0.41143097709283427,9.5,2.75,-0.15443484475731561
AID03206,Sham Shui Po,West Kowloon Highway near Tai Kok Tsui Substation - Southbound,22.32400436,114.1559767,South East,3.0,105.91478494623655,-0.15952056011238547,167.0,-0.1858402003379751,220,-0.06893868548360912,-0.2470973782771535,10.5,3.022222222222222,-0.14492746685442714
AID04209,Eastern District,Island Eastern Corridor near Tai On Building - Westbound,22.28126586,114.2244401,North West,3.0,75.93387137819465,-0.1589410082560767,167.0,-0.18599465840516105,204,-0.036343534447218724,-0.22363945578231292,11.0,2.388888888888889,-0.13973366162384088
AID07210,Kowloon City,Lung Cheung Road Lookout - Eastbound,22.34291571,114.1743795,North East,3.0,61.72947766519195,-0.1583860546813236,172.0,-0.16749560242555028,209,-0.04354097934835652,-0.21607951329937747,10.0,4.460648148148148,-0.1484072147976428
AID07112,Kwun Tong,Kwun Tong Road near Fuk To Street - Westbound,22.32325183,114.214321,North,3.0,61.762773722627735,-0.15795937414760308,165.0,-0.18397651342044086,188,-0.05101721048414516,-0.26813186813186807,7.5,4.391666666666667,-0.1710518011353098
AID03205,Sham Shui Po,West Kowloon Highway near Nam Cheong MTR Statoin - Southbound,22.32683954,114.1529091,South East,3.0,104.66884781884781,-0.15708995933480996,167.0,-0.18282420337220884,212,-0.06375750076476774,-0.20427236315086772,10.5,3.38,-0.14249686607685164
AID09120,Sha Tin,Tai Po Road near Sha Tin Racecourse - Northbound (2),22.39952611,114.2026196,North East,3.0,78.45267489711934,-0.1570737995488236,167.0,-0.20506464659934986,191,-0.06860310916684924,-0.21825396825396826,9.0,6.574999999999999,-0.15632346641369782
AID07214,Wong Tai Sin,Lung Cheung Road near Temple Mall North - Eastbound,22.34172308,114.1909406,South East,3.0,75.43933054393305,-0.15636482510624394,191.0,-0.1881187439872697,245,-0.03011788003489166,-0.16367032453887442,8.0,6.25,-0.16484299871967314
AID03108,Yau Tsim Mong,West Kowloon Highway near Olympic MTR Station - Northbound (1),22.31770145,114.1598309,North West,3.0,98.28969359331477,-0.1555826025813506,174.0,-0.1915162040695807,190,-0.060906366227480496,-0.2295707575319148,9.5,3.3098591549295775,-0.1502180160719473
AID07211,Kowloon City,Lung Cheung Road near Elizabethan Court - Eastbound,22.34463154,114.1764084,North East,3.0,69.75062807495027,-0.15555085163726223,190.0,-0.1612503244805239,213,-0.04840090926283472,-0.1799471664515777,8.75,4.137731481481481,-0.1571076451892752
AID07206,Sham Shui Po,Lung Cheung Road near Monte Carlton - Eastbound,22.34280593,114.155275,North East,3.0,63.679296615792964,-0.15473185630356523,173.0,-0.169514787660064,232,-0.02590257474526761,-0.23603603603603585,10.5,4.53030303030303,-0.1401387630456069
AID03107,Yau Tsim Mong,West Kowloon Highway near Olympic Plaza - Northbound,22.31424287,114.1611901,North West,3.0,93.9774011299435,-0.154656283908853,191.0,-0.18983956246631917,194,-0.05732357895222534,-0.15561569688768606,8.5,1.523076923076923,-0.15852020414800472
AID02126,Sha Tin,Tate's Cairn Highway near Marine Police Station - Northbound,22.40936721,114.2137031,North West,2.0,85.57328990228012,-0.1543845716420934,167.0,-0.20179522256543214,191,-0.04303443768892169,-0.20610687022900764,9.0,5.425,-0.1536342385069676
AID05127,Kwai Tsing,Kwai Chung Road near Lai King Estate - Northbound,22.35124287,114.1256929,North East,2.0,70.66467065868264,-0.1543801813944803,191.0,-0.18229400671278184,216,-0.050637630353495895,-0.08002816240319177,13.0,6.0,-0.11671582126513444
AID07109,Kwun Tong,Kwun Tong Road near The Grande Building - Westbound,22.31357779,114.223102,North West,4.0,46.98642533936651,-0.1543235980402048,171.0,-0.17807373547615035,211,-0.02735590747873836,-0.10806304940891165,13.5,3.4142045454545453,-0.11204498453658145
AID04201,Eastern District,Island Eastern Corridor near Chai Wan MTR Station - Northbound,22.26459999,114.2374257,North East,2.0,50.625,-0.1541634493650732,186.0,-0.11824753323790849,239,-0.0212210943951889,-0.55,11.0,0.8625,-0.13495610273283737
AID03113,Sham Shui Po,West Kowloon Highway near SKH St. Andrew's Primary School - Northbound,22.33021588,114.1463564,North West,3.0,94.11509917998993,-0.15310851370224687,191.0,-0.19028111378411272,246,-0.052343475604170936,-0.19583333333333353,10.5,1.6916666666666667,-0.13851542044428855
AID02212,Kwun Tong,Kwun Tong Bypass near Kwun Tong Sewage Treatment Works - Eastbound,22.30629936,114.2222843,South East,3.0,80.45014905461493,-0.1529062480555382,191.0,-0.1691051518655704,221,-0.03682386383851366,-0.1970909090909091,8.5,3.5,-0.15677016829468993
AID01110,Wan Chai,Canal Road Flyover near Wan Chai Fire Station - Northbound,22.279356,114.181217,North West,3.0,51.95462765417048,-0.1528258933546346,173.0,-0.18330801825587395,204,-0.010734056122055833,-0.2082717872968981,10.5,6.779166666666667,-0.13823280009667627
AID02107,Kwun Tong,Kwun Tong Bypass near Manulife Financial Centre - Westbound,22.30651544,114.2245554,South West,3.0,88.6984906315059,-0.1527388654586408,191.0,-0.17110205662818123,219,-0.045548627385681696,-0.18922413793103443,8.5,2.574074074074074,-0.1566027856977925
AID03208,Yau Tsim Mong,West Kowloon Highway near Olympic MTR Station - Southbound,22.31895665,114.1592872,South East,3.0,97.21775438342618,-0.15264409501766463,172.0,-0.19074393655930544,180,-0.028629855357775912,-0.2509946522130323,9.5,3.4934640522875817,-0.14727950850826133
AID05111,Yau Tsim Mong,Gascoigne Road near Diocesan Girls' School - Westbound,22.30716361,114.1739143,North West,1.0,58.70068027210884,-0.15250857110635285,169.0,-0.19719239015493262,173,-0.04293563579215871,-0.1594627971596171,8.5,9.954545454545455,-0.15637249134550457
AID04107,Eastern District,Island Eastern Corridor near North Point Ferry Pier Eastbound,22.2938687,114.201426,North East,3.0,79.0942760942761,-0.15101194482306168,167.0,-0.1689241776600976,204,-0.038343854832397065,-0.2343876723438768,11.0,5.145833333333334,-0.13180459819082585
AID05224,Yau Tsim Mong,Gascoigne Road near Methodist College - Eastbound,22.30898773,114.1716432,South East,1.0,48.83255813953488,-0.15097029304452492,189.0,-0.19278997428962175,188,-0.07339652627667478,-0.1748251748251748,7.0,11.39375,-0.16867697340650914
AID05125,Kwai Tsing,Kwai Chung Road near Hong Chi Winifred Mary Cheung Morninghope School - Northbound,22.3434053,114.1288313,North West,5.0,76.80662983425414,-0.150638519092688,191.0,-0.167461507656969,216,-0.042260527286296534,-0.1611344537815126,13.0,3.090909090909091,-0.11297415896334215
AID07131,Sham Shui Po,Ching Cheung Road near Dragon lndustrial Building - Westbound,22.34057439,114.1488005,North East,3.0,72.96485623003196,-0.15057370333141695,172.0,-0.18719222406354086,238,-0.030509944264235513,-0.2190145092362834,10.5,5.282828282828283,-0.13598061007345863
AID07123,Kowloon City,Lung Cheung Road near Elizabethan Court - Westbound,22.34472185,114.1771074,South West,3.0,70.94698795180723,-0.15024200654663245,191.0,-0.15785924857043987,212,-0.032022123262291986,-0.18257425742574263,8.5,4.767195767195767,-0.15410592678578416
AID05235,Kwun Tong,Kai Fuk Road near Kwun Tong Road Sitting-out Area - Eastbound,22.316081,114.2165611,South East,1.0,68.45833333333333,-0.15011688072170182,172.0,-0.15970904143855535,217,-0.03655872886223964,-0.19409379043394104,13.5,1.375,-0.10783826721807847
AID07119,Wong Tai Sin,Lung Cheung Road near Lung On House Lower Wong Tai Sin (II) Estate - Westbound,22.34167774,114.1929403,West,3.0,70.71992481203007,-0.14981159013097622,173.0,-0.19697761064103902,239,-0.048919429327379915,-0.22412660495670333,10.5,5.033333333333333,-0.1352184968730179
AID09103,Tsuen Wan,Cheung Pei Shan Road near The Mills - Eastbound,22.37561012,114.1088762,East,3.0,70.82758620689656,-0.14969122771288712,191.0,-0.19271763725139923,211,-0.07701673895559538,-0.17647058823529416,10.0,0.8,-0.1397123878292063
AID01104,Southern District,Wong Chuk Hang Road Flyover near AXA Southside - Eastbound,22.24837379,114.1658151,North East,2.0,72.46445352400409,-0.1487692858873304,172.0,-0.1351106625991897,209,-0.019949041911947678,-0.2362735057977825,12.25,2.025,-0.11802630581940082
AID07125,Sham Shui Po,Lung Cheung Road Beacon Heights - Westbound (1),22.34166032,114.1695549,South West,2.0,66.6,-0.1484836950691789,191.0,-0.1716467360537841,246,-0.02891695744682601,-0.1918367346938774,10.5,6.5,-0.1338906018112206
AID07207,Sham Shui Po,Lung Cheung Road near Tai Woh Ping - Eastbound,22.34108183,114.1617987,East,3.0,68.77087076899507,-0.14845802709803968,173.0,-0.1207643303982111,237,-0.03805229048542801,-0.20679886685552407,10.5,3.4663299663299663,-0.13386493384008136
AID04217,Eastern District,Island Eastern Corridor near Hyatt Centric - Westbound,22.29350781,114.1991163,West,3.0,80.68421699969724,-0.14797831411311557,167.0,-0.19079752333809374,204,-0.030133898603400613,-0.24904336734693877,11.0,4.520833333333333,-0.12877096748087974
AID05115,Yau Tsim Mong,West Kowloon Corridor West near Cherry Street Park - Northbound (1),22.3168441,114.1662756,North,2.0,68.21192052980132,-0.14741096621673144,187.0,-0.16200006315811033,190,-0.041635471490710015,-0.11111111111111116,8.5,2.71875,-0.15127488645588316
AID08109,Islands District,North Lantau Highway near Siu Ho Wan Sewage Treatment Works - Westbound,22.31208994,113.9933928,South West,3.0,98.98146533831465,-0.146805376755622,179.0,-0.13539511892675837,286,-0.04526422331892436,-0.18095797825448146,14.5,2.757575757575758,-0.09529825650344365
AID03112,Sham Shui Po,West Kowloon Highway near Hing Wah Street West - Northbound,22.32897925,114.1495114,North West,3.0,97.8109055173382,-0.14615499488716321,171.0,-0.16946247879841403,232,-0.059379218830981476,-0.24427903543307083,10.5,3.2738028169014086,-0.1315619016292049
AID01103,Southern District,Wong Chuk Hang Road near Aberdeen Technical School - Eastbound,22.24863539,114.1621481,South East,3.0,68.9215058566607,-0.14586005276250869,173.0,-0.15657689739594927,209,-0.04544015324999584,-0.1848808545603946,12.0,2.4761904761904763,-0.11742419938171786
AID09118,Sha Tin,Tai Po Road near Fo Tan Railway House - Northbound,22.39372906,114.1990254,North East,2.0,79.19261569872958,-0.145556364960845,191.0,-0.18600475242136572,229,-0.08824591706316887,-0.22622950819672127,9.0,5.5576923076923075,-0.14480603182571922
AID07232,Sai Kung,Wan Po Road near Chiu Shun Road - Eastbound,22.31274793,114.2645248,South East,2.0,48.5472010496064,-0.14529312848735,191.0,-0.14790371973917116,267,-0.04045176689921155,-0.22162162162162158,13.5,2.1694444444444443,-0.10301451498372664
AID07218,Wong Tai Sin,Lung Cheung Road near Ngau Chi Wan Village Playground - Eastbound,22.33619411,114.2073839,South East,4.0,65.14583333333333,-0.14455214190076737,186.0,-0.1587674016979681,244,-0.03452725991084389,-0.2468199651551124,10.5,4.796875,-0.12995904864280905
AID05227,Kowloon City,Chatham Road North near MTR Ho Man Tin Station - Eastbound,22.30838266,114.1826198,North East,4.0,49.729281767955804,-0.14381163288096455,191.0,-0.1732764675169205,212,-0.04937985331722871,-0.22319098128505577,8.5,7.6125,-0.14767555312011627
AID03207,Yau Tsim Mong,West Kowloon Highway near Olympian City Promenade Park - Southbound,22.32131349,114.1580057,South East,3.0,98.09354120267261,-0.1435443903272665,167.0,-0.19759438529487028,176,-0.051243965282817876,-0.23601637107776263,9.5,3.0754716981132075,-0.1381798038178632
AID07230,Sai Kung,Tseung Kwan O Tunnel Road near Po Hong Park - Eastbound,22.31895619,114.256298,South East,2.0,73.05056158565361,-0.14344254421683467,191.0,-0.16270409081044002,267,-0.04146232990961301,-0.2064293915040184,13.5,5.368189102564102,-0.10116393071321132
AID05201,Tsuen Wan,Tuen Mun Road near Belvedere Garden Phase 1 Car Park -Eastbound,22.3737916,114.101255,North East,3.0,76.96847667638484,-0.14338738606195922,172.0,-0.17770499476822077,184,-0.05011043491687889,-0.1797499757963017,9.5,3.3,-0.13802279955255592
AID05202,Tsuen Wan,Tsuen Wan Road near Hoi Shing Garden - Southbound,22.37201519,114.1070623,South East,2.0,82.4931506849315,-0.1431478091896845,191.0,-0.15660638115761116,211,-0.05163948872283998,-0.19565217391304346,10.0,2.021276595744681,-0.1331689693060037
AID03203,Sham Shui Po,West Kln Hwy near Hoi Lai Estate - Southbound,22.33282441,114.1400755,South East,3.0,93.6433300395257,-0.14215834492397217,167.0,-0.16850156106813452,220,-0.04943048024992959,-0.2395409576573012,10.5,1.8,-0.12756525166601385
AID05210,Kwai Tsing,Kwai Chung Road near Lai King MTR Station - Southbound (2),22.34654674,114.1249568,South,5.0,79.94300518134715,-0.14180693807615996,191.0,-0.1645290072615737,218,-0.046112107205885704,-0.1136094674556214,13.0,1.9102272727272727,-0.10414257794681411
AID07213,Wong Tai Sin,Lung Cheung Road near Meridain Hill - Eastbound,22.3426265,114.1858733,South East,3.0,67.01408450704226,-0.141778190505086,191.0,-0.17349918108758777,245,-0.035461949582278066,-0.1918604651162792,8.0,5.489583333333334,-0.1502563641185152
AID04117,Eastern District,Island Eastern Corridor near Heng Fa Chuen - Eastbound (2),22.27876033,114.2366555,South East,2.0,59.14758620689655,-0.1408880137317713,191.0,-0.1631957841556274,239,-0.026667894656169897,-0.19987228607918273,11.0,3.5125,-0.12168066709953547
AID04110,Eastern District,Island Eastern Corridor near Quarry Bay Park Phase 2 - Eastbound,22.29116665,114.2117894,South East,5.0,72.90432098765432,-0.14083250174943873,167.0,-0.1646878141359659,204,-0.03946929085969372,-0.17259552042160742,11.0,2.8875,-0.12162515511720291
AID09119,Sha Tin,Tai Po Road near Sha Tin Racecourse - Northbound (1),22.39768407,114.2014539,North East,3.0,78.36508651551313,-0.1406380981194978,173.0,-0.21125031961599094,219,-0.08151614213386732,-0.18877731836975797,9.0,5.7063492063492065,-0.139887764984372
AID01119,Kowloon City,Waterloo Road near Durham Road - Northbound,22.33252153,114.1787672,North,3.0,42.98969072164948,-0.1404870862322809,191.0,-0.1912519109903177,213,-0.05513649532998152,-0.3007293007293005,8.5,7.834259259259259,-0.14435100647143262
AID01211,Kowloon City,Princess Margaret Road near Oi Man Estate - Southbound(2),22.31041465,114.1782331,South East,3.0,63.588886436375674,-0.13974735275666939,191.0,-0.17838754777203647,213,-0.012517710082378727,-0.17193763919821836,8.5,3.2,-0.1436112729958211
AID07104,Sai Kung,Tseung Kwan O Tunnel Road near Tseung Kwan O Tunnel Portal - Westbound,22.31924529,114.2560361,North West,3.0,72.07860262008734,-0.1394253937186989,189.0,-0.15018380781396945,265,-0.03997238320264138,-0.24835164835164825,13.5,3.7333333333333334,-0.09714678021507554
AID07105,Kwun Tong,Tseung Kwan O Road near Lin Tak Road - Westbound,22.31483643,114.2398543,South West,2.0,67.98150990099009,-0.13916132311909646,170.0,-0.14985663513792125,188,-0.04740556666151103,-0.28097072137850476,7.5,5.676587301587302,-0.15225375010680317
AID09113,Sha Tin,Shing Mun Tunnel Road near Chung Ling Road - Eastbound,22.3780897,114.1793504,South East,1.0,74.34532374100719,-0.13873121869782967,191.0,-0.1628555424522472,214,-0.05825960116386612,-0.16162420382165588,9.0,5.5,-0.13798088556270388
AID07229,Sai Kung,Tseung Kwan O Tunnel Road near Tseung Kwan O Tunnel Portal - Eastbound,22.3212342,114.2514463,East,2.0,74.76896551724138,-0.13724770100816197,191.0,-0.16297467969978152,265,-0.04130916289190941,-0.24612403100775204,13.5,5.96875,-0.09496908750453863
AID09153,North District,Fanling Highway near Choi Yuen Estate Choi Lai House - Eastbound,22.49983891,114.1244528,South East,3.0,85.59130434782608,-0.13710250809953972,172.0,-0.21614551798957626,213,-0.09282204135520793,-0.13505791544620482,5.0,1.5601851851851851,-0.17326620195863396
AID02207,Kwun Tong,Kwun Tong Bypass near Vehicle Examination Centre - Southbound,22.31706671,114.2104759,East,3.0,80.88180511947209,-0.13703360833967837,173.0,-0.1484086516329005,206,-0.03604732942733221,-0.2143617021276596,13.5,4.185185185185185,-0.09475499483605503
AID05204,Tsuen Wan,Tsuen Wan Road near Tsuen Wan Sports Centre - Sorthbound,22.36650902,114.1130071,South East,3.0,77.08280818131564,-0.13662305872348013,191.0,-0.1853050871015567,211,-0.05859687552031593,-0.1823899371069182,10.0,3.8375,-0.12664421883979932
AID03201,Tsuen Wan,Tsing Long Highway near Tai Lam Tunnel exit to Kowloon - Southbound,22.37390021,114.0696886,South East,3.0,81.15078692493947,-0.13648993586348224,172.0,-0.1472873099544284,180,-0.044296063423076786,-0.1512272389446303,9.5,1.6666666666666667,-0.13112534935407893
AID07132,Sham Shui Po,Ching Cheung Road near CLP Substation - Westbound,22.34105189,114.1429371,South West,3.0,64.16044626397846,-0.1364266043356578,167.0,-0.14788735380556428,220,-0.03989733152400879,-0.18870849310598015,10.5,5.533333333333333,-0.12183351107769948
AID03103,Central & Western District,Connaught Road West near Sun Yat Sen Memorial Park - Northbound (1),22.28851255,114.1463558,West,2.0,76.96610169491525,-0.13620164363848952,191.0,-0.1574125692351661,212,-0.047625379145318975,-0.14621968616262482,11.5,3.607142857142857,-0.11238004363197619
AID04119,Eastern District,Island Eastern Corridor near HKIVE (Chai Wan) - Southbound,22.27116465,114.2390779,South West,2.0,69.1,-0.1361098996947231,191.0,-0.15292780130558725,242,-0.053005002152993225,-0.15994166261545928,11.0,0.8819444444444444,-0.11690255306248727
AID05211,Kwai Tsing,Kwai Chung Road near Hong Chi Winifred Mary Cheung Morninghope School - Southbound,22.34401896,114.1274235,South East,5.0,78.8510508617066,-0.1360119152659729,174.0,-0.163751603954144,206,-0.04131045723377062,-0.20991977969348663,11.5,2.84,-0.11219031525945956
AID03119,Yuen Long,Tsing Long Highway near MTR Kam Sheung Road Station - Northbound (1),22.43195249,114.0627667,North West,3.0,102.8653067580193,-0.13524452490307093,174.0,-0.1652291470277777,147,-0.062361324868169574,-0.17326753360207225,6.25,1.4990571967316153,-0.15987258532647142
AID05129,Tsuen Wan,Tsuen Wan Road near Wing Kin Industrial Building - Nouthbound,22.35851063,114.1201757,North West,3.0,59.4261758415048,-0.13502428752814488,191.0,-0.16006950438091738,211,-0.054799358909053714,-0.16190476190476188,10.0,5.788095238095238,-0.12504544764446407
AID03111,Sham Shui Po,West Kowloon Highway near Nam Cheong MTR Station - Northbound,22.32713749,114.152511,North West,3.0,99.54934210526316,-0.13471413737555415,191.0,-0.13274322079953094,246,-0.059152765685572095,-0.21509998131190433,10.5,2.9782608695652173,-0.12012104411759585
AID03109,Yau Tsim Mong,West Kowloon Highway near Olympic MTR Station - Northbound (2),22.31936301,114.159093,North West,3.0,92.32227439771336,-0.13454165281568864,191.0,-0.18428260591316392,194,-0.06058791445727728,-0.19333408399954954,8.5,3.6527777777777777,-0.13840557305484036
AID07113,Kwun Tong,Kwun Tong Road near Kowloon Bay St. John the Baptist Catholic Primary School - Westbound,22.32855321,114.2124102,North West,4.0,57.88728376052894,-0.13395024283320844,191.0,-0.1620445662897374,219,-0.037833318983764026,-0.2080291970802921,8.5,4.410714285714286,-0.13781416307236016
AID04213,Eastern District,Island Eastern Corridor near Quarry Bay Park Phase 1 - Westbound (2),22.28910676,114.2157675,North West,3.0,66.37651515151515,-0.1334811768228178,167.0,-0.17736512660500625,204,-0.05210189897838908,-0.3015267175572518,11.0,3.523148148148148,-0.11427383019058197
AID02213,Kwun Tong,Kwun Tong Bypass near Manulife Financial Centre - Eastbound,22.30638009,114.2241963,North East,3.0,75.36470221668299,-0.13321319214085237,173.0,-0.13835524255803833,217,-0.042963082815303026,-0.19047619047619058,13.5,3.755952380952381,-0.09093457863722902
AID03202,Kwai Tsing,Tsing Kwai Highway near China Resources Int'l Logistics Centre - Southbound,22.33462042,114.1356001,South East,4.0,96.21247412008282,-0.13188758046654936,167.0,-0.17394092302384478,184,-0.051284327384318616,-0.18050113425448544,11.5,3.1640625,-0.10806598046003603
AID02205,Kwun Tong,Kwun Tong Bypass near Trade & Exhibition Centre - Southbound,22.32376857,114.2043431,South,2.0,93.68950926569654,-0.13164223735914493,191.0,-0.15544239057270703,221,-0.03785515376118621,-0.24836344798354804,8.5,2.8214285714285716,-0.13550615759829665
AID07121,Kowloon City,Lung Cheung Road near RTHK - Westbound,22.34317745,114.184223,North West,3.0,63.565,-0.13154481999456813,191.0,-0.1569381642535107,213,-0.02166894427850627,-0.19999999999999996,8.5,5.476190476190476,-0.13540874023371985
AID02214,Kwun Tong,Kwun Tong Bypass near Sunbeam Centre - Eastbound,22.30851925,114.2277976,North East,4.0,78.01445107187149,-0.13083379075123847,172.0,-0.14890279230982362,215,-0.03786049749908374,-0.16675505120378276,13.5,3.272727272727273,-0.08855517724761512
AID07129,Sham Shui Po,Lung Cheung Road near Monte Carlton - Westbound,22.3427697,114.154479,South West,3.0,68.18269653198429,-0.130614320255656,170.0,-0.15728460971452873,232,-0.03490934397873906,-0.16085693536673928,10.5,6.095238095238095,-0.1160212269976977
AID05207,Kwai Tsing,Tsuen Wan Road near Kwai Chung Park - Southbound,22.35655172,114.1222833,South East,3.0,76.83241634852908,-0.13018678714116672,173.0,-0.17305157945897487,204,-0.045429186296221,-0.1899710703953712,11.5,4.0292658730158735,-0.10636518713465339
AID07114,Kwun Tong,Kwun Tong Road near Choi Shek Lane - Westbound,22.33063978,114.2100229,North West,6.0,62.032256194834375,-0.13002744336721395,191.0,-0.148857205333911,221,-0.046799374108395006,-0.15065126566724008,8.5,3.1044372294372296,-0.13389136360636567
AID01217,Southern District,Aberdeen Tunnel near Toll Plaza - Westbound,22.250597,114.177565,South West,4.0,80.65183895847017,-0.12972292739853075,173.0,-0.15237670657833502,206,-0.036005990770078,-0.2244541484716156,12.0,2.489583333333333,-0.10128707401773993
AID01118,Kowloon City,Waterloo Road near Kowloon Tong Club - Northbound,22.32843068,114.178476,North,3.0,56.41179653679654,-0.1293803244509082,173.0,-0.16360592163526233,208,-0.02334720641955033,-0.272189349112426,10.0,4.324074074074074,-0.11940148456722738
AID05123,Sham Shui Po,Kwai Chung Road near Delia Memorial School (Glee Path) - Northbound,22.3370778,114.1400162,North West,3.0,76.2045312463139,-0.1293228389601342,191.0,-0.14002602265631348,246,-0.04123044322638546,-0.14197530864197527,10.5,3.013888888888889,-0.11472974570217588
AID04101,Central & Western District,Shing Sai Road near Kennedy Town Swimming Pool - Eastbound,22.28659457,114.131461,North East,3.0,60.36309523809524,-0.12923740166666198,172.0,-0.13042488294474175,196,-0.03245837050461183,-0.24815842805533528,12.0,0.9854497354497355,-0.10080154828587115
AID01114,Kowloon City,Princess Margaret Road near Oi Man Estate - Northbound,22.31330444,114.1769423,North East,3.0,66.59813084112149,-0.12884638051310315,191.0,-0.14508868890573556,211,-0.04204320885595392,-0.2309182146315698,8.5,3.185185185185185,-0.13271030075225487
AID03209,Yau Tsim Mong,West Kowloon Highway near Hoi Fai Road Promenade - Southbound,22.31687971,114.1601707,South East,3.0,87.31929824561404,-0.12859980139026828,167.0,-0.1754726082695658,173,-0.020145555121501374,-0.2398190045248868,9.5,3.9513888888888893,-0.12323521488086497
AID02122,Sha Tin,Tate's Cairn Highway near Rowing Centre - Northbound,22.3965898,114.2102328,North East,3.0,86.39441916612499,-0.1284493127583568,191.0,-0.143562722026366,226,-0.052566433453500136,-0.19075144508670516,9.0,2.3854166666666665,-0.127698979623231
AID05222,Yau Tsim Mong,West Kowloon Corridor near Cherry Street Park - Southbound (2),22.31487545,114.1667417,South,3.0,68.98514851485149,-0.12839061618190306,172.0,-0.15227906517608158,177,-0.04484998134924658,-0.16822528024827488,9.0,1.7424242424242424,-0.12764028304677727
AID09202,Tsuen Wan,Cheung Pei Shan Road near Wo Yi Hop Road Interchange - Westbound,22.38072981,114.1332949,South West,2.0,85.40384615384616,-0.12837925258678284,167.0,-0.17674815551263856,164,-0.04908875124625095,-0.14321192052980136,10.0,2.159090909090909,-0.11840041270310203
AID07134,Sham Shui Po,Ching Cheung Road near Ching Lai Court - Westbound,22.33937063,114.1361035,South West,2.0,66.87051282051283,-0.1281966200166913,191.0,-0.123923657646959,241,-0.04271684936232828,-0.19854280510018218,10.5,1.75,-0.11360352675873299
AID04106,Eastern District,Island Eastern Corridor near Provident Centre - Eastbound,22.29326424,114.1971658,North East,3.0,76.5835348116807,-0.12812769392919288,167.0,-0.1549774019661746,204,-0.055271562610999275,-0.24878048780487794,11.0,4.813657407407407,-0.10892034729695706
AID07224,Kwun Tong,Kwun Tong Road near Kwun Tong Road Rest Garden - Eastbound,22.31462607,114.2204624,South East,4.0,54.70577770247374,-0.12798843998168719,171.0,-0.14253297451714364,211,-0.037604467250931306,-0.20398329585608743,13.5,4.75,-0.08570982647806384
AID04218,Central & Western District,Connaught Road West Flyover near Shun Tak Centre - Westbound,22.2875291,114.1515281,North West,3.0,71.65338522362244,-0.12782157932123583,191.0,-0.16285781527968024,212,-0.05389711975812503,-0.17148061410356485,11.5,4.071428571428571,-0.1039999793147225
AID07228,Kwun Tong,Tseung Kwan O Road near Tsui Ping (South) Estate - Eastbound,22.31221936,114.2350392,North East,3.0,62.33975276087446,-0.12775632283597005,174.0,-0.14568912132471468,217,-0.02331944884481805,-0.1479443059274992,12.0,6.756410256410256,-0.09932046945517922
AID05208,Kwai Tsing,Tsuen Wan Road near Kwai Shun Street Playground - Southbound,22.35422265,114.1247501,South East,4.0,69.68571428571428,-0.1271664837720079,191.0,-0.17013443407019402,218,-0.047781572492826316,-0.18267419962335207,13.0,3.3863636363636362,-0.08950212364266205
AID07215,Wong Tai Sin,Lung Cheung Road near Tropicana Gardens - Eastbound,22.34172245,114.1969495,East,3.0,69.50979935877547,-0.12671325553363966,191.0,-0.1481176778637887,242,-0.037772558915078205,-0.2503496503496503,8.0,4.225274725274725,-0.13519142914706886
AID04121,Eastern District,Island Eastern Corridor near ICAC Headquarters - Eastbound,22.29385898,114.2056182,South East,2.0,89.28387096774193,-0.1263733768494607,167.0,-0.1405054224173592,204,-0.03225622050718875,-0.2941176470588236,11.0,1.359375,-0.10716603021722489
AID01101,Southern District,Aberdeen Praya Road near Abba House - Eastbound,22.248091,114.152525,South East,3.0,65.50574712643679,-0.12636490553818558,167.0,-0.13942528936538534,184,-0.036432651449961315,-0.21538461538461529,12.0,2.111111111111111,-0.09792905215739475
AID02112,Kwun Tong,Kwun Tong Bypass near Kai Tak Fire Station - Northbound,22.316913,114.2113882,West,2.0,90.1219512195122,-0.1262351031559451,191.0,-0.1471693958573228,221,-0.045449503784469485,-0.18333333333333335,8.5,2.996031746031746,-0.13009902339509682
AID04221,Central & Western District,Connaught Road West Flyover near Courtyard - Westbound,22.28817674,114.1384473,South West,2.0,83.34328358208955,-0.12533759940932032,174.0,-0.13893558659481187,206,-0.04354768665782438,-0.18477041473326727,12.0,1.35,-0.0969017460285295
AID08205,Islands District,North Lantau Highway near Caribbean Coast Phase 1 - Eastbound,22.29210812,113.9525261,North East,3.0,91.8938802660754,-0.12493242293607876,179.0,-0.11215732983984461,286,-0.04209031076333794,-0.2587268993839835,14.5,2.6180555555555554,-0.0734253026839004
AID04202,Eastern District,Island Eastern Corridor near Eastern Hospital - Northbound,22.26897061,114.238,North East,2.0,60.09753984753985,-0.12441710098358083,191.0,-0.14356857755913754,240,-0.045050305340215376,-0.22413793103448265,11.0,0.8836805555555556,-0.10520975435134501
AID01214,Wan Chai,Canal Road Flyover near Elizabeth House - Southbound,22.280729,114.180701,South East,3.0,42.28598848368522,-0.12434569020761888,172.0,-0.1647083997852481,203,-0.030290845788843727,-0.19789868425815027,10.5,9.074074074074074,-0.10975259694966057
TDS90005,Sha Tin,Tai Po Road - Sha Tin near Hong Kong Jockey Club Shatin Staff Quarters - Southbound,22.39537248,114.199958,South,3.0,76.42906891220485,-0.12424479340189287,201.0,-0.12547122155477253,235,-0.054948388374861434,-0.21522491349480977,9.0,10.854166666666666,-0.12349446026676707
AID08111,Islands District,North Lantau Highway near MTR Siu Ho Wan Depot - Westbound (2),22.30703196,113.9848395,South West,3.0,85.4396265964707,-0.12347611592162089,179.0,-0.10849758284949285,283,-0.03777928517032762,-0.1823899371069182,14.5,3.2083333333333335,-0.07196899566944254
AID08101,Tsuen Wan,North Lantau Highway near Yan O Wan - Westbound (1),22.32759229,114.0253264,South West,3.0,72.06451565597908,-0.12316332079095282,167.0,-0.14667546256899633,168,-0.07357230018674966,-0.14285714285714302,10.0,3.0703703703703704,-0.11318448090727201
AID05217,Sham Shui Po,West Kowloon Corridor near West Kowloon Law Courts Building - Southbound,22.3316168,114.1534712,South East,2.0,79.21642105263157,-0.12315624741196396,191.0,-0.1507886101954139,246,-0.049688646368167985,-0.18664281454979115,10.5,2.936688311688312,-0.10856315415400565
AID05128,Kwai Tsing,Tsuen Wan Road near Kwai Chung Park - Northbound,22.35607328,114.1228077,North West,3.0,72.3428723693349,-0.12291949187025542,191.0,-0.18180644877342278,218,-0.05531970579909243,-0.18079964850615116,13.0,4.725,-0.08525513174090957
AID09112,Sha Tin,Shing Mun Tunnel Road near Mei Tin Road - Eastbound,22.38000419,114.1772628,South East,2.0,84.06666666666666,-0.12282123244821364,191.0,-0.1633547062588836,217,-0.09008854738137664,-0.163076923076923,9.0,2.45,-0.12207089931308783
AID01202,Kowloon City,Waterloo Road near Warwick Road - Southbound,22.3424,114.17875,South East,2.0,58.58108108108108,-0.12235931974092096,191.0,-0.1364247212231975,213,-0.030491272572646166,-0.08814589665653494,8.5,2.875,-0.12622323998007268
AID04104,Central & Western District,Connaught Road West Flyover near Sun Yat Sen Memorial Park - Eastbound,22.2890808,114.1429302,East,4.0,73.53846153846153,-0.12233098776239004,167.0,-0.1377198444579667,184,-0.03819589177777082,-0.22153846153846157,12.0,1.6294642857142856,-0.09389513438159922
AID02110,Kwun Tong,Kwun Tong Bypass near NEO - Northbound,22.31318224,114.2163274,North West,3.0,92.54518685084057,-0.12225480334669858,173.0,-0.1606310577346619,215,-0.027259909308629142,-0.22264728385615917,13.5,4.005244755244755,-0.07997618984307524
AID07102,Sai Kung,Wan Po Road near Hong Kong Velodrome - Westbound,22.31339861,114.2636323,North West,2.0,68.66666666666666,-0.12193480278196611,167.0,-0.13472356587480738,215,-0.055906131690685576,-0.40987243483083735,13.5,3.05,-0.07965618927834277
AID04211,Eastern District,Island Eastern Corridor near Taikoo Shing - Westbound (2),22.28842864,114.2190375,West,2.0,69.71985294117647,-0.12191209818189308,188.0,-0.14371979492407683,233,-0.03527948632244768,-0.2412698412698413,11.0,0.8416666666666667,-0.10270475154965726
AID05120,Sham Shui Po,West Kowloon Corridor near West Kowloon Law Courts Building - Northbound,22.33148132,114.1533548,North West,2.0,81.26428571428572,-0.12130486469069102,191.0,-0.16172999467529148,246,-0.0473462645933502,-0.1428571428571429,10.5,3.525,-0.10671177143273271
AID08104,Tsuen Wan,North Lantau Highway near Sham Shui Kok Substation - Westbound (1),22.32477045,114.0116823,South West,3.0,99.1703600632172,-0.12080238801842114,191.0,-0.1694685753277202,211,-0.04578952013272451,-0.13469096105752043,10.0,3.501388888888889,-0.11082354813474032
AID05124,Sham Shui Po,Kwai Chung Road near Kwai Chung Interchange - Northbound,22.33798861,114.134774,North West,3.0,84.02873563218391,-0.12077617208797609,191.0,-0.1393534301981424,240,-0.050657628082113236,-0.13261648745519727,10.5,2.927083333333333,-0.10618307883001778
AID05234,Kwun Tong,Kai Fuk Road near Kowloon Bay Vehicle Examination Centre - Eastbound,22.31814115,114.2114273,East,3.0,60.983728813559324,-0.12073196886743087,191.0,-0.12416496793717802,221,-0.032589622084593345,-0.18421052631578938,8.5,0.6,-0.12459588910658258
AID04103,Central & Western District,Connaught Road West Flyover near The Westpoint - Eastbound,22.28899887,114.1399608,North East,2.0,75.25414868105516,-0.12061105143811901,167.0,-0.13605786430497302,184,-0.04044019705029221,-0.2717391304347826,12.0,1.0625,-0.09217519805732818
AID08216,Islands District,North Lantau Highway near Siu Ho Wan Sewage Treatment Works - Eastbound,22.31342831,113.9950313,North East,3.0,102.80350811039665,-0.12043811130224569,179.0,-0.10533506211654953,283,-0.04817703047939527,-0.1675000000000001,14.5,3.4761904761904763,-0.06893099105006734
AID09121,Sha Tin,Tai Po Road near Sha Tin Racecourse - Northbound (3),22.40330041,114.2053202,North East,3.0,79.47190420560747,-0.1203385729266625,191.0,-0.18138036851961226,226,-0.066667664895891,-0.20414629952592678,9.0,4.991341991341992,-0.1195882397915367
AID07130,Sham Shui Po,Ching Cheung Road near Caritas Medical Centre - Westbound,22.34164952,114.1517805,South West,3.0,71.7570748053484,-0.11985997237177393,191.0,-0.14197009656245985,241,-0.046625782485326644,-0.1738281249999999,10.5,5.615079365079365,-0.10526687911381562
AID01116,Kowloon City,Princess Margaret Road near St. John Ambulance Brigade Kowloon Depot - Northbound,22.32074565,114.1786797,North West,2.0,66.74091636323513,-0.11983181363319628,149.0,-0.13558540894957027,174,-0.022612891724330876,-0.2936507936507936,8.0,2.725,-0.12830998724662548
AID08119,Islands District,North Lantau Highway near Caribbean Coast Phase 1 - Westbound,22.29247886,113.9528748,South West,3.0,93.52513966480447,-0.11928582832206902,179.0,-0.11807703640668454,286,-0.05457311043126867,-0.21096071310663567,14.5,3.2962962962962963,-0.06777870806989067
AID05116,Yau Tsim Mong,West Kowloon Corridor West near Cherry Street Park - Northbound (2),22.31847848,114.164179,West,2.0,70.52914798206278,-0.11910821648371595,170.0,-0.12096316712271171,190,-0.04343509045437754,-0.1629338564901771,9.5,2.6944444444444446,-0.11374362997431264
TDS91027,Tuen Mun,Tuen Mun Road near Harrow International School Hong Kong - Eastbound (1),22.3757366,113.9929114,East,3.0,73.09554140127389,-0.11879134440205741,172.0,-0.13686449737836337,121,-0.02842519065627786,-0.2695431409861584,6.0,9.621212121212121,-0.14572653151259665
AID03101,Central & Western District,Connaught Road West Flyover near Tram Depot - Eastbound,22.287996,114.1379233,North East,3.0,66.60215053763442,-0.11869864995178392,167.0,-0.12213610548706655,184,-0.03983534293291638,-0.2338362068965516,12.0,0.8166666666666667,-0.09026279657099309
AID02209,Kwun Tong,Kwun Tong Bypass near MG Tower - Southbound,22.31284803,114.2166476,South East,3.0,94.87139273741707,-0.11862184689073807,191.0,-0.14978894824069855,219,-0.0464020980914338,-0.2053797273119874,8.5,3.197916666666667,-0.12248576712988977
AID01115,Kowloon City,Princess Margaret Road near Yu Chun Keung Memorial College - Northbound,22.31850605,114.1789805,North East,3.0,57.91731296699139,-0.11848171564722143,191.0,-0.15429907940004628,213,-0.04013325552341998,-0.23795180722891573,8.5,3.740740740740741,-0.12234563588637314
AID04215,Eastern District,Island Eastern Corridor near North Point Government Offices - Westbound,22.29288308,114.2087816,North West,4.0,76.89733609385783,-0.11835964284585299,167.0,-0.1391111474660971,204,-0.03788373116271192,-0.21859205776173274,11.0,4.249305555555555,-0.09915229621361717
AID07202,Sham Shui Po,Ching Cheung Road near CLP Substation - Eastbound,22.33995889,114.1415103,North East,3.0,63.55778894472362,-0.11819563317737736,172.0,-0.12906570570312448,238,-0.029515274022718238,-0.21635652761854363,10.5,4.0625,-0.10360253991941905
AID02113,Kwun Tong,Kwun Tong Bypass near MegaBox - Northbound,22.31887341,114.2075548,North West,2.0,89.68663594470046,-0.11810573865088647,174.0,-0.13868933861169885,215,-0.04220677323604086,-0.2225719666397632,12.0,2.174242424242424,-0.08966988527009565
AID08206,Islands District,North Lantau Highway near Ying Tung Estate - Eastbound (1),22.29488468,113.9555688,North East,3.0,96.79399391335483,-0.11808910645255899,179.0,-0.10012444588003155,286,-0.047544554422944085,-0.19791666666666663,14.5,2.5533333333333337,-0.06658198620038064
AID09108,Tsuen Wan,Cheung Pei Shan Road near Wo Yi Hop Road Interchange - Eastbound,22.37997995,114.1321008,North East,3.0,78.80645161290323,-0.11791059350378097,190.0,-0.13743212979522135,207,-0.05278814721556001,-0.13092812904517914,10.0,1.2435185185185187,-0.10793175362010016
AID07225,Kwun Tong,Kwun Tong Road near Hong Ning Road - Eastbound,22.31327052,114.2239074,South East,3.0,42.19718309859155,-0.11782942796600138,191.0,-0.1600691470802803,219,-0.04837963947913532,-0.1188423645320198,8.5,7.173484848484849,-0.12169334820515308
AID02109,Kwun Tong,Kwun Tong Bypass near Kowloon Flour Mills - Northbound,22.31151117,114.2179477,North West,3.0,93.97628474328019,-0.11770732595999589,191.0,-0.16163401258965893,221,-0.05449345836632721,-0.17630564318261455,8.5,3.9722222222222223,-0.1215712461991476
AID08108,Tsuen Wan,North Lantau Highway near HK Police Vehicle Pound - Westbound,22.31529949,113.9966885,South West,3.0,103.15125047128315,-0.11741781157045339,191.0,-0.15611980562920202,211,-0.06785906954278982,-0.13686313686313667,10.0,3.3240740740740744,-0.10743897168677258
AID09123,Sha Tin,Tolo Highway near Ma Liu Shui Weigh Station - Northbound,22.40907864,114.211848,North East,3.0,90.18959107806691,-0.11731638608511619,191.0,-0.1345549460146459,229,-0.05223237744183427,-0.12957124842370749,9.0,4.148148148148148,-0.11656605294999038
AID02106,Kwun Tong,Kwun Tong Bypass near Laguna City - Westbound,22.30812221,114.2267978,South West,3.0,78.93636363636364,-0.11728091771178639,188.0,-0.13429820514086976,219,-0.04201275840658368,-0.19287157731093663,8.5,2.9562289562289563,-0.1211448379509381
AID01132,Sha Tin,Sha Tin Road near Prince of Wales Hospital - Northbound,22.3809075,114.2005981,North East,3.0,87.9781334231806,-0.11661119316733948,191.0,-0.15607654968265128,227,-0.053341775399757665,-0.1633986928104575,9.0,2.090909090909091,-0.11586086003221367
AID07124,Sham Shui Po,Lung Cheung Road Lookout - Westbound,22.34324978,114.1716905,West,3.0,54.827510917030565,-0.11645987223976362,191.0,-0.11555038095127257,240,-0.030639002032167878,-0.1763565891472868,10.5,5.4393939393939394,-0.10186677898180531
AID02210,Kwun Tong,Kwun Tong Bypass near Kowloon Flour Mills - Southbound,22.3111589,114.2182776,South East,3.0,85.9589026241596,-0.11645539628006163,189.0,-0.15095265577580685,221,-0.0470563069952586,-0.18783542039356016,8.5,2.9166666666666665,-0.12031931651921333
AID05117,Yau Tsim Mong,West Kowloon Corridor West near Fuk Tsun Street - Northbound,22.32277686,114.161985,North,2.0,73.23605150214593,-0.11632772747282005,174.0,-0.14706730625604902,190,-0.03891054104082486,-0.15192936899506626,9.5,4.095238095238095,-0.11096314096341675
AID02115,Kwun Tong,Kwun Tong Bypass near Kowloon Bay Park - Northbound,22.32760644,114.2051204,North East,2.0,77.11293228899162,-0.11628858462704939,191.0,-0.12508626198297257,219,-0.032318026275060835,-0.20062695924764906,8.5,2.964160839160839,-0.12015250486620109
AID03106,Yau Tsim Mong,West Kowloon Highway near Centenary Substation - Northbound,22.30780401,114.1607347,North East,3.0,109.46243237828091,-0.11628396415556208,173.0,-0.14089220626013366,190,-0.046991037505039676,-0.08424105215495925,9.5,1.5,-0.11091937764615878
AID01133,Sha Tin,Sha Tin Road near Shing Mun River - Northbound(1),22.38371,114.20142,North East,2.0,88.35459770114943,-0.1160537573518281,101.0,-0.12630925878617583,155,-0.054910421093407796,-0.13214990138067073,7.0,2.2142857142857144,-0.13376043771381232
AID04219,Central & Western District,Connaught Road West Flyover near Sheung Wan Fire Station - Westbound,22.28842253,114.1479666,West,3.0,62.78202593083613,-0.1158422819173286,191.0,-0.13358353409627366,212,-0.035804235793978234,-0.14197530864197538,11.5,2.7976190476190474,-0.09202068191081526
AID08220,Tsuen Wan,North Lantau Highway near Tung Yip Hang - Eastbound (3),22.32410918,114.0096836,North East,3.0,103.23591549295774,-0.11582592739184427,191.0,-0.1439635688870584,211,-0.03873121590768888,-0.1635331946283337,10.0,3.511904761904762,-0.10584708750816346
AID04122,Eastern District,Island Eastern Corridor near North Point Government Offices - Eastbound,22.29319937,114.2076948,South East,3.0,76.19211822660098,-0.11579516884412833,167.0,-0.12750502042341383,204,-0.031215913196020025,-0.234375,11.0,2.4285714285714284,-0.09658782221189251
AID02211,Kwun Tong,Kwun Tong Bypass near Kwun Tong Ferry - Eastbound,22.3086298,114.2202955,South East,3.0,81.63092805840424,-0.11550906269216132,163.0,-0.15997517853468401,205,-0.04423137950901397,-0.19128880221030387,13.5,3.5625,-0.07323044918853798
AID07222,Kwun Tong,Kwun Tong Road near Sheung Yee Road - Eastbound,22.31898025,114.2147955,South,3.0,61.0,-0.11514188377991874,173.0,-0.13494380751693513,213,-0.04120716922548004,-0.21875,10.5,3.8518518518518516,-0.10054879052196043
AID07208,Sham Shui Po,Lung Cheung Road near Block 15 Beacon Heights Phase 2 - Eastbound,22.3419581,114.1655748,East,3.0,67.30790960451978,-0.11505404836156341,191.0,-0.13381889803142,243,-0.045637951070695015,-0.22148288973384023,10.5,11.402777777777779,-0.1004609551036051
AID01131,Sha Tin,Sha Tin Road near Sha Tin Wai New Village - Northbound,22.37624602,114.1986634,North East,2.0,89.91187870497036,-0.11504093604501864,191.0,-0.13058158315700774,228,-0.05147042495535567,-0.17735849056603803,9.0,2.3715277777777777,-0.11429060290989283
AID08222,Tsuen Wan,North Lantau Highway near Yan O Wan - Eastbound (1),22.32494041,114.0191172,East,3.0,90.90677966101696,-0.1141842964171178,191.0,-0.13028789916650396,205,-0.0391366923355548,-0.16434540389972163,10.0,3.1944444444444446,-0.10420545653343699
AID08213,Islands District,North Lantau Highway near MTR Siu Ho Wan Depot - Eastbound (1),22.3059191,113.9830747,North East,3.0,99.2284121481788,-0.11418394958467648,179.0,-0.099400397499247,286,-0.03799331219762217,-0.21521393590514648,14.5,1.7142857142857142,-0.06267682933249813
AID04212,Eastern District,Island Eastern Corridor near Quarry Bay Park Phase 1 - Westbound (1),22.28844642,114.2201049,West,6.0,73.22374768089054,-0.11404295492093453,167.0,-0.13758554902622921,204,-0.04278550693903294,-0.25189357156729464,11.0,1.4324074074074074,-0.0948356082886987
AID07107,Kwun Tong,Tseung Kwan O Road near Yau Tong Telephone Exchange - Westbound,22.31032431,114.2310496,South West,3.0,55.48608857808858,-0.11397022550768243,191.0,-0.14510424531041288,219,-0.026937180546584866,-0.18632075471698117,8.5,4.738095238095238,-0.11783414574683414
AID01117,Kowloon City,Waterloo Road near St. George Apartments - Northbound,22.32435789,114.1783109,North,4.0,62.232091690544415,-0.11389982693879175,191.0,-0.13999874006877744,213,-0.035941468837910204,-0.2828791469194313,8.5,3.533333333333333,-0.11776374717794345
AID07120,Wong Tai Sin,Lung Cheung Road near Tin Ma Court - Westbound,22.3425452,114.1863101,West,3.0,62.31186289884794,-0.1138978294847951,174.0,-0.15999872766776158,239,-0.04229897947898551,-0.1769458279791425,10.5,6.46969696969697,-0.09930473622683679
AID04203,Eastern District,Island Eastern Corridor near HKIVE (Chai Wan) - Northbound,22.27167045,114.2388744,North East,3.0,75.12689138576779,-0.11382822687860183,191.0,-0.14437060655676026,242,-0.03979571045659587,-0.19811320754716977,11.0,1.3958333333333333,-0.09462088024636602
TDSNCWBR20003,Kwun Tong,New Clear Water Bay Road near New Clear Water Bay Road Sitting-out Area - Westbound,22.33410401,114.2241765,West,1.0,74.95098039215686,-0.11358140825026997,169.0,-0.11293265763307814,210,-0.036056811948575136,-0.1964285714285714,10.5,5.728571428571429,-0.09898831499231166
AID03121,Yuen Long,Tsing Long Highway near Kam Tin Road - Northbound (1),22.43745767,114.0580606,North West,3.0,93.390625,-0.1134324225794009,172.0,-0.14619430549941603,135,-0.06232856692539754,-0.14470049391439077,6.5,1.6102564102564103,-0.13575335631566263
AID01201,Wong Tai Sin,Lion Rock Tunnel Road near Exit to Kowloon - Southbound,22.34566999,114.1815632,South,2.0,53.52871287128713,-0.11317275928627657,190.0,-0.14155329752923107,242,-0.025825117036140592,-0.1834464043419266,8.0,7.35,-0.12165093289970579
AID01216,Wan Chai,Wong Nai Chung Gap Flyover near Racecourse - Southbound,22.27331682,114.1796008,South East,2.0,77.82142857142857,-0.1129971632308081,191.0,-0.1267019886350399,207,-0.03410820451290317,-0.19886363636363635,10.0,3.05,-0.1030183233471273
AID05122,Sham Shui Po,Kwai Chung Road near Lai Chi Kok Fire Station- Northbound,22.3363472,114.1441031,North West,2.0,67.82709293394777,-0.11283740202300019,191.0,-0.1312961114134641,242,-0.028941446343531727,-0.12772585669781933,10.5,3.2797619047619047,-0.09824430876504188
AID05220,Yau Tsim Mong,West Kowloon Corridor near Fuk Keung Indistrial Building - Southbound,22.32209082,114.1654599,South East,2.0,65.82430555555555,-0.11271489024067716,189.0,-0.14316473468004265,187,-0.04284494184721935,-0.13714006832601267,7.0,2.067708333333333,-0.13042157060266138
AID08218,Tsuen Wan,North Lantau Highway near Tung Yip Hang - Eastbound (1),22.32018982,114.0010597,North East,3.0,101.04225352112677,-0.11251667302811752,173.0,-0.12331596378130372,194,-0.039054163605599025,-0.16411609498680735,9.5,2.702127659574468,-0.10715208651871422
AID03117,Yuen Long,Tsing Long Highway near MTR Pat Heung Maintenance Centre - Northbound (1),22.4234468,114.0642015,North,3.0,84.3705049880133,-0.11224923387542618,178.0,-0.15605477113860977,146,-0.06992526607522909,-0.2240131384269397,6.5,1.744047619047619,-0.1345701676116879
AID04108,Eastern District,Island Eastern Corridor near ICAC Headquarters - Eastbound,22.29412091,114.2054048,South East,2.0,84.99008967043204,-0.11215575259053512,167.0,-0.13041959286114602,204,-0.02943716667703048,-0.19685039370078738,11.0,4.96875,-0.0929484059582993
AID02108,Kwun Tong,Kwun Tong Bypass near Kwun Tong Ferry - Westbound,22.30788913,114.2208679,North West,3.0,89.05571127028617,-0.11197293639225825,167.0,-0.148093354378924,211,-0.03920966785837441,-0.24528301886792447,13.5,3.776190476190476,-0.0696943228886349
AID07122,Kowloon City,Lung Cheung Road near Lung Cheung Road Park - Westbound,22.34402646,114.1802138,West,3.0,58.779836916234245,-0.1113419303850306,191.0,-0.1206197568161389,213,-0.028602712121412036,-0.16052631578947374,8.5,4.944444444444445,-0.1152058506241823
AID02206,Kwun Tong,Kwun Tong Bypass near MegaBox - Southbound,22.31925276,114.2072249,South East,2.0,95.12258064516129,-0.11130951158018432,172.0,-0.12546343107516011,215,-0.03721947063280686,-0.2118058209550986,13.5,2.85625,-0.06903089807656097
AID08212,Islands District,North Lantau Highway near Tai Ho Wan - Eastbound (5),22.30343091,113.9791089,North East,3.0,92.25911201801296,-0.11129594627659756,179.0,-0.09465023153826357,286,-0.035333785767046225,-0.1915204678362572,14.5,1.5208333333333333,-0.0597888260244192
AID07227,Kwun Tong,Tseung Kwan O Road near Kwun Tong Swimming Pool - Eastbound,22.31101949,114.2315933,North East,2.0,47.31182795698925,-0.11068987528426022,172.0,-0.11800835437805302,217,-0.022772532963264275,-0.20761336113860862,13.5,5.136363636363637,-0.06841126178063688
AID05104,Kwun Tong,Kai Fuk Road near Kowloon Bay Vehicle Detention and Examination Centre - Westbound,22.3188824,114.2077975,North West,3.0,60.601941747572816,-0.11020570122197393,188.0,-0.12079388072411046,211,-0.029453578432957365,-0.17500304158454383,8.5,2.5227272727272725,-0.11406962146112563
AID05132,Tsuen Wan,Tsuen Wan Road near Tsuen Wan Sports Centre - Northbound,22.36634641,114.1128615,North West,3.0,79.13617801215473,-0.11010878624732312,191.0,-0.1464067334499204,211,-0.0602196056417141,-0.15215946843853834,10.0,4.269230769230769,-0.10012994636364231
AID07209,Sham Shui Po,Lung Cheung Road Beacon Heights - Eastbound (2),22.34224732,114.1699626,North East,4.0,63.23753665689149,-0.10992091969342344,191.0,-0.14597459918641886,246,-0.03345233537554209,-0.19294710327455944,10.5,3.131696428571429,-0.09532782643546513
AID08103,Tsuen Wan,North Lantau Highway near Sunny Bay Beach - Westbound,22.32500998,114.0163896,West,3.0,82.38650620603033,-0.1093426282604093,171.0,-0.1343193356680048,197,-0.049680017241275375,-0.1508474576271186,9.5,3.3064814814814816,-0.103978041751006
AID08110,Islands District,North Lantau Highway near Siu Ho Wan Gov. Vehicle Centre - Westbound,22.30943884,113.988893,South West,3.0,92.29682349415643,-0.1091882656164026,167.0,-0.08685599629159957,240,-0.043249496503356556,-0.1518324607329843,14.5,3.2152777777777777,-0.057681145364224244
AID04207,Eastern District,Island Eastern Corridor near Aldrich Garden - Westbound,22.28126407,114.2301845,South West,2.0,73.24,-0.10915407414605716,167.0,-0.12324125948884368,204,-0.028181510709865045,-0.21238938053097367,11.0,2.2590909090909093,-0.08994672751382134
AID07231,Sai Kung,Wan Po Road near Tseung Kwan O Tunnel Road - Eastbound,22.31563079,114.260557,South East,2.0,81.76898231494229,-0.10875576353057415,167.0,-0.12369609370378398,215,-0.0301066149920584,-0.24620060790273546,13.5,1.6495535714285714,-0.0664771500269508
AID05126,Kwai Tsing,Kwai Chung Road near Lai King MTR Station - Nouthbound,22.34817223,114.124898,North East,3.0,77.21052631578948,-0.10872734285557284,191.0,-0.14251561544017655,218,-0.045385108972349805,-0.11742660836976881,13.0,4.875,-0.07106298272622699
AID04222,Eastern District,Island Eastern Corridor near EHC - Westbound,22.28951355,114.2140112,North West,1.0,61.52302631578947,-0.10865004235305498,162.0,-0.12231136734350812,196,-0.04600313512374742,-0.3097645888594165,11.25,0.5,-0.0871355690336804
AID02119,Sha Tin,Tate's Cairn Highway near HK School of Motoring - Northbound,22.38236672,114.2103459,North East,2.0,83.76691729323308,-0.1084911625307804,189.0,-0.12869117612295622,229,-0.051430186056487345,-0.18243243243243235,9.0,2.966517857142857,-0.10774082939565459
AID05213,Sham Shui Po,Kwai Chung Road near Delia Memorial School (Glee Path) - Southbound,22.33717701,114.1394628,South East,3.0,75.12990936555892,-0.10804612652749579,191.0,-0.12975974429497894,238,-0.049193959573186494,-0.1675000000000001,10.5,2.236111111111111,-0.09345303326953748
AID05226,Yau Tsim Mong,Gascoigne Road near Gun Club Hill Barracks - Eastbound,22.30599868,114.1778352,South East,4.0,54.68802228412256,-0.10784084635433389,191.0,-0.1301997453223902,191,-0.015903694361916555,-0.17699115044247793,8.5,4.244791666666666,-0.11170476659348559
AID08223,Tsuen Wan,North Lantau Highway near Yan O Wan - Eastbound (2),22.32582877,114.0226202,North East,3.0,90.66539923954373,-0.10769356289871279,191.0,-0.12476315839109309,210,-0.04638706803962362,-0.1506758984503792,10.0,3.908333333333333,-0.09771472301503198
AID02123,Sha Tin,Tate's Cairn Highway near Shatin Hospital - Northbound,22.39997576,114.2124769,North East,3.0,91.05851393188854,-0.10730313122383917,173.0,-0.13777879846679275,221,-0.05773143524509711,-0.2034817813765183,9.0,2.8333333333333335,-0.10655279808871336
AID01220,Southern District,Wong Chuk Hang Road Flyover near Cheung Tak Industrial Building - Westbound,22.2482744,114.1650487,North West,2.0,75.9017094017094,-0.1071696768587811,190.0,-0.13727565843591816,213,-0.0384995665128283,-0.23380821917808214,10.0,2.0625,-0.09719083697510028
AID10102,Tuen Mun,Kong Sham Western Highway near Fuk Hang Tsuen - Northbound (2),22.41909752,113.9899405,South West,3.0,70.6875,-0.10715142076402218,191.0,-0.15017280817569478,144,-0.0425359482045501,-0.18274687854710558,7.0,1.4776785714285716,-0.1248581011260064
AID08208,Islands District,North Lantau Highway near Tai Ho Wan - Eastbound (1),22.29737647,113.9618048,North East,3.0,99.83208955223881,-0.10702571845569098,173.0,-0.09020756579508382,272,-0.034296260778811344,-0.20558659217877084,14.5,2.437606837606838,-0.05551859820351262
AID04109,Eastern District,Island Eastern Corridor near North Point Government Offices - Eastbound,22.29318113,114.2085875,South East,2.0,70.75179856115108,-0.1069185870108853,191.0,-0.14189836996668448,240,-0.033524753706957615,-0.16145833333333337,11.0,3.76875,-0.08771124037864948
AID08215,Islands District,North Lantau Highway near MTR Siu Ho Wan Depot - Eastbound (3),22.31047944,113.9907065,North East,3.0,101.16203703703704,-0.10644408179149045,172.0,-0.09522921062034584,280,-0.03821352523788841,-0.16025162626982714,14.5,3.5227272727272725,-0.054936961539312094
AID02120,Sha Tin,Tate's Cairn Highway near HKBU (Shek Mun) - Northbound,22.3877668,114.2111629,North,4.0,78.856,-0.1063275084554679,191.0,-0.11403348554033488,223,-0.04559030808259816,-0.1589805825242716,9.0,1.9722222222222223,-0.1055771753203421
AID05118,Sham Shui Po,West Kowloon Corridor near Tung Chau Street Park - Northbound,22.3267487,114.1595036,North West,2.0,68.85047064225449,-0.10623401219398432,191.0,-0.1371042778314926,246,-0.03063726900494153,-0.15073529411764708,10.5,4.7727272727272725,-0.09164091893602601
AID03204,Sham Shui Po,West Kowloon Highway near Hing Wah Street West - Southbound,22.32936742,114.1486862,South East,3.0,95.94509105917557,-0.10619064328673966,167.0,-0.12688514258704897,217,-0.05232956736148593,-0.3070853197435476,10.5,2.057449494949495,-0.09159755002878135
AID01111,Kowloon City,Hong Chong Road near The Hong Kong Polytechnic University - Northbound (1),22.30412026,114.1809989,North East,4.0,58.498703527524384,-0.10567071273869821,170.0,-0.1292795953571324,205,-0.028954283530207254,-0.20711281025183537,10.0,5.7625,-0.0956918728550174
AID08105,Tsuen Wan,North Lantau Highway near Sham Shui Kok Substation - Westbound (2),22.32306814,114.0072583,South West,3.0,89.0171568627451,-0.10555449440927511,191.0,-0.13191632483479943,205,-0.05070662314212239,-0.1584699453551912,10.0,3.3333333333333335,-0.0955756545255943
AID01121,Kowloon City,Waterloo Road near Kowloon East Barracks(2) - Northbound,22.33848171,114.1791459,North,2.0,69.33322778547398,-0.10552124333954016,191.0,-0.12021415008618519,211,-0.03399459464225471,-0.24001299123091924,8.5,3.386904761904762,-0.10938516357869187
AID05133,Tsuen Wan,Tsuen Wan Road near Tsuen Wan West MTR Station - Northbound,22.36950582,114.1096948,North West,2.0,84.34571280991736,-0.10547426258757508,191.0,-0.1318146603480823,210,-0.04284092145657433,-0.14209827357237714,10.0,2.9274475524475525,-0.09549542270389427
AID01113,Yau Tsim Mong,Princess Margaret Road near Parc Palais- Northbound,22.31029,114.17816,North West,3.0,66.2170575221239,-0.10497965685805721,168.0,-0.13387852711940107,176,-0.031742179527757854,-0.24459358687546617,9.0,2.8944444444444444,-0.10422932372293141
AID07221,Kwun Tong,Kwun Tong Road near Lower Ngau Tau Kok Estate - Eastbound,22.32214104,114.2144275,South,3.0,57.88622754491018,-0.10447970298763609,191.0,-0.14104442034686848,212,-0.051955556127813746,-0.18571428571428572,8.5,6.0,-0.1083436232267878
AID04105,Central & Western District,Connaught Road West Flyover near Central Police Station - Eastbound,22.28822405,114.1490826,North West,3.0,69.1235902255639,-0.10442794451030535,167.0,-0.1380325463486265,184,-0.03478123775818577,-0.19842919842919848,12.0,3.049074074074074,-0.07599209112951452
TDSAPR10001,Southern District,Aberdeen Praya Road near Aberdeen Wholesale Fish Market - Eastbound,22.24863379,114.1497113,East,3.0,46.23555555555556,-0.10434401057675835,196.0,-0.11696097538851147,214,-0.037402174031478705,-0.1884286728443313,10.0,6.985714285714286,-0.09436517069307754
AID10120,Yuen Long,Shenzhen Bay Bridge - Northbound (7),22.4216398,113.9940651,North East,3.0,78.70377452610575,-0.10433473209115152,178.0,-0.1489962023880238,149,-0.06539727347034205,-0.11104685437465567,6.5,0.9620726495726495,-0.12665566582741325
AID07201,Sham Shui Po,Ching Cheung Road near Ching Lai Court - Eastbound,22.33996666,114.1361519,North East,4.0,66.83088235294117,-0.10368326463542887,174.0,-0.10364033233118608,238,-0.032432446832270374,-0.23418620038726878,10.5,2.3828125,-0.08909017137747056
AID05203,Tsuen Wan,Tsuen Wan Road near Tsuen Wan West MTR Station - Southbound,22.36921697,114.1100056,South East,2.0,81.16842105263157,-0.10358565737051795,191.0,-0.1238615113535565,205,-0.04363946947941298,-0.18681318681318682,10.0,2.3,-0.09360681748683713
AID04220,Central & Western District,Connaught Road West Flyover near Sun Yat Sen Memorial Park - Westbound,22.28889136,114.1439589,West,2.0,80.6987951807229,-0.10347396525059638,191.0,-0.12300032923371251,214,-0.042299824046029576,-0.23351648351648346,11.5,0.625,-0.07965236524408305
AID03118,Yuen Long,Tsing Long Highway near MTR Pat Heung Maintenance Centre - Northbound (2),22.42813342,114.0639257,North West,3.0,90.60919540229885,-0.10331274664352685,178.0,-0.1545838292087356,140,-0.05739610386428657,-0.17563323182582513,6.5,1.7026570048309178,-0.1256336803797886
TDSTPR10016,Sha Tin,Tai Po Road - Ma Liu Shui near Kau To Shan Road - Southbound,22.40587363,114.2079041,South West,1.0,43.25454545454546,-0.10320812727772744,195.0,-0.10477601252001212,228,-0.04520537201354518,-0.1788856304985338,9.0,7.823529411764706,-0.10245779414260163
AID09201,Tsuen Wan,Cheung Pei Shan Road near Ho Fung College - Westbound,22.3816788,114.136334,West,3.0,76.40317460317459,-0.10312801037692487,191.0,-0.13403842003021804,211,-0.05212226099096014,-0.14325505450703535,10.0,1.880952380952381,-0.09314917049324406
AID08214,Islands District,North Lantau Highway near MTR Siu Ho Wan Depot - Eastbound (2),22.30812677,113.9866335,North East,3.0,94.56157390457375,-0.10310651331782617,174.0,-0.09599064731190954,280,-0.04436890458038498,-0.16383501021461888,14.5,2.8240740740740744,-0.05159939306564781
AID08219,Tsuen Wan,North Lantau Highway near Tung Yip Hang - Eastbound (2),22.32220823,114.0053472,North East,3.0,103.64721160159115,-0.10291866314935083,172.0,-0.12009177812519567,196,-0.04290492821828011,-0.1587172717817542,9.5,3.3666666666666667,-0.09755407663994753
AID04113,Eastern District,Island Eastern Corridor near Tai On Building - Eastbound,22.28417443,114.221957,North East,3.0,81.53412356321839,-0.10259478026432856,167.0,-0.12592619705760422,204,-0.034156523200853155,-0.21547284380973797,11.0,2.4034391534391535,-0.08338743363209274
AID07116,Wong Tai Sin,Lung Cheung Road near Kam Hon House Choi Hung Estate Substation - Westbound,22.33651927,114.2070248,North West,4.0,52.07388917105304,-0.10226516552796328,190.0,-0.13647039209200895,245,-0.04066482845684928,-0.19783834586466165,9.25,26.4484375,-0.09920770570569873
AID08117,Islands District,North Lantau Highway near Ying Tung Estate - Westbound (1),22.29637847,113.9583322,South West,3.0,97.50798444976077,-0.1021342231117528,179.0,-0.10395272101965802,284,-0.04906420478843736,-0.1843172600270392,14.5,3.3506493506493507,-0.05062710285957444
AID05103,Kwun Tong,Kai Fuk Road near Kowloon Bay Vehicle Examination Centre - Westbound,22.31817721,114.2117379,West,3.0,61.91608796296296,-0.10206266225683702,191.0,-0.08478863705190409,221,-0.02292986848326712,-0.16666666666666652,8.5,0.7777777777777778,-0.10592658249598873
AID08102,Tsuen Wan,North Lantau Highway near Yan O Wan - Westbound (2),22.32524015,114.0209125,South West,3.0,101.24508214440121,-0.10205279174752901,190.0,-0.13902857298684035,207,-0.05425607673288914,-0.15394006389621118,10.0,3.2222222222222223,-0.0920739518638482
AID09155,North District,Fanling Highway near Fanling Recreation Ground - Eastbound,22.4938281,114.13635,South East,3.0,96.76110023657972,-0.10182512058215587,172.0,-0.1541536481161807,209,-0.06093647829379026,-0.2061384908731776,5.0,2.2903225806451615,-0.1379888144412501
AID09152,North District,Fanling Highway near Eden Manor - Eastbound,22.50103001,114.121702,South East,3.0,96.7520325203252,-0.10127780960692156,172.0,-0.15175157966257558,212,-0.06982859407011548,-0.13846596337716444,5.0,1.9166666666666665,-0.1374415034660158
AID09258,North District,Fanling Highway near Golf Parkview - Westbound,22.50222929,114.1167838,South West,3.0,90.37312424969988,-0.10086393727105969,172.0,-0.15066024679967716,211,-0.07767368856859622,-0.17426900794303257,5.0,2.804398148148148,-0.13702763113015393
AID04206,Eastern District,Island Eastern Corridor near Museum of Coastal Defence - Northbound,22.28136181,114.2348324,North West,2.0,75.20070422535211,-0.10085669225767968,167.0,-0.13822905590363,204,-0.038705957020066614,-0.20945945945945932,11.0,2.4642857142857144,-0.08164934562544386
AID01126,Sha Tin,Lion Rock Tunnel Road near Kak Tin Village - Northbound (1),22.36544683,114.1836319,North East,2.0,79.47594324928967,-0.10071960912697064,191.0,-0.1149191446556217,227,-0.06699647489578417,-0.21084337349397586,9.0,4.5227272727272725,-0.09996927599184484
AID09156,North District,Fanling Highway near Fanling Station - Eastbound,22.49151691,114.1387704,South East,3.0,89.63876651982379,-0.10057506832936902,172.0,-0.19389551309695308,210,-0.08570407406296254,-0.20617569873660957,5.0,2.3725961538461537,-0.13673876218846326
AID09102,Tsuen Wan,Tuen Mun Road near Chai Wan Kok Cooked Food Market - Eastbound,22.37468735,114.105051,North East,3.0,65.10261387163561,-0.10053109157829465,173.0,-0.14502164502164494,197,-0.07003150540163437,-0.2063492063492064,9.5,1.3,-0.09516650506889135
AID04102,Central & Western District,Connaught Road West Flyover near Western Harbour Centre - Eastbound,22.28749888,114.1361379,North East,2.0,86.08909905425585,-0.10046728971962615,167.0,-0.10097026113381258,184,-0.04563104833041219,-0.22999999999999987,12.0,0.9574468085106383,-0.07203143633883533
AID01112,Kowloon City,Hong Chong Road near The Hong Kong Polytechnic University - Northbound (2),22.30492398,114.1813386,North East,4.0,53.49542928609188,-0.10008502395873808,191.0,-0.11166860668141076,213,-0.020935509952728863,-0.19797809604043803,8.5,6.0,-0.10394894419788979
AID04114,Eastern District,Island Eastern Corridor near St. Mark's School - Eastbound,22.28130192,114.2246342,South East,3.0,84.03049342380832,-0.09965803505748505,167.0,-0.13906979146160436,204,-0.03686524777568685,-0.18181818181818177,11.0,3.168238993710692,-0.08045068842524923
AID09256,North District,Fanling Highway near Choi Yuen Estate Choi Lai House - Westbound,22.49973065,114.1247541,North West,3.0,95.55,-0.0995538560099436,172.0,-0.16419633330099914,211,-0.07659974143283099,-0.19346066829098496,5.0,2.314814814814815,-0.13571754986903783
AID08204,Islands District,North Lantau Highway near Caribbean Coast Phase 3 - Eastbound,22.28973677,113.9486968,North East,3.0,97.2932335718933,-0.09941619258270251,174.0,-0.09649102037433843,279,-0.040078355364407514,-0.12129872489851223,14.5,1.1220238095238095,-0.047909072330524154
AID02114,Kwun Tong,Kwun Tong Bypass near Trade & Exhibition Centre - Northbound,22.3228384,114.2044691,North,2.0,84.05117786405211,-0.09895276975851042,172.0,-0.1045248615886345,216,-0.02850322108638858,-0.22672960215778803,13.5,2.540625,-0.05667415625488707
AID01105,Southern District,Wong Chuk Hang Road Flyover near Benefit Industrial Factory Building - Eastbound,22.2496834,114.1686381,North East,2.0,77.03504355470311,-0.09892340886211115,190.0,-0.13038634215500944,213,-0.0290497366519225,-0.23763841160748367,10.0,1.8333333333333333,-0.08894456897843034
AID04210,Eastern District,Island Eastern Corridor near Taikoo Shing - Westbound (1),22.28600779,114.2214336,North West,4.0,73.01266139776222,-0.09880197322057793,167.0,-0.11645189743169881,204,-0.04230128390745037,-0.17460317460317465,11.0,1.55625,-0.07959462658834211
AID07219,Kwun Tong,Kwun Tong Road near Choi Shek Lane - Eastbound,22.33007069,114.2108381,South East,3.0,63.39705882352941,-0.09846189135570493,190.0,-0.11696368043238026,221,-0.027044300329798484,-0.1498403684928835,8.5,5.691666666666666,-0.10232581159485664
AID07220,Kwun Tong,Kwun Tong Road near Kai Tai Court - Eastbound,22.32806544,114.2129634,South East,4.0,71.02024291497976,-0.09807008196796352,191.0,-0.1079879018564982,221,-0.039133865323441874,-0.18600611450806004,8.5,3.576923076923077,-0.10193400220711522
AID05205,Kwai Tsing,Tsuen Wan Road near Wing Kei Road 5-A-Side Soccer Pitch - Southbound (1),22.36260975,114.1180866,South East,2.0,77.79714667670456,-0.09771563608895495,191.0,-0.13984943995031485,216,-0.029624255056998224,-0.1964285714285715,13.0,4.090909090909091,-0.06005127595960911
AID09208,Tsuen Wan,Tuen Mun Road near Chai Wan Kok Cooked Food Market - Westbound,22.3750309,114.1059441,North West,2.0,65.0990099009901,-0.09740990990990994,191.0,-0.09298035895485846,211,-0.027063796764366828,-0.08441303494307029,10.0,2.6666666666666665,-0.08743107002622913
AID05114,Yau Tsim Mong,Ferry Street near Cherry Street Park - Northbound,22.31326801,114.1668291,North,4.0,64.08969599327543,-0.09739416063458128,176.0,-0.12429464116644562,179,-0.03394009796692196,-0.153018688947398,8.5,2.6180555555555554,-0.10125808087373299
AID03116,Tsuen Wan,Tsing Long Highway near Tai Lam Tunnel Entrance from Kowloon - Northbound,22.37144646,114.0736228,North West,3.0,92.9298245614035,-0.09731561676260159,171.0,-0.11488314383062814,198,-0.03695629655389097,-0.14072279426610124,9.5,1.2253521126760563,-0.09195103025319828
AID04112,Eastern District,Island Eastern Corridor near Taikoo Shing - Eastbound,22.28752487,114.221696,North East,3.0,72.03065134099617,-0.09705245531214879,167.0,-0.12414017301545743,203,-0.039303695130497966,-0.23170731707317072,11.0,2.4392033542976943,-0.07784510867991297
AID03120,Yuen Long,Tsing Long Highway near MTR Kam Sheung Road Station - Northbound (2),22.43502139,114.060734,North West,3.0,89.01471280099226,-0.09699286846435262,178.0,-0.12655895416723228,147,-0.060630260479541634,-0.14803293428713626,6.5,1.6322860238353196,-0.11931380220061436
AID05215,Sham Shui Po,Lai Chi Kok Road near Novel Industrial Building - Southbound,22.33522804,114.1474037,North East,2.0,63.711315711315706,-0.0967539205117316,191.0,-0.11366724905644543,246,-0.028260283029006662,-0.18568232662192374,10.5,3.642857142857143,-0.08216082725377329
AID07127,Sham Shui Po,Lung Cheung Road Tai Woh Ping - Westbound,22.34121736,114.1625461,South West,2.0,65.05116885034917,-0.09672059342988348,191.0,-0.1196111849888164,246,-0.025826258129486402,-0.17000000000000004,10.5,7.53125,-0.08212750017192517
AID07223,Kwun Tong,Kwun Tong Road near Foo Yue Building - Eastbound,22.31629777,114.216435,South East,3.0,46.50515463917526,-0.09665293175875411,191.0,-0.1605566473378417,221,-0.014815214419269526,-0.1875,8.5,5.393939393939394,-0.10051685199790582
AID05216,Sham Shui Po,West Kowloon Corridor near The Pacifica -Southbound,22.33542719,114.1501314,South East,2.0,64.484375,-0.09632362838795505,191.0,-0.1114218433324361,246,-0.028468299754494882,-0.15590742996345908,10.5,3.4423076923076925,-0.08173053512999674
AID10114,Yuen Long,Shenzhen Bay Bridge - Northbound (1),22.45521534,113.9718604,North West,3.0,83.74718045112782,-0.09610409763850392,176.0,-0.12734217545976356,144,-0.05334673481126752,-0.09540209069677408,6.5,1.1481481481481481,-0.11842503137476565
AID01109,Wan Chai,Canal Road Flyover near Cricket Club - Northbound,22.27659491,114.1810758,North East,3.0,56.19652584504864,-0.09591547627699426,174.0,-0.13103567210541767,203,-0.018786561614483787,-0.17898037077426387,10.5,4.4,-0.08132238301903595
AID03114,Sham Shui Po,West Kln Hwy near Tsing Sha Hwy - Northbound,22.33166006,114.1427743,North West,3.0,110.83870967741936,-0.09494771875714425,191.0,-0.12401556659327151,241,-0.048293705914344516,-0.1793326028705019,10.5,1.8973684210526316,-0.08035462549918594
AID04118,Eastern District,Island Eastern Corridor near Heng Fa Chuen - Eastbound (3),22.27529184,114.2385849,South East,2.0,75.78550724637681,-0.09461835599505553,191.0,-0.10297790688904218,242,-0.02902685525042326,-0.17844311377245514,11.0,2.4877622377622375,-0.0754110093628197
AID07103,Sai Kung,Tseung Kwan O Tunnel Road near Telephone Exchange - Westbound,22.31638994,114.2594218,North West,2.0,72.96307692307693,-0.0940285469470421,191.0,-0.10727809704129398,263,-0.03940550131047527,-0.2779503105590062,13.5,1.2954545454545454,-0.05174993344341876
AID08115,Islands District,North Lantau Highway near Tai Ho Wan - Westbound (4),22.29876627,113.9680232,South West,3.0,90.59574468085107,-0.09383090502798519,179.0,-0.09063109185610219,284,-0.04073278748237742,-0.16540812657317527,14.5,2.4523809523809526,-0.04232378477580683
AID08116,Islands District,North Lantau Highway near Tai Ho Wan - Westbound (5),22.29795784,113.964395,South West,3.0,104.91309775495822,-0.09338778834797845,179.0,-0.09555761456048006,286,-0.046496333179489806,-0.1724336793540946,14.5,2.5384615384615383,-0.04188066809580009
AID08207,Islands District,North Lantau Highway near Ying Tung Estate - Eastbound (2),22.29654157,113.9587395,North East,3.0,100.5,-0.0927359501528584,179.0,-0.0862839718918037,281,-0.046237356160087645,-0.19839615076182837,14.5,2.238095238095238,-0.041228829900680046
AID09114,Sha Tin,Shing Mun Tunnel Road near Hong Kong Heritage Museum - Eastbound,22.37864942,114.1848172,North East,3.0,68.2161063950198,-0.0925717502258887,172.0,-0.10511701552156383,206,-0.04500499967134791,-0.1838470264915475,9.0,4.462962962962963,-0.0918214170907629
AID05218,Sham Shui Po,West Kowloon Corridor near Tung Chau Street Park - Southbound,22.3273099,114.1588591,South East,3.0,70.63054187192118,-0.092461778264186,191.0,-0.11682095814043048,240,-0.039769715469398594,-0.21584699453551903,10.5,2.8484848484848486,-0.07786868500622769
AID01135,Sha Tin,Sha Tin Road near Hong Kong Institute of Vocational Education (Sha Tin) - Northbound,22.39016201,114.1990055,North West,2.0,90.71944444444443,-0.09240946810861006,174.0,-0.10947880501914531,220,-0.05097397621347249,-0.22268598202333156,9.0,2.282051282051282,-0.09165913497348425
TDSCPRKC20004,Kwai Tsing,Castle Peak Rd-Kwai Chung near Central Kwai Chung Park - Northbound (1),22.35924649,114.1345346,North East,2.0,66.11392405063292,-0.09233176838810642,201.0,-0.11255785902751603,219,-0.03249689927460356,-0.14938862307283352,11.5,3.5474537037037037,-0.06851016838159309
AID02111,Kwun Tong,Kwun Tong Bypass near Kowloon Godown - Northbound,22.31551267,114.2140375,North East,3.0,86.90652173913044,-0.09212203547826892,174.0,-0.11830075663058792,217,-0.02458050099358347,-0.20578709646745585,12.0,3.4791666666666665,-0.06368618209747809
AID01134,Sha Tin,Sha Tin Road near Shing Mun River - Northbound,22.38752486,114.2006753,North West,2.0,79.88349514563107,-0.09185176511904714,120.0,-0.09634212161621991,166,-0.05690510652524562,-0.18589275277615425,7.0,2.3975694444444446,-0.10955844548103136
AID08107,Tsuen Wan,North Lantau Highway near Tung Yip Hang - Westbound,22.31859822,113.9990234,South West,3.0,106.22162162162162,-0.09163832828001461,191.0,-0.12197905911745821,209,-0.04473178772010937,-0.1425203387016437,10.0,10.61111111111111,-0.0816594883963338
AID01129,Sha Tin,Sha Tin Road near Pok Hong Estate - Northbound,22.37381747,114.1929731,North East,2.0,68.18665677057562,-0.09162783490845128,191.0,-0.11058675475853397,215,-0.01481032665684947,-0.2390793799906059,9.0,6.287946428571429,-0.09087750177332547
AID09257,North District,Fanling Highway near Eden Manor - Westbound,22.50120147,114.1213617,North West,3.0,96.3031532362161,-0.09162043243417539,172.0,-0.14081858164296435,211,-0.07507037381773748,-0.1990855737385545,5.0,2.1378986866791747,-0.12778412629326963
AID10113,Yuen Long,Kong Sham Western Highway near Ngau Hom Shek E&M Plant Room - Northbound,22.45255393,113.9738851,North West,3.0,93.90941190433801,-0.09148790752456404,176.0,-0.1241745317474382,147,-0.03281924916508607,-0.05679602956472629,6.5,0.9791666666666666,-0.11380884126082577
AID09107,Tsuen Wan,Cheung Pei Shan Road near Lui Ming Choi Lutheran College - Eastbound,22.37814547,114.1276833,North East,3.0,74.96446078431373,-0.09130507935914456,165.0,-0.13138418455763912,162,-0.04098247364980938,-0.15810674723061435,9.5,1.3055555555555556,-0.08594049284974126
AID01125,Sha Tin,Lion Rock Tunnel Road near Worldwide Gardens - Northbound,22.3634241,114.1798453,North East,2.0,75.32963558047314,-0.0912028131198015,191.0,-0.09778069292696956,229,-0.03489045351246504,-0.20807453416149058,9.0,4.525,-0.09045247998467569
AID09255,North District,Fanling Highway near Entrance from So Kwun Po Road - Westbound,22.49821502,114.1295555,North West,3.0,81.77473684210526,-0.0911389781481281,171.0,-0.153898826380781,206,-0.07082519718927638,-0.2279411764705881,5.0,1.5740740740740742,-0.12730267200722234
AID09154,North District,Fanling Highway near So Kwun Po Road - Eastbound,22.49838665,114.1297207,South East,3.0,87.54509870660314,-0.0911354423889097,172.0,-0.167232577297601,204,-0.08011691946615421,-0.18292073931975272,5.0,2.1574074074074074,-0.12729913624800393
AID09106,Tsuen Wan,Cheung Pei Shan Road near Shek Wai Kok Estate - Eastbound,22.37641917,114.123062,North East,3.0,67.27272727272727,-0.09079378528284665,187.0,-0.12256820459315743,205,-0.06368102395928206,-0.13157894736842102,10.0,1.75,-0.08081494539916584
AID01136,Sha Tin,Sha Tin Road near Fo Tan Railway House - Northbound,22.39401803,114.1990838,North East,2.0,75.55480160662123,-0.0907674328009348,191.0,-0.1336632738140182,228,-0.05606901794067673,-0.16878531073446323,9.0,3.725,-0.090017099665809
AID10204,Yuen Long,Shenzhen Bay Bridge - Southbound (4),22.46662978,113.9648869,South East,3.0,85.86028439153439,-0.09046842929712384,172.0,-0.0980392156862745,141,-0.05438294618090651,-0.13818268360227948,6.5,1.1688311688311688,-0.11278936303338558
AID09204,Tsuen Wan,Cheung Pei Shan Road near Shek Wai Kok Estate - Westbound,22.37619324,114.1225766,South West,2.0,81.4,-0.08983218141355587,190.0,-0.10581222056631889,207,-0.05164899578124198,-0.20080645161290334,10.0,0.35714285714285715,-0.07985334152987505
AID10202,Yuen Long,Shenzhen Bay Bridge - Southbound (2),22.47351138,113.9584537,South East,3.0,104.1253131850924,-0.0897077924692623,171.0,-0.10670582531807016,141,-0.07860095192648793,-0.12295409181636718,6.0,1.2094017094017095,-0.11664297957980153
AID10208,Yuen Long,Kong Sham Western Highway near Ngau Hom Shek E&M Plant Room - Southbound,22.45266246,113.9740112,South East,3.0,87.89830508474576,-0.08958838282208181,174.0,-0.14490665159879668,144,-0.059249867907998785,-0.11916676704298668,6.5,1.15,-0.11190931655834355
AID10201,Yuen Long,Shenzhen Bay Bridge - Southbound (1),22.4766946,113.9551547,South East,3.0,94.44530820033022,-0.08922278507170989,163.0,-0.12304027737624768,108,-0.04583774187005796,-0.14386281588447658,6.5,4.25531914893617,-0.11154371880797162
AID05212,Sham Shui Po,Kwai Chung Road near Mei Foo MTR Station - Southbound,22.33791649,114.1352303,South East,3.0,75.23513970188884,-0.08880565242072824,191.0,-0.11702220926762807,246,-0.04695869362727313,-0.1266924564796903,10.5,3.353009259259259,-0.07421255916276993
AID08203,Islands District,North Lantau Highway near Tung Chung (N) - Eastbound (3),22.28960394,113.9441848,East,3.0,93.6124031007752,-0.08878744167161634,176.0,-0.08307037685265217,280,-0.03305588273956787,-0.1332528760049443,14.5,0.9444444444444444,-0.03728032141943798
AID10105,Tuen Mun,Kong Sham Western Highway Tsing Yick Road - Northbound,22.42283916,113.9848264,North West,3.0,82.20604825008495,-0.08854166666666663,191.0,-0.12416375442852556,144,-0.05296534732414152,-0.08427672955974852,7.0,1.119047619047619,-0.10624834702865085
AID01130,Sha Tin,Sha Tin Road near Christ College - Northbound,22.37448544,114.1957016,North East,4.0,57.345794392523366,-0.08851114016870498,189.0,-0.11789432839681824,205,-0.04005100822229599,-0.24276985743380874,9.0,1.9791666666666667,-0.08776080703357918
TDSCPRKC10003,Kwai Tsing,Castle Peak Rd-Kwai Chung near Yip Shing Street Playground - Southbound,22.36012267,114.1353693,South West,2.0,57.046783980582525,-0.08844414054281502,201.0,-0.10406430716162807,220,-0.03713372948860105,-0.210727969348659,11.5,3.4166666666666665,-0.06462254053630169
AID07205,Sham Shui Po,Ching Cheung Road near Caritas Medical Centre - Eastbound,22.34184826,114.1522464,North East,4.0,71.16617902583936,-0.08841663042856196,174.0,-0.13478916047894718,238,-0.02048097011108386,-0.244167947566578,10.5,3.0708333333333333,-0.07382353717060365
AID01102,Southern District,Aberdeen Praya Road near Hoi Fai Mansion - Eastbound,22.24712681,114.1577149,North East,3.0,69.64179104477611,-0.0883606591927979,190.0,-0.12506527101104437,213,-0.03243701645794559,-0.2208481033288514,10.0,1.7222222222222223,-0.07838181930911708
AID10106,Tuen Mun,Kong Sham Western Highway near Mai Yuan Wei Lu - Northbound,22.42589843,113.9831126,North West,3.0,81.30405405405405,-0.08831521739130432,191.0,-0.14449984880445488,144,-0.06285783909081714,-0.11370262390670571,7.0,1.0515873015873016,-0.10602189775328855
AID01128,Sha Tin,Lion Rock Tunnel Road near Fung Shing Court - Northbound,22.37114477,114.1892152,North East,2.0,84.18023909851851,-0.0881241594927783,191.0,-0.13129839418509437,229,7.380810920460529e-05,-0.19721722374144557,9.0,5.46875,-0.08737382635765249
AID09207,Tsuen Wan,Cheung Pei Shan Road near The Mills - Westbound,22.37557432,114.109653,West,2.0,72.64285714285714,-0.08806751867413631,191.0,-0.11436791335251317,205,-0.05929195217164014,-0.1840277777777778,10.0,0.875,-0.0780886787904555
AID02121,Sha Tin,Tate's Cairn Highway near On Sum Street - Northbound,22.39230051,114.2092801,North,3.0,84.50014880952381,-0.08796012760628535,191.0,-0.10784077735727571,228,-0.04447505160081055,-0.17741935483870963,9.0,2.783333333333333,-0.08720979447115955
AID02118,Sha Tin,Tate's Cairn Tunnel near Toll Plaza - Northbound,22.37826677,114.2107819,North West,5.0,76.66985645933015,-0.0872954161846421,191.0,-0.10157327941818772,229,-0.0357276296055109,-0.15462427745664742,9.0,1.5416666666666667,-0.08654508304951629
AID05225,Yau Tsim Mong,Gascoigne Road near Diocesan Girls' School - Eastbound,22.30710943,114.1744093,South East,1.0,49.125,-0.0872695325210282,172.0,-0.14038526907035742,183,-0.037671032665040495,-0.24310648087615427,9.0,11.666666666666666,-0.0865191993859024
AID04208,Eastern District,Island Eastern Corridor near Oi Tung Estate - Westbound,22.28061524,114.2258177,North West,3.0,62.93650793650794,-0.08726017022332633,167.0,-0.09685639294977477,212,-0.028373532981383325,-0.1917808219178082,11.0,2.7685185185185186,-0.06805282359109051
AID02204,Kwun Tong,Kwun Tong Bypass near Skyline Tower Car Park - Southbound,22.32719107,114.2049068,South West,2.0,75.95454545454545,-0.08718326192476744,191.0,-0.10048394117619353,219,-0.04428142832521743,-0.2021276595744681,8.5,3.05,-0.09104718216391915
AID10205,Yuen Long,Shenzhen Bay Bridge - Southbound (5),22.46260561,113.9674774,South East,3.0,94.76751099120703,-0.087090399871813,172.0,-0.12408759124087598,133,-0.04623609499498871,-0.12862592360235037,6.25,1.0961538461538463,-0.11171846029521348
AID01122,Kowloon City,Waterloo Road near Warwick Road - Northbound,22.34191,114.17893,North West,2.0,71.74782608695652,-0.08704229158221877,191.0,-0.10720819612147825,213,-0.031557685764367,-0.23550724637681153,8.5,3.0625,-0.09090621182137047
AID07204,Sham Shui Po,Ching Cheung Road near Dragon lndustrial Building - Eastbound,22.3402762,114.1478007,South West,3.0,68.75806451612904,-0.08693135513633599,168.0,-0.08778282804848869,230,-0.039186636923180196,-0.19362044971801073,10.5,14.85763888888889,-0.07233826187837768
AID05131,Tsuen Wan,Tsuen Wan Road near Tsuen Wan Driving Test Centre - Northbound,22.3641441,114.1158044,North West,2.0,77.95454545454545,-0.08635481464155814,191.0,-0.11082595590132227,211,-0.05337314939415792,-0.22000000000000008,10.0,5.30625,-0.07637597475787733
AID07117,Wong Tai Sin,Lung Cheung Road near Diamond Hill MTR Station,22.33893112,114.203123,North West,3.0,57.72705591968113,-0.08618637122337014,188.0,-0.11267696373814062,244,-0.025592263001632972,-0.19059301010778484,9.25,6.655952380952381,-0.08312891140110559
AID09254,North District,Fanling Highway near Exit to So Kwun Po Road - Westbound,22.49589538,114.1337255,North West,3.0,78.36977079065349,-0.08598665306045039,172.0,-0.10914148525120515,207,-0.05162938400707155,-0.19315348268068133,5.0,2.477777777777778,-0.12215034691954463
AID04205,Eastern District,Island Eastern Corridor near Heng Fa Chuen - Northbound (2),22.27898614,114.2365392,North West,3.0,43.201438848920866,-0.08538618175586454,169.0,-0.10590804523140529,214,-0.022860643254765313,-0.20062695924764895,11.0,1.9545454545454546,-0.06617883512362872
AID10206,Yuen Long,Shenzhen Bay Bridge - Southbound (6),22.45814778,113.9699421,South East,3.0,92.03846153846153,-0.08530447364283889,170.0,-0.11221661683935957,141,-0.04567434071731559,-0.15238595203896832,5.75,1.135369318181818,-0.11454678744051687
TDSIEC20002,Wan Chai,Gloucestor Road near Wan Chai Sport Ground - Westbound,22.28015303,114.1782619,West,4.0,68.17379679144385,-0.08492700268552567,167.0,-0.11656697059865473,184,-0.024134947427059808,-0.31388615754397464,10.5,11.190972222222221,-0.07033390942756736
AID01204,Kowloon City,Waterloo Road near Kowloon East Barracks - Southbound,22.33496881,114.1789128,South,3.0,36.49286575364123,-0.08489262678490728,191.0,-0.12351653360028014,213,-0.028047822485764862,-0.22077922077922107,8.5,4.75,-0.08875654702405898
AID07108,Kwun Tong,Kwun Tong Road near Tsui Ping Road - Westbound,22.3108941,114.2284196,North West,4.0,43.01591545709193,-0.084750157181395,191.0,-0.09857299308222311,217,-0.024947117105194996,-0.26336194959844916,8.5,4.616003787878788,-0.08861407742054671
AID02116,Kwun Tong,Kwun Tong Bypass near Choi Hung Estate - Northbound,22.33323248,114.2051603,North,2.0,78.66666666666667,-0.08459777386700351,172.0,-0.07384541550140944,214,-0.013602813489109682,-0.27515465793304217,13.5,1.21875,-0.04231916036338017
AID04111,Eastern District,Island Eastern Corridor near Quarry Bay Park Phase 1 - Eastbound,22.28954921,114.2159617,South East,2.0,67.13991769547324,-0.08408056866318292,167.0,-0.10274784725128272,204,-0.026433206970781994,-0.19631093544137013,11.0,4.857142857142857,-0.0648732220309471
AID03122,Yuen Long,Tsing Long Highway near Kam Tin Road - Northbound (2),22.44005575,114.0544641,North West,3.0,105.14487918185102,-0.08395541352848479,178.0,-0.13365833689039985,149,-0.06033142813154166,-0.10842713151109451,6.5,1.7794647452393206,-0.10627634726474652
AID01207,Kowloon City,Waterloo Road near St. George Apartments - Southbound,22.32398763,114.1782818,South,4.0,57.08423913043478,-0.08393156564636428,167.0,-0.1036859454599941,195,-0.03540318309802165,-0.18181818181818177,9.0,3.375,-0.08318123251123848
TDS90013,Sha Tin,Shing Mun Tunnel Road near May Shing Court - Westbound,22.38032929,114.1769229,North West,3.0,73.23936170212765,-0.08368479467258605,201.0,-0.08741710875331576,235,-0.034843428748285735,-0.16649214659685863,9.0,3.875,-0.08293446153746024
AID05221,Yau Tsim Mong,West Kowloon Corridor near Cherry Street Park - Southbound (1),22.3185599,114.1661979,South,2.0,68.625,-0.08339973120783228,189.0,-0.11615273802923076,185,-0.024399375480653185,-0.16917940701094314,7.0,2.0208333333333335,-0.1011064115698165
AID09109,Tsuen Wan,Cheung Pei Shan Road near Ho Fung College - Eastbound,22.38165159,114.1358484,East,4.0,69.73176531071267,-0.08283451358991856,190.0,-0.10488448450506949,205,-0.035975077186868855,-0.125809542690986,10.0,1.4886363636363635,-0.07285567370623774
AID05130,Kwai Tsing,Tsuen Wan Road near Wing Kei Road 5-A-Side Soccer Pitch - Northbound,22.36203197,114.1185626,North West,2.0,64.89245206038352,-0.08248487764099088,191.0,-0.11655759062057092,216,-0.0402882899649153,-0.13988352027610018,13.0,8.486607142857142,-0.04482051751164504
AID08209,Islands District,North Lantau Highway near Tai Ho Wan - Eastbound (2),22.29830307,113.9659763,North East,3.0,91.15289836859662,-0.08232146476234592,179.0,-0.07983279830818624,286,-0.03348241361197703,-0.20599250936329605,14.5,1.9761904761904763,-0.03081434451016756
AID04116,Eastern District,Island Eastern Corridor near Heng Fa Chuen - Eastbound (1),22.28224709,114.2340759,South East,2.0,70.79987212276215,-0.08231844791996168,173.0,-0.10778473270606415,204,-0.024474278248442477,-0.21739130434782605,11.0,2.436688311688312,-0.06311110128772586
TDS90002,Sha Tin,Tolo Highway near The Hong Kong Jockey Club Stables - Southbound,22.40599076,114.209225,South West,4.0,72.86534921698745,-0.08176306698728031,200.0,-0.11066428970888242,222,-0.04575917108166535,-0.17940100553222926,8.25,7.303571428571429,-0.08793411391357077
AID02117,Wong Tai Sin,Tate's Cairn Highway near Chi Lin Nunnery - Northbound,22.33842535,114.2034335,North West,2.0,88.00670713429255,-0.08171234411753014,191.0,-0.09944788552525685,243,-0.021724387146618854,-0.15698924731182806,8.0,1.8090277777777777,-0.09019051773095936
AID01219,Southern District,Wong Chuk Hang Road near Wong Chuk Hang Recreation Ground - Westbound,22.25007176,114.1694335,South West,2.0,72.96984924623115,-0.0814658926823526,190.0,-0.10691735980056383,211,-0.021658868253688825,-0.253415300546448,10.0,2.5527777777777776,-0.07148705279867179
AID10203,Yuen Long,Shenzhen Bay Bridge - Southbound (3),22.47033708,113.9617234,South East,3.0,100.3709528214616,-0.0813689739844049,165.0,-0.12352050085333421,115,-0.057638406598501134,-0.12072054140127397,6.5,1.1474688187820983,-0.10368990772066664
TDSCPRKC20005,Kwai Tsing,Castle Peak Rd-Kwai Chung near Central Kwai Chung Park - Northbound (2),22.35505598,114.1332835,North,2.0,48.673019928461926,-0.08124189691847472,201.0,-0.09987343898956436,220,-0.022857209244670752,-0.1511936339522546,11.5,3.935897435897436,-0.05742029691196139
TDSSPWR10003,Southern District,Shek Pai Wan Road near Shek Pai Wan Road Playground - Eastbound,22.24939152,114.1450352,East,2.0,49.484375,-0.08105471328857994,196.0,-0.08577169408514385,219,-0.0356492608851496,-0.316699604743083,10.0,8.677083333333332,-0.07107587340489913
AID09203,Tsuen Wan,Cheung Pei Shan Road near Lui Ming Choi Lutheran College - Westbound,22.37844371,114.1284697,South West,2.0,77.93758620689655,-0.08101920601920598,167.0,-0.12350239341629687,164,-0.03940564236025996,-0.17314487632508824,10.0,2.1262626262626263,-0.07104036613552517
AID08118,Islands District,North Lantau Highway near Ying Tung Estate - Westbound (2),22.29463146,113.9552975,South West,3.0,96.725395716946,-0.08086664632285612,179.0,-0.06759286593554403,272,-0.05183192893937739,-0.12452233495849263,14.5,3.683333333333333,-0.02935952607067776
TDSPERE10001,Kowloon City,Prince Edward Road East near Tak Ku Ling Road - Northbound,22.32795141,114.1914536,North East,2.0,69.96152430044182,-0.08081995753981419,201.0,-0.08571892355676147,215,-0.026230986232745526,-0.2032520325203252,8.5,6.833333333333333,-0.0846838777789659
AID05135,Tsuen Wan,Tsuen Wan Road near Kong Nam industrial building - Westbound,22.37420787,114.1031287,South West,2.0,71.71204188481676,-0.0807884549347404,191.0,-0.09027277892723229,211,-0.030870496559609686,-0.13877952755905498,10.0,3.888652146464646,-0.0708096150510596
TDS90039,Tuen Mun,Tuen Mun Road near Tsing Lam Road - Westbound,22.36663494,114.0106232,West,3.0,91.75581395348837,-0.08055891337446874,201.0,-0.09745421097732476,152,-0.036131991078589894,-0.16136363636363626,7.0,7.904761904761905,-0.09826559373645297
TDS10007,Sha Tin,Sha Tin Road near Sha Tin Tau - Southbound,22.37213807,114.1899241,South West,2.0,65.03713752001423,-0.08048143391919438,187.0,-0.09618666385757935,207,-0.049133266635503006,-0.2965944272445822,7.5,11.252777777777776,-0.09357386090690109
AID08106,Tsuen Wan,North Lantau Highway near Sham Shui Kok Substation - Westbound (3),22.32110394,114.0029415,South West,3.0,98.62391681109186,-0.07983327135586349,191.0,-0.12087444832077077,211,-0.062336412118252034,-0.12531061412850575,10.0,3.3287037037037037,-0.06985443147218268
AID01218,Southern District,Wong Chuk Hang Road near Wong Chuk Hang Sports Centre - Westbound,22.25005384,114.1737118,North West,2.0,62.128,-0.07979959666280056,167.0,-0.09676042915903216,180,-0.022075575886556884,-0.23152709359605905,12.0,4.675,-0.05136374328200974
TDS91014,Tsuen Wan,Tuen Mun Road near Sham Tseng - Eastbound (6),22.36571991,114.0468783,East,3.0,73.93458883759199,-0.079752452935695,193.0,-0.11278353557001974,216,-0.06668813698001538,-0.25046382189239347,10.0,10.38888888888889,-0.06977361305201418
AID02202,Wong Tai Sin,Tate's Cairn Highway near Choi Hung Estate - Southbound,22.3353096,114.2046366,South East,2.0,89.12666666666667,-0.07935585353065278,191.0,-0.09950710487889491,244,-0.03021808735577652,-0.2159624413145539,8.0,1.740625,-0.08783402714408199
TDS90045,Tuen Mun,Tuen Mun Road near Castle Peak Bay Immigration Centre - Westbound,22.37695794,113.9870159,North West,3.0,71.38548130064761,-0.07932439114362178,167.0,-0.11535868278551709,108,-0.032186601109555305,-0.1896265560165974,6.0,10.641534391534393,-0.106259578254161
TDS30003,Yuen Long,Tsing Long Highway near Kam Sheung Road MTR Station - Southbound (1),22.42816056,114.0640034,West,3.0,87.83928571428571,-0.07929840733219773,180.0,-0.1104393290596628,155,-0.061179403443363506,-0.13710819276471253,6.25,3.782608695652174,-0.10392646775559822
TDSAPR20001,Southern District,Aberdeen Praya Road near Aberdeen Wholesale Fish Market - Westbound,22.24840797,114.1493912,West,3.0,64.32142857142857,-0.07921360648652753,196.0,-0.11034938675751704,214,-0.03180607964285459,-0.42526395173454,10.0,4.666666666666667,-0.06923476660284672
AID90008,Sha Tin,Tai Po Road - Sha Tin near Wo Che Estate - Westbound,22.38977,114.19433,West,3.0,47.39325842696629,-0.07892197722217231,75.0,-0.12847731859184708,83,-0.04943593307424346,-0.14296794208893482,9.5,4.4107142857142865,-0.07355739071276901
TDS91011,Tsuen Wan,Tuen Mun Road near Sham Tseng - Eastbound (3),22.36835736,114.0594106,North East,3.0,88.48395721925134,-0.0788243511217348,201.0,-0.11906630004426466,216,-0.04829426156588496,-0.16864160293008712,9.5,7.803782505910165,-0.0734597646123315
TDS20005,Sha Tin,Tate's Cairn Highway near Sha Tin Hospital - Southbound (2),22.39750168,114.2111944,South,3.0,83.15836537435254,-0.07873490041846498,201.0,-0.08630095378289893,235,-0.03569505128313319,-0.23232323232323226,9.0,7.2272727272727275,-0.07798456728333918
AID02124,Sha Tin,Tate's Cairn Highway near A Kung Kok Sports Grounds - Northbound,22.40280159,114.215634,North East,2.0,77.7100371747212,-0.07856770210909159,190.0,-0.09915403208086115,229,-0.04504744725630653,-0.17344352617079895,9.0,2.5625,-0.07781736897396578
AID05101,Kwun Tong,Kai Fuk Road near Kwun Tong Government Primary School - Northbound,22.31542134,114.2182594,North West,2.0,59.204081632653065,-0.0783725798216508,191.0,-0.1317213323300619,219,-0.030198722948263396,-0.15970688937953992,8.5,5.234375,-0.0822365000608025
AID01210,Kowloon City,Princess Margaret Road near Oi Man Estate - Southbound,22.31330444,114.1769617,South East,3.0,61.32280442804428,-0.07830000600651521,191.0,-0.13695555943356463,213,-0.014916191378287924,-0.22364751812604566,8.5,4.013888888888889,-0.08216392624566692
AID01127,Sha Tin,Lion Rock Tunnel Road near Kak Tin Village - Northbound (2),22.36700899,114.1859817,North East,2.0,80.85942605781315,-0.07790714876789984,191.0,-0.10360351317135075,227,-0.07292687905135273,-0.18181818181818188,9.0,7.238636363636363,-0.07715681563277403
AID07216,Wong Tai Sin,Lung Cheung Road near Lung Poon Court Commercial Centre - Eastbound,22.34084609,114.1998616,South East,3.0,61.0298350661056,-0.07790371372201765,191.0,-0.11578750577037544,243,-0.04689473256032482,-0.23308270676691722,8.0,3.1037037037037036,-0.08638188733544687
AID02201,Wong Tai Sin,Tate's Cairn Highway near Chi Lin Nunnery - Southbound,22.34024044,114.2038221,South West,2.0,76.9,-0.07788820825848974,190.0,-0.10140564706735855,245,-0.03891013990185352,-0.16273045364908345,9.25,2.357142857142857,-0.0748307484362252
AID09110,Tsuen Wan,Shing Mun Tunnel Road near Entrance from Shatin - Eastbound,22.380873,114.167063,North East,2.0,76.37328767123287,-0.0777779157412336,191.0,-0.08652000271733329,211,-0.038669638468687206,-0.1456310679611651,10.0,3.665521978021978,-0.06779907585755279
TDSCPRKC10004,Kwai Tsing,Castle Peak Rd-Kwai Chung near Tai Wo Interchange - Southbound,22.35297888,114.1329929,South,3.0,60.65765765765765,-0.07732279114732588,201.0,-0.09588059727036335,220,-0.026823461707749643,-0.23529411764705876,11.5,2.1666666666666665,-0.053501191140812546
AID08202,Islands District,North Lantau Highway near Tung Chung (N) - Eastbound (2),22.29190915,113.9396104,South East,3.0,94.0516129032258,-0.07697278490543014,179.0,-0.07673510101431191,273,-0.0383982572310178,-0.12698412698412698,14.5,0.8886363636363637,-0.025465664653251778
AID01208,Kowloon City,Princess Margaret Road near St. John Ambulance Brigade Kowloon Depot - Southbound,22.32130555,114.1782623,South East,2.0,61.21747861009254,-0.07689111725057096,191.0,-0.09646998886650704,211,-0.03355428559777968,-0.20344827586206904,8.5,4.444444444444445,-0.08075503748972267
TDS91006,Tsuen Wan,Tuen Mun Road near Ting Kau - Eastbound (3),22.37142163,114.0772251,East,4.0,55.571366531557615,-0.07683773105355196,201.0,-0.10130306154819624,216,-0.02800214180450412,-0.172266514806378,9.5,6.478125,-0.07147314454414866
TDS91001,Tsuen Wan,Tuen Mun Road near Yau Kom Tau Village - Eastbound,22.37300496,114.0991872,North East,3.0,71.14636678200692,-0.07652877888792209,200.0,-0.09735307586629638,215,-0.04557191008019807,-0.2374622180888164,9.75,6.181818181818182,-0.06885706569138003
AID10211,Yuen Long,Kong Sham Western Highway near San Wai Sewage Treatment Plant - Southbound,22.44608072,113.9825115,South East,3.0,87.45342465753424,-0.07640536460185499,178.0,-0.13384881167671692,149,-0.04710568506681892,-0.07198800490924007,6.5,1.1666666666666667,-0.09872629833811672
AID04120,Eastern District,Island Eastern Corridor near Chai Wan Park - Southbound,22.2674807,114.2376307,South East,2.0,74.05402460907459,-0.0762731234571663,191.0,-0.07871661374693928,240,-0.02556279617618873,-0.2014685635612664,11.0,1.2958333333333334,-0.057065776824930484
AID10214,Yuen Long,Kong Sham Western Highway near Yick Yuen Road - Southbound (1),22.43509316,113.9845764,South West,3.0,79.95238095238095,-0.07616043262730965,103.0,-0.10118950627342349,123,-0.04840030790516802,-0.06060606060606055,7.0,1.1951219512195121,-0.09386711298929387
TDS10004,Sha Tin,Sha Tin Road near Yuen Chau Kok Park - Southbound,22.38345199,114.2013737,South,3.0,77.85852090032154,-0.07607453338297943,201.0,-0.09237016712397117,235,-0.04052890775042547,-0.3157076205287713,9.0,6.0754716981132075,-0.07532420024785362
TDSNCWBR20004,Sai Kung,New Clear Water Bay Road near On Sau Road - Westbound,22.33455355,114.2305348,West,2.0,56.434375,-0.07579216182474391,196.0,-0.07391198788824516,279,-0.031122330931516475,-0.28187311045265073,13.5,3.9423076923076925,-0.033513548321120565
AID02105,Kwun Tong,Kwun Tong Bypass near Magistrates Courts - Westbound,22.30887989,114.2296126,South West,2.0,71.26515151515152,-0.0752043873457573,189.0,-0.08542979807808015,219,-0.03546247450450863,-0.16894977168949776,8.5,0.875,-0.079068307584909
AID02127,Sha Tin,Tate's Cairn Highway near Hyatt Regency ShaTin - Northbound,22.41184191,114.21214,North East,2.0,79.86159169550173,-0.07517912659409276,191.0,-0.0950407217009337,225,-0.037033558136296746,-0.15121951219512209,9.0,3.138888888888889,-0.07442879345896695
TDS91005,Tsuen Wan,Tuen Mun Road near Ting Kau - Eastbound (2),22.37092794,114.0822064,South East,3.0,71.02803738317758,-0.07505859216388933,201.0,-0.1123322451834885,216,-0.04209886297169804,-0.23414252153484727,9.5,6.988095238095238,-0.06969400565448602
TDS90026,Tsuen Wan,Tuen Mun Road near Sham Tseng - Westbound (2),22.36924399,114.0616819,West,4.0,68.53211302505895,-0.0746961568111213,201.0,-0.09348717606437029,216,-0.0213450832042417,-0.14910858995137766,9.5,12.071428571428571,-0.06933157030171799
AID10207,Yuen Long,Shenzhen Bay Bridge - Southbound (7),22.45475534,113.9722886,South East,3.0,79.45114942528735,-0.07420980302336233,169.0,-0.16307713574785743,129,-0.07289333959748476,-0.22359154929577463,6.0,0.4583333333333333,-0.10114499013390156
AID09151,North District,Fanling Highway near Golf Parkview - Eastbound,22.50218399,114.1163854,North East,3.0,92.8757643062451,-0.07414621782329522,172.0,-0.1439682856756006,212,-0.058773635160849214,-0.13784264418004888,5.0,2.875,-0.11030991168238946
AID03115,Tsuen Wan,Tsing Long Highway near Royal View Hotel - Northbound,22.36920891,114.0768383,North West,3.0,93.009009009009,-0.07384184394857862,191.0,-0.09336299592139408,211,-0.047889276658028265,-0.1650683533972659,10.0,1.2708333333333333,-0.06386300406489781
AID01120,Kowloon City,Waterloo Road near Kowloon East Barracks(1) - Northbound,22.33496881,114.1788837,North,3.0,58.68064516129032,-0.07381107882578619,188.0,-0.10501989685129032,202,-0.04619501907845953,-0.2193094309430943,8.5,5.309259259259259,-0.0776749990649379
AID08122,Islands District,North Lantau Highway near Tung Chung (N) - Westbound (2),22.29100001,113.940662,North West,3.0,94.81126255380201,-0.07379647207915618,173.0,-0.07048349675377996,281,-0.025262353057135256,-0.07179487179487176,14.5,1.7493946731234868,-0.022289351826977825
TDS91012,Tsuen Wan,Tuen Mun Road near Sham Tseng - Eastbound (4),22.36690894,114.0546252,East,3.0,82.935,-0.07372501133865961,201.0,-0.11274750593359639,216,-0.03806326729283514,-0.17195739840761037,9.5,8.262445887445887,-0.0683604248292563
TDSPERE10002,Kowloon City,Prince Edward Road East near Lee Kau Yan Memorial School - Northbound,22.33146392,114.1952493,North East,3.0,77.30916030534351,-0.07364197596625044,201.0,-0.09107424546176801,215,-0.028101186292788592,-0.24081632653061225,8.5,3.3518518518518516,-0.07750589620540214
AID07217,Wong Tai Sin,Lung Cheung Road near Nan Lian Garden - Eastbound,22.33838913,114.2040548,South East,3.0,63.675090252707584,-0.07313061585108227,190.0,-0.09343369412988167,242,-0.02649001802980659,-0.19730764817258595,8.0,5.388888888888889,-0.08160878946451149
TDS91024,Tuen Mun,Tuen Mun Road near The Aegean - Eastbound,22.36719645,114.0035542,East,4.0,73.17070512820513,-0.07306252314239181,172.0,-0.09541656046001801,126,-0.020133133302254518,-0.26457061161190276,6.0,7.071651785714286,-0.09999771025293104
TDSMOSR20001,Sha Tin,Ma On Shan Road near Tai Shui Hang MTR Station - Southbound,22.4086604,114.2231819,South,4.0,80.58921161825727,-0.07304837943131082,201.0,-0.0958793399802711,234,-0.038047331615578696,-0.21256038647342979,9.0,4.770833333333333,-0.07229804629618501
TDS10003,Sha Tin,Sha Tin Road near Prince of Wales Hospital - Southbound,22.38003861,114.2002953,South,2.0,76.61530208921513,-0.07276624801946208,201.0,-0.09791457659393188,235,-0.04495123647981179,-0.2073294876145233,9.0,5.1,-0.07201591488433627
TDS10008,Sha Tin,Sha Tin Road near Pok Hong Estate - Southbound,22.37386255,114.1937014,West,2.0,69.89075630252101,-0.07223719482793434,201.0,-0.10988399437233543,235,-0.05303948637568642,-0.2668082094833687,9.0,12.780555555555555,-0.07148686169280853
TDS91023,Tuen Mun,Tuen Mun Road near Kwun Fat Street - Eastbound,22.3668854,114.0083024,East,3.0,78.54651162790698,-0.07203279775611815,183.0,-0.0878517097469036,139,-0.03497031263761734,-0.21150755384120856,6.5,7.0212765957446805,-0.09435373149237988
TDS90040,Tuen Mun,Tuen Mun Road near Kwun Fat Street - Westbound,22.36724307,114.0049232,West,3.0,75.81284403669724,-0.07136776827501723,201.0,-0.10478103265596705,152,-0.04441087587312711,-0.1404358353510896,7.0,8.518518518518519,-0.08907444863700145
AID03123,Yuen Long,Tsing Long Highway near Kam Tin Road - Northbound (3),22.44312344,114.051003,North West,3.0,100.02777777777777,-0.07116373946399479,167.0,-0.1149007809698992,103,-0.04931270412573847,-0.14540238425496566,6.5,2.049135220125786,-0.09348467320025652
TDS90023,Tsuen Wan,Tuen Mun Road near Ting Kau - Westbound (4),22.36789635,114.0718972,South West,4.0,63.075235490061985,-0.07116219625188469,200.0,-0.09774503675792567,215,-0.06188649935069366,-0.35469067882634686,9.5,11.3671875,-0.06579760974248139
TDSTPR10008,Tai Po,Tai Po Road - Tai Po Kau near Po Leung Kuk Tin Ka Ping Millennium Primary School - Southbound,22.42930954,114.1963501,South,1.0,58.315880893300246,-0.07060240963855413,183.0,-0.07121922416496185,244,-0.025058070529003475,-0.19999999999999996,9.0,1.9523809523809523,-0.06985207650342833
TDS90035,Tuen Mun,Tuen Mun Road near Tai Lam - Westbound,22.35614486,114.0231888,West,3.0,83.88262910798122,-0.07058962556022408,172.0,-0.10394908635375166,124,-0.044136716309384205,-0.20181548806940874,7.0,9.802380952380952,-0.0882963059222083
TDSMOSB20005,Sha Tin,Ma On Shan Bypass near Wu Kai Sha MTR Station - Westbound,22.4278512,114.2455973,South West,3.0,52.77777777777778,-0.07032900694234834,201.0,-0.07603374396432006,235,-0.02900602893360457,-0.3017127799736494,9.0,2.888888888888889,-0.06957867380722253
AID09104,Tsuen Wan,Cheung Pei Shan Road near Discovery Park - Eastbound,22.37657839,114.1138278,East,2.0,65.01428571428572,-0.06993354522571904,186.0,-0.08691089947932507,191,-0.0330954368142871,-0.1863707497510314,9.75,1.0,-0.06226183202917698
TDSTPR20014,Sha Tin,Tai Po Road - Ma Liu Shui near Sha Tin Sewage Treatment Works - Northbound,22.40679435,114.2098273,North East,2.0,59.65288818229995,-0.0699247788667503,200.0,-0.06251809670881192,217,-0.01313486720145569,-0.20697317451435537,8.25,2.611111111111111,-0.07609582579304076
AID05134,Tsuen Wan,Tsuen Wan Road near Hoi Shing Garden - Northbound,22.37236722,114.1066931,North West,2.0,76.41157556270096,-0.06971253758799578,190.0,-0.0977826526396054,205,-0.04287953227381372,-0.14642766855298206,10.0,4.1,-0.05973369770431497
AID08113,Islands District,North Lantau Highway near Tai Ho Wan - Westbound (2),22.30216382,113.9768204,South West,3.0,92.45236896571012,-0.06953444614895676,167.0,-0.058563439327504296,236,-0.04476432710217715,-0.13706407137064058,14.5,2.6666666666666665,-0.018027325896778405
AID10218,Tuen Mun,Kong Sham Western Highway near Fuk Hang Tsuen - Southbound,22.41925055,113.9895129,North East,2.0,79.23205741626795,-0.06935874168179068,161.0,-0.10502554732894975,105,-0.05847275756500255,-0.1706349206349207,6.0,0.6944444444444444,-0.09629392879232991
AID10213,Yuen Long,Kong Sham Western Highway near San Sang San Tsuen - Southbound,22.43951022,113.9855709,South West,3.0,88.13451492537314,-0.06860458462763586,177.0,-0.09366458517629805,145,-0.06470554720451725,-0.10555256064690022,6.5,1.1310718586912887,-0.09092551836389759
TDSMOSB20001,Sha Tin,Ma On Shan Bypass near Hang Fai Street Park - Westbound,22.41460057,114.2293417,South West,2.0,88.41369047619048,-0.06831299607556118,201.0,-0.08395644743359676,235,-0.040772113770900814,-0.23284072249589494,9.0,3.2232558139534886,-0.06756266294043538
AID10107,Tuen Mun,Kong Sham Western Highway near Yick Yuen Road - Northbound (1),22.43015106,113.9825239,North East,3.0,87.35305385771846,-0.06827369543006712,191.0,-0.10006923027723658,144,-0.03875502175255851,-0.10450038138825335,7.0,0.9305555555555556,-0.08598037579205134
TDS20007,Sha Tin,Tate's Cairn Highway near Ah Kung Kok Fishermen Village - Southbound,22.40376728,114.2179457,South West,2.0,63.36861820888117,-0.06789469338270582,201.0,-0.08598345918734263,235,-0.03208190130375517,-0.15915915915915912,9.0,6.041666666666666,-0.06714436024758001
TDSCPRLT10001,Tuen Mun,Castle Peak Rd-Lam Tei near Lam Tei Interchange - Northbound,22.41715514,113.9815999,North East,2.0,47.082644628099175,-0.06773679417122047,201.0,-0.09267638028005187,152,-0.023634147509265235,-0.15384615384615385,7.0,6.2125,-0.0854434745332047
TDSMOSB20002,Sha Tin,Ma On Shan Bypass near Ma On Shan Fire Station - Westbound,22.41740787,114.2328588,South West,2.0,84.85907944514503,-0.06720513894707436,199.0,-0.07587459974208988,233,-0.03321468194517212,-0.32146525162615547,7.5,2.4444444444444446,-0.08029756593478107
TDS90073,Yuen Long,San Tin Highway near Sha Po Tsuen - Northbound,22.45599209,114.0513606,North,3.0,66.39837398373983,-0.06695561875808531,184.0,-0.07479572595851669,155,-0.023682718006365684,-0.15893228930949688,6.0,4.0588235294117645,-0.09389080586862454
TDS91031,Tuen Mun,Tuen Mun Road near Tuen Mun Siu Lun Government Complex - Southbound,22.38383087,113.9800733,South East,4.0,83.9366125760649,-0.06691830629752449,201.0,-0.0806334287828191,148,-0.021757715407810473,-0.16262230919765164,7.0,6.694444444444445,-0.08462498665950871
TDSTPR10014,Sha Tin,Tai Po Road - Ma Liu Shui near De Yucca - Southbound,22.41540117,114.2058957,South East,1.0,64.98387096774194,-0.06676302000484058,194.0,-0.07977528089887653,231,-0.04079149673063202,-0.2118725868725868,8.25,2.875,-0.07293406693113104
TDSTPR10006,Tai Po,Tai Po Road - Tai Po Kau near Tai Po Kau Park - Southbound,22.43271464,114.1904058,North East,1.0,59.8,-0.06653986236938625,178.0,-0.06873747561039922,248,-0.02387591512606658,-0.245360644257703,9.0,1.8571428571428572,-0.06578952923426044
TDS91013,Tsuen Wan,Tuen Mun Road near Sham Tseng - Eastbound (5),22.3656784,114.0514999,East,3.0,73.84249084249085,-0.06650995739645071,201.0,-0.09633884022562267,216,-0.029620725138580446,-0.2725326407412606,9.5,8.0,-0.06114537088704741
TDS91058,Yuen Long,San Tin Highway near Sha Po Tsuen - Southbound,22.45539574,114.0509239,South West,3.0,92.36271186440678,-0.06644949326151539,184.0,-0.11913659582508918,155,-0.07395968877869166,-0.2261900314582267,6.0,9.568965517241379,-0.09338468037205462
AID09122,Sha Tin,Tolo Highway near Sha Tin Sewage Treatment Works - Northbound,22.40630672,114.2097689,North East,3.0,72.57979591836735,-0.06631589397398985,191.0,-0.08963257606984565,225,-0.04057895029270977,-0.18842975206611556,9.0,4.5092592592592595,-0.06556556083886404
AID01203,Kowloon City,Waterloo Road near Junction Road - Southbound,22.33891517,114.1791653,South,2.0,63.462505295862165,-0.0662544659536708,191.0,-0.08976856616327211,211,-0.035057720142609786,-0.18577075098814244,8.5,3.0277777777777777,-0.0701183861928225
TDSTPR20009,Tai Po,Tai Po Road - Tai Po Kau near Tai Po Mei - Northbound,22.42007139,114.1960963,North,1.0,53.976190476190474,-0.06601671089830918,165.0,-0.05536594492101754,234,-0.019167249110599315,-0.33884297520661155,8.5,2.076923076923077,-0.06988063113746089
TDS90089,North District,Fanling Highway near Kwu Tung - Eastbound (1),22.50384525,114.0951588,East,4.0,82.92241379310344,-0.06544372294164558,26.0,-0.08520470606866182,53,-0.024072211592933847,-0.07503711832705662,5.0,4.414285714285715,-0.10160741680073981
AID09111,Sha Tin,Shing Mun Tunnel Road near Puguangming Temple - Eastbound,22.3824695,114.1739419,South East,2.0,85.31770833333333,-0.06543852803457795,191.0,-0.08307141072675561,227,-0.04175742658067599,-0.1494736842105262,9.0,3.59375,-0.06468819489945214
TDSSPWR20003,Southern District,Shek Pai Wan Road near Shek Pai Wan Road Playground - Westbound,22.249238,114.1450546,West,2.0,82.21882352941176,-0.06495756021305299,196.0,-0.06923789579593942,219,-0.019869220976204624,-0.2543471555640624,10.0,4.935882352941176,-0.05497872032937218
AID08114,Islands District,North Lantau Highway near Tai Ho Wan - Westbound (3),22.30009053,113.9725727,South West,3.0,97.94632768361582,-0.06491821142205811,179.0,-0.05966208305456577,286,-0.048046600319487855,-0.1217564870259481,14.5,2.740740740740741,-0.013411091169879756
AID09105,Tsuen Wan,Cheung Pei Shan Road near Tsuen Kam Interchange - Eastbound,22.37545196,114.1203145,East,2.0,81.54545454545455,-0.06466589217149021,190.0,-0.09480100737902686,210,-0.03909213619560164,-0.2015488934494425,10.0,0.6227272727272727,-0.0546870522878094
AID03102,Central & Western District,Connaught Road West near Western Wholesale Food Market - Northbound,22.2887006,114.1388353,North East,2.0,55.208333333333336,-0.06405676414792194,187.0,-0.0674789823921228,211,-0.0191723640903867,-0.19016697588126164,11.5,1.3916666666666666,-0.04023516414140861
TDS90031,Tsuen Wan,Tuen Mun Road near Hong Kong Garden - Westbound (1),22.36420723,114.041297,South West,3.0,77.21441957592631,-0.06399514652855787,201.0,-0.07955620141628028,209,-0.030973686635658113,-0.24537607891491975,9.5,12.06060606060606,-0.058630560019154565
TDS91017,Tsuen Wan,Tuen Mun Road near Ka Loon Tsuen - Eastbound (1),22.35769762,114.0324685,North East,4.0,78.48,-0.06387831181334203,199.0,-0.09841303133486434,214,-0.0351984353625076,-0.17440660474716208,9.5,6.413194444444445,-0.058513725303938724
TDSTYR20002,Yuen Long,Tin Ying Road near Tin Yuet Road - Southbound,22.47096761,113.9973235,South West,2.0,69.80952380952381,-0.06383960897750351,184.0,-0.0442646358876726,155,-0.02881854681127753,-0.1661131037251551,6.0,0.688259109311741,-0.09077479608804274
TDS90004,Sha Tin,Tai Po Road Sha Tin near Plaza Ascot - Southbound,22.39867733,114.2020853,South West,4.0,72.4039431225608,-0.06368676968019671,167.0,-0.10225678590996545,191,-0.05259052512145315,-0.33533149502457726,9.0,8.23611111111111,-0.0629364365450709
TDS90032,Tsuen Wan,Tuen Mun Road near Hong Kong Garden - Westbound (2),22.36119675,114.037397,South West,3.0,91.50115473441109,-0.0635510852033826,198.0,-0.08501764736462791,212,-0.02695824468176128,-0.19742718246403346,9.75,11.66649011299435,-0.05587937200684054
AID09253,North District,Fanling Highway near Fanling Station - Westbound,22.49215785,114.1378859,North West,3.0,94.81560071727435,-0.06350134097194737,172.0,-0.12227369116325792,211,-0.05765465448680278,-0.19391502275641592,5.0,3.1117277099519054,-0.09966503483104161
TDSPERE20001,Kowloon City,Prince Edward Road East near Regal Oriental Hotel - Southbound,22.32915235,114.1927836,South West,2.0,77.80285862785863,-0.06330465120821649,201.0,-0.10676288776725462,215,-0.04079619028501914,-0.20434782608695645,8.5,5.9,-0.0671685714473682
TDSTPR20008,Tai Po,Tai Po Road - Tai Po Kau near Dragon Fountain - Northbound,22.42323203,114.196359,North,1.0,57.784615384615385,-0.06326227146302199,161.0,-0.055237519887458175,210,-0.08198669868608766,-0.2913752913752914,8.5,2.0277777777777777,-0.0671261917021737
AID08201,Islands District,North Lantau Highway near Tung Chung (N) - Eastbound (1),22.29380308,113.9379186,South East,3.0,91.90717976824303,-0.06315098228780947,173.0,-0.0676050047590595,282,-0.03965035344955198,-0.10365853658536572,14.5,0.9924242424242424,-0.011643862035631107
AID07118,Wong Tai Sin,Lung Cheung Road near Po Kong Village Road - Westbound,22.34170428,114.1977746,West,3.0,61.10621761658031,-0.06312733000560389,191.0,-0.08675676629380003,245,-0.0382949655613136,-0.17540687160940327,8.0,4.796296296296297,-0.0716055036190331
AID09116,Sha Tin,Tai Po Road - Sha Tin near Wo Che Estate - Eastbound,22.38042,114.19509,East,2.0,58.6612610093667,-0.06251619262598973,95.0,-0.09435708148775612,114,-0.05059674273044809,-0.1361161524500908,7.0,5.46875,-0.08022287298797395
TDS90027,Tsuen Wan,Tuen Mun Road near Sham Tseng - Westbound (3),22.368059,114.0589254,West,3.0,86.05298701298702,-0.062353896616831994,167.0,-0.09692563273930288,164,-0.03193262686027608,-0.44834814690591984,10.0,9.707317073170731,-0.05237505673315118
TDS30001,Yuen Long,Tsing Long Highway near Ho Pui - Southbound,22.4112265,114.0612685,South West,3.0,76.79523809523809,-0.062320219656371245,184.0,-0.09803128811293926,148,-0.055414417621589884,-0.19059756101685732,6.0,3.244738091470169,-0.08925540676691048
TDS20008,Sha Tin,Tate's Cairn Highway near Sha Tin Sewage Treatment Works - Southbound,22.40718116,114.216519,South East,2.0,64.7578125,-0.06220532523012423,201.0,-0.08943523183714963,235,-0.04267679205563753,-0.18412121627643896,9.0,10.875,-0.06145499209499843
TDS90043,Tuen Mun,Tuen Mun Road near Harrow International School Hong Kong - Westbound (1),22.3758817,113.993455,West,3.0,77.44513255508483,-0.062145816467450765,201.0,-0.08435004706858706,152,-0.033036433458948994,-0.17229729729729726,7.0,8.491666666666667,-0.07985249682943499
TDS90030,Tsuen Wan,Tuen Mun Road near Sham Tseng - Westbound (6),22.36551131,114.0457717,West,3.0,79.84666666666666,-0.062045159907085035,201.0,-0.09636280452933765,215,-0.03534683710341758,-0.17202534616287257,9.5,9.194444444444445,-0.05668057339768173
AID90009,Sha Tin,Tai Po Road - Sha Tin near Lek Yuen Estate - Westbound,22.38577,114.19031,West,3.0,45.003921568627455,-0.0619624439131794,96.0,-0.08306530626974273,120,-0.04659994216615239,-0.08825891753851223,7.0,3.2738095238095237,-0.07966912427516362
TDS10005,Sha Tin,Sha Tin Road near Tai Chung Kiu Road - Southbound,22.38773258,114.2005297,South,2.0,79.828125,-0.061249599101807384,130.0,-0.074093797395278,171,-0.0429275232548385,-0.21204060120043033,7.0,4.153159340659341,-0.0789562794637916
AID05232,Kwun Tong,Kai Fuk Road near Billion Centre - Eastbound,22.32081529,114.2059246,South East,2.0,46.243589743589745,-0.06115231654724551,191.0,-0.07832361984305447,217,-0.019982896574087868,-0.18905109489051097,8.5,3.7541666666666664,-0.06501623678639722
TDSTPR20012,Sha Tin,Tai Po Road - Ma Liu Shui near De Yucca - Northbound,22.41568117,114.2055947,North West,2.0,74.17613636363637,-0.060918065831367274,194.0,-0.08194637537239324,219,-0.03634406497054785,-0.399546660769571,8.25,0.9521428571428572,-0.06708911275765773
AID07126,Sham Shui Po,Lung Cheung Road Beacon Heights - Westbound (2),22.34192192,114.1647205,West,2.0,66.98784143904064,-0.06078749418394247,191.0,-0.08584661390376369,240,-0.03085241436637298,-0.17566594672426195,10.5,8.628409090909091,-0.046194400925984154
AID10212,Yuen Long,Kong Sham Western Highway near Ha Tsuen Road - Southbound,22.44369017,113.9846131,South East,3.0,90.6621212121212,-0.06061812666331323,178.0,-0.11649024585820122,149,-0.05460411753827466,-0.13690016198490773,6.5,1.199810606060606,-0.08293906039957497
TDS91048,Yuen Long,Yuen Long Highway near Lam Hau Tsuen - Westbound,22.43657426,114.0178839,West,3.0,75.70687989177699,-0.060172692930383076,183.0,-0.1093648374295999,154,-0.06321037692175642,-0.09300518134715019,6.0,8.1875,-0.0871078800409223
TDS90016,Tsuen Wan,Tuen Mun Road near Tsuen Wan Road - Westbound,22.37375565,114.101624,West,4.0,65.23057644110276,-0.06016232951217482,201.0,-0.09158669599860636,214,-0.03837411911214546,-0.1430968726163233,9.5,7.625,-0.054797743002771515
TDSMOSB20004,Sha Tin,Ma On Shan Bypass near Lee On Estate - Westbound,22.42410509,114.2419045,South West,3.0,76.17272727272727,-0.060053431762500664,201.0,-0.07966582580018078,235,-0.025701418155026762,-0.268421052631579,9.0,2.264835164835165,-0.059303098627374866
TDS91020,Tuen Mun,Tuen Mun Road near Tuen Mun Road Bus-Bus Interchange - Eastbound (1),22.35940007,114.0182046,South East,4.0,82.43409787499651,-0.06002606875919525,201.0,-0.09001255710931111,152,-0.026245717003330976,-0.2586015538290789,7.0,3.783854166666667,-0.07773274912117947
TDS90037,Tuen Mun,Tuen Mun Road near Tuen Mun Road Bus-Bus Interchange - Westbound (2),22.36224227,114.0157548,North West,3.0,74.82020202020202,-0.059832604574165726,201.0,-0.10075015317697322,147,-0.0389185121124913,-0.16724137931034488,7.0,10.121969696969696,-0.07753928493614995
TDSMOSB20003,Sha Tin,Ma On Shan Bypass near Ma On Shan Service Reservoir - Westbound,22.42078397,114.2364831,South West,2.0,76.25232276760374,-0.05964174983324266,198.0,-0.0581872435658336,233,-0.023521388822277105,-0.27281631371200477,8.25,3.125,-0.06581279675953312
AID10103,Tuen Mun,Kong Sham Western Highway near Fuk Hang Tsuen - Northbound (3),22.41984988,113.9924066,South West,2.0,74.03333333333333,-0.059625873886484326,185.0,-0.08595283947537169,136,-0.029622765320216758,-0.15000000000000002,7.0,0.5535714285714286,-0.07733255424846855
AID10217,Tuen Mun,Kong Sham Western Highway near Tsing Yick Road - Southbound,22.42318207,113.984622,South East,3.0,78.80172413793103,-0.059531875953228175,163.0,-0.09283954590505705,108,-0.03702540817648392,-0.14381720430107536,6.0,4.976190476190476,-0.0864670630637674
TDS10002,Sha Tin,Sha Tin Road near New Territories Fire Command Headquarters - Southbound,22.3908574,114.1987337,South,2.0,67.6921041921042,-0.05940594059405946,201.0,-0.07217737788680612,235,-0.02722006971960822,-0.317738791423002,9.0,4.559027777777778,-0.05865560745893366
TDSLFR10001,Tuen Mun,Lung Fu Road near Wong Chu Road - Eastbound,22.38696869,113.9690182,South East,3.0,62.59595357652253,-0.05924014758201934,201.0,-0.0761257531722832,148,-0.003693632320984578,-0.1248534858643161,7.0,7.390243902439025,-0.07694682794400357
TDS90044,Tuen Mun,Tuen Mun Road near Harrow International School Hong Kong- Westbound (2),22.37524705,113.9912517,West,3.0,75.22222222222223,-0.05920037791831534,83.0,-0.11328219529398875,83,-0.04070284701705646,-0.12239050347932867,6.0,9.097222222222221,-0.08613556502885457
AID07110,Kwun Tong,Kwun Tong Road near Lai Yip Street - Westbound,22.31546654,114.2181042,North West,2.0,49.51428571428571,-0.059157674695374696,191.0,-0.07842890809112324,221,-0.01389153960154774,-0.28787878787878796,8.5,4.836038961038961,-0.0630215949345264
TDSIEC20001,Wan Chai,Gloucestor Road near Fleming Road - Westbound,22.27943057,114.174303,West,4.0,56.02234868515937,-0.05904312044773519,200.0,-0.11586667202160938,210,-0.01912825042860702,-0.24846075174935423,9.25,10.434151785714285,-0.05598566062547063
AID08211,Islands District,North Lantau Highway near Tai Ho Wan - Eastbound (4),22.30121328,113.974939,North East,3.0,100.48538011695906,-0.05899228968523096,179.0,-0.061760059177728754,284,-0.04152435674408416,-0.17489859222142679,14.5,1.9074074074074074,-0.007485169433052601
TDS90029,Tsuen Wan,Tuen Mun Road near Sham Tseng - Westbound (5),22.3655231,114.0492281,West,3.0,81.36570247933884,-0.058523689065561046,201.0,-0.08234542407983181,216,-0.03529061660236552,-0.20142348754448403,9.5,9.851851851851851,-0.053159102556157745
TDSTPR20001,Tai Po,Tai Po Road - Tai Po Kau near Tai Po Kau Fresh Water Pumping Station - Northbound,22.44241391,114.178963,North West,1.0,65.84857571214393,-0.058506988564167695,181.0,-0.05503754795361693,242,-0.023817722253019136,-0.17452830188679247,9.0,3.0833333333333335,-0.057756655429041896
AID08120,Islands District,North Lantau Highway near Caribbean Coast Phase 3 - Westbound,22.29024412,113.9498605,South West,3.0,90.15384615384616,-0.058416709596612715,177.0,-0.06985653946799375,284,-0.060948295804013855,-0.10746887966804985,14.5,1.8888888888888888,-0.006909589344434357
TDSNCWBR20002,Kwun Tong,New Clear Water Bay Road near Shun Lee Disciplined Services Quarters - Westbound (2),22.33303908,114.221798,North West,2.0,55.52,-0.05830186643650892,197.0,-0.07220888779075918,231,-0.02049746113438164,-0.16923076923076918,8.5,5.4714052287581705,-0.062165786675660625
TDSTPR10010,Tai Po,Tai Po Road - Tai Po Kau near Dragon Fountain - Southbound,22.42241023,114.1965434,South,1.0,72.2,-0.05830008370487716,160.0,-0.047348998180545054,230,-0.04857917581837016,-0.29969751966122204,8.75,1.4545454545454546,-0.059856877256890116
TDSLTR10004,Yuen Long,Long Tin Road near Tong Yan San Tsuen Interchange - Southbound,22.44153951,114.0163822,South,3.0,72.50516021639618,-0.05814717036283401,184.0,-0.09033457828843705,154,-0.04442347367844194,-0.13860227033299843,6.0,10.38888888888889,-0.08508235747337324
AID10209,Yuen Long,Kong Sham Western Highway near Helipad - Southbound,22.4499747,113.9766576,South East,3.0,87.53333333333333,-0.05752200222483683,168.0,-0.11252203599256494,137,-0.06168679591458558,-0.1479213957278389,6.0,1.0606060606060606,-0.08445718933537606
AID03124,Yuen Long,Tsing Long Highway near Castle Peak Road (Yuen Long) - Northbound (1),22.44718551,114.0489301,North West,2.0,102.30508474576271,-0.057467243791492484,178.0,-0.09821238834959256,146,-0.05213309158844657,-0.2113237639553429,6.5,0.6429738562091503,-0.07978817752775422
AID09206,Tsuen Wan,Cheung Pei Shan Road near Discovery Park - Westbound,22.37653308,114.1134394,West,3.0,81.42105263157895,-0.057446670611067896,183.0,-0.07410484789996907,192,-0.03458827789972144,-0.17431192660550454,10.0,0.6666666666666666,-0.047467830727387084
TDSJCR10001,North District,Jockey Club Road near Fanling Government Primary School - Southbound,22.49373933,114.1429777,South East,2.0,75.82934782608694,-0.05737455304883077,170.0,-0.07665811965811964,211,-0.0256551917282673,-0.19281045751633985,5.0,1.3,-0.093538246907925
TDS91003,Tsuen Wan,Tuen Mun Road near Hanley Villa - Eastbound,22.36974004,114.089567,North East,3.0,70.28440366972477,-0.057191587127783716,196.0,-0.07046998970028873,196,-0.030013307671153247,-0.31998771588989694,9.5,4.944444444444445,-0.051827000618380414
AID01221,Southern District,Wong Chuk Hang Road near Aberdeen Police Station - Westbound,22.24862632,114.1617697,South West,3.0,50.77053824362606,-0.05706716419207347,190.0,-0.061277267460410734,213,-0.01226779143851911,-0.1592324208266238,10.0,4.854166666666667,-0.04708832430839266
TDS90014,Sha Tin,Shing Mun Tunnel Road near Puguangming Temple - Westbound,22.38258687,114.1727766,West,3.0,71.62566844919786,-0.05697912708591979,201.0,-0.05231364020780471,235,-0.02865256565335223,-0.18977293705002785,9.0,4.276875901875902,-0.05622879395079399
TDS90081,Yuen Long,San Tin Highway near Mai Po San Tsuen - Northbound,22.49015203,114.0606103,South,3.0,87.80547112462006,-0.05695325434938492,184.0,-0.07890243401879893,155,-0.05722188807865758,-0.18192663523950903,6.0,5.866666666666666,-0.08388844145992415
AID10115,Yuen Long,Shenzhen Bay Bridge - Northbound (2),22.45868908,113.9695333,North West,3.0,93.74391891891892,-0.056125089362001224,178.0,-0.11614531265586414,145,-0.06286521585220559,-0.1574170665404272,6.5,1.2978503513848698,-0.07844602309826296
TDS91059,Yuen Long,San Tin Highway near Mo Fan Heung - Southbound,22.4597226,114.0525814,South,3.0,87.81305645718457,-0.055814658077603774,176.0,-0.10636030212123981,154,-0.060749509830422654,-0.22116457547539814,5.75,6.005691056910569,-0.08505697187528176
TDSTPR20006,Tai Po,Tai Po Road - Tai Po Kau near Po Leung Kuk Tin Ka Ping Millennium Primary School - Northbound,22.42967078,114.1962239,North West,2.0,49.608695652173914,-0.05555555555555558,183.0,-0.054145808975774146,240,-0.0303606277121369,-0.2213114754098361,9.0,1.4722222222222223,-0.05480522242042978
TDS91008,Tsuen Wan,Tuen Mun Road near Ting Kau - Eastbound (5),22.36668572,114.0710631,North East,3.0,87.6647564469914,-0.055472644714698593,201.0,-0.06879972420432257,216,-0.02734509755630977,-0.19931646305991868,9.5,4.682926829268292,-0.05010805820529529
TDS91015,Tsuen Wan,Tuen Mun Road near Hong Kong Garden - Eastbound (1),22.3648317,114.0429372,East,3.0,77.82507288629738,-0.05540851690764814,200.0,-0.0869034727561373,215,-0.04548694757634101,-0.17561393489434596,9.5,8.052777777777777,-0.05004393039824484
TDS91028,Tuen Mun,Tuen Mun Road near Harrow International School Hong Kong - Eastbound (2),22.37504729,113.9903004,East,3.0,76.72870662460568,-0.05519784403777839,201.0,-0.07550793743947892,149,-0.017861567047411573,-0.18150684931506866,7.0,7.792857142857143,-0.07290452439976261
TDS91057,Yuen Long,Yuen Long Highway near Tsing Long Highway - Westbound (2),22.45211634,114.0491976,South,2.0,80.40492957746478,-0.055089361802232784,182.0,-0.10019373894999828,151,-0.04415546992859494,-0.2758514418300766,5.75,9.181818181818182,-0.08433167559991077
AID10111,Yuen Long,Kong Sham Western Highway near San Wai Sewage Treatment Plant - Northbound,22.44679305,113.9816264,North West,3.0,84.80956549419068,-0.055007186782790374,173.0,-0.10180665041512205,140,-0.04781291514583474,-0.08983451536643006,6.5,0.8387554927809165,-0.07732812051905211
TDS91067,Yuen Long,San Tin Highway near San Tin Soccer Pitch - Southbound,22.49238511,114.064243,West,3.0,91.02173913043478,-0.05499451311004733,176.0,-0.07500851884136028,153,-0.035454282894742443,-0.1382369275064551,6.25,7.048780487804878,-0.07962257353344782
TDS30005,Yuen Long,Tsing Long Highway near Kam Sheung Road MTR Station - Southbound (3),22.43706083,114.0587506,South East,4.0,85.53636363636363,-0.054978845398007126,179.0,-0.07598050924377775,155,-0.03959080368294632,-0.2711802042130439,5.5,2.7837094111172265,-0.08652828588282387
TDS20002,Sha Tin,Tate's Cairn Highway near Shek Mun Riverside Garden - Southbound,22.38405537,114.2106376,South,2.0,76.85554049984944,-0.05492687566835408,201.0,-0.06768035900142799,235,0.009802255003706697,-0.205877460493485,9.0,4.484090909090909,-0.05417654253322828
TDS91061,Yuen Long,San Tin Highway near Kam Pok Road East - Southbound,22.46799599,114.0545853,South,4.0,71.96794871794872,-0.05488109624027815,182.0,-0.08020064250690417,155,-0.03884757190236716,-0.1354855249876512,5.75,6.252873563218391,-0.08412341003795613
TDSPBH20002,Tsuen Wan,Penny's Bay Highway near Inspiration Lake Recreation Centre - Northbound,22.32480302,114.0366761,North West,2.0,96.0,-0.05479149651102744,186.0,-0.07306849132031046,201,-0.029695090009811756,-0.3258857491547358,9.5,1.7222222222222223,-0.049426910001624136
AID08210,Islands District,North Lantau Highway near Tai Ho Wan - Eastbound (3),22.29954683,113.9710984,North East,3.0,91.53333333333333,-0.054552876619446966,179.0,-0.05404321522818356,284,-0.03139723689224076,-0.20122887864823358,14.5,2.119047619047619,-0.003045756367268608
TDS30006,Yuen Long,Tsing Long Highway near Au Tau Treatment Works - Southbound,22.43957773,114.0552513,South East,3.0,91.81818181818181,-0.05444750138498722,178.0,-0.06820831939579741,155,-0.035802558626493536,-0.1887543124146731,5.75,2.4375,-0.0836898151826652
AID02125,Sha Tin,Tate's Cairn Highway near Tai Shui Hang Bicycle Park - Northbound,22.40600689,114.2177521,North West,2.0,76.11255411255411,-0.054250310746913555,172.0,-0.07209597733451067,219,-0.03713264107050879,-0.18472484276729562,9.0,2.986607142857143,-0.053499977611787757
TDSCPRKC20003,Tsuen Wan,Castle Peak Rd-Kwai Chung near Kwok Shui Road Park - Westbound (2),22.37080449,114.1305599,West,3.0,48.666666666666664,-0.054194734956707125,201.0,-0.07113477665423784,216,-0.021042257919076032,-0.0874033473622392,9.5,6.283333333333333,-0.04883014844730382
TDSTKR10001,Tai Po,Ting Kok Road near Fortune Garden - Eastbound,22.45951611,114.1987444,East,2.0,66.31923311016433,-0.054143435787467165,171.0,-0.056288795837693195,244,-0.024258464334207818,-0.18641975308641978,9.5,3.1667888563049855,-0.04877884927806386
AID10101,Tuen Mun,Kong Sham Western Highway near Fuk Hang Tsuen - Northbound (1),22.41672308,113.9904293,North East,1.0,63.39583333333333,-0.05389442972872338,186.0,-0.10483765548575397,144,-0.03770132186877119,-0.15612724466891126,7.0,4.641964285714286,-0.0716011100907076
TDS91022,Tuen Mun,Tuen Mun Road near Correctional Services Department Married Staff Quarters - Eastbound,22.36529227,114.0134405,South East,3.0,70.92167278346533,-0.05382493938216082,201.0,-0.0863055106552213,152,-0.02274458664795744,-0.14323374340949035,7.0,8.772727272727273,-0.07153161974414504
TDS90021,Tsuen Wan,Tuen Mun Road near Ting Kau - Westbound (2),22.37173893,114.0792542,West,4.0,68.82981020806511,-0.05370230479925431,201.0,-0.08477242399708884,216,-0.03432728924545808,-0.14414414414414412,9.5,7.645833333333334,-0.048337718289851006
TDS30008,Yuen Long,Tsing Long Highway near Yuen Long Highway - Southbound (2),22.44792584,114.0487254,South,2.0,88.73684210526316,-0.05369588718606377,180.0,-0.04949301345252066,154,-0.022916048310134093,-0.2950405877490492,5.5,0.9154761904761904,-0.08524532767088051
AID07226,Kwun Tong,Kwun Tong Road near Hong Kong Student Aid Society - Eastbound,22.31123743,114.2278957,South East,4.0,40.57729593300063,-0.05356831130084272,173.0,-0.07118085983964195,215,-0.025832399054944985,-0.1228070175438597,13.5,5.925,-0.011289697797219375
TDSJCR20001,North District,Jockey Club Road near Fanling Government Primary School - Northbound,22.49351364,114.1433471,North West,2.0,72.20979960899317,-0.05342406550719747,169.0,-0.07663906914298513,205,-0.03375206283715677,-0.21739130434782605,5.0,1.5400641025641026,-0.08958775936629171
TDS90028,Tsuen Wan,Tuen Mun Road near Sham Tseng - Westbound (4),22.36679111,114.0540621,West,3.0,82.13095238095238,-0.05314861964819351,201.0,-0.08435071545906547,216,-0.03295038688117662,-0.15064102564102566,9.5,11.274305555555557,-0.047784033138790205
TDS10009,Sha Tin,Sha Tin Road near Shui Chuen O Estate - Southbound,22.37460278,114.1961774,West,3.0,69.0776804670913,-0.05310193421897769,167.0,-0.06291696344536923,191,-0.040754152015758646,-0.35405501964987496,9.0,8.477272727272727,-0.05235160108385189
TDSYSR10001,Tai Po,Yuen Shin Road near Yuen Chau Tsai Park - Northbound,22.44647763,114.1768453,North,2.0,66.55142140468229,-0.0530253741054002,185.0,-0.06748688907056977,251,-0.02746898594852221,-0.15879828326180256,9.0,4.8125,-0.052275040970274404
TDSSPWR20001,Southern District,Shek Pai Wan Road near Wah Fu Road - Westbound,22.25236165,114.1404555,North West,2.0,63.56184605822024,-0.05279222100108738,196.0,-0.0667637561876182,219,-0.01046075816420148,-0.18367346938775508,10.0,12.583333333333334,-0.04281338111740657
TDSCPRKC20001,Tsuen Wan,Castle Peak Rd-Tseun Wan near Texaco Road Flyover - Westbound,22.37032342,114.1226566,West,4.0,46.1406746031746,-0.052551345000050986,190.0,-0.0652531819614437,196,-0.03084357495784756,-0.06912360327225653,10.0,4.542857142857143,-0.042572505116370174
TDS20009,Sha Tin,"Tate's Cairn Highway near Hyatt Regency Hong Kong, Sha Tin - Southbound",22.41128187,114.2128198,South,2.0,82.10512091607944,-0.052512348131103836,201.0,-0.07365233735640675,235,-0.049116372200027486,-0.19814302094694747,9.0,8.729166666666666,-0.05176201499597804
TDS91041,Tuen Mun,Yuen Long Highway near Kong Sham Western Highway - Westbound (2),22.41951627,113.9928538,South,3.0,78.96862745098039,-0.052478659310320475,201.0,-0.079848198645323,152,-0.01810260642941135,-0.1428571428571428,7.0,7.214285714285714,-0.0701853396723047
TDS90082,Yuen Long,San Tin Highway near San Tin Soccer Pitch - Northbound,22.49252089,114.0647093,East,3.0,95.95366854307795,-0.05231072588606933,166.0,-0.08991837973404482,114,-0.05335654291577088,-0.12185590545008596,6.5,6.140689089417555,-0.07463165962233106
TDSTCKR10004,Sha Tin,Tai Chung Kiu Road near Sha Tin Road - Northbound,22.38792217,114.200889,North East,3.0,48.5609756097561,-0.052257693003602945,177.0,-0.0635139989992275,208,-0.02044964747032637,-0.14960629921259838,9.5,6.426816239316239,-0.04689310649419964
AID08121,Islands District,North Lantau Highway near Tung Chung (N) - Westbound (1),22.28950534,113.9446992,West,3.0,101.45503568596352,-0.05218627193253744,178.0,-0.06469085932732721,284,-0.05569117595779739,-0.17391103706739797,14.5,1.4514957264957267,-0.0006791516803590844
AID01206,Kowloon City,Waterloo Road near Kowloon Tong Club - Southbound,22.32842165,114.1786021,South,2.0,46.836363636363636,-0.05217341838549716,191.0,-0.10827433227342653,212,-0.03420332737143095,-0.19354838709677424,8.5,6.333333333333333,-0.056037338624648866
TDSTTR10003,Tuen Mun,Tsing Tin Road near Tuen Mun Hospital - Eastbound,22.40578786,113.9759052,East,3.0,74.09411764705882,-0.051876316741503725,201.0,-0.06202627419507922,152,-0.009183339078177984,-0.257516339869281,7.0,2.542372881355932,-0.06958299710348795
TDSCPRKC20002,Tsuen Wan,Castle Peak Rd-Kwai Chung near Kwok Shui Road Park - Westbound (1),22.37090334,114.1288704,West,3.0,45.39112123722728,-0.05184013994482939,201.0,-0.06588111714594669,216,-0.016965865107943647,-0.11764705882352944,9.5,7.166666666666667,-0.04647555343542609
TDS90087,Yuen Long,Fanling Highway near Chau Tau Tsuen - Eastbound (1),22.50365058,114.0857706,East,3.0,92.97544642857143,-0.05158280311378072,184.0,-0.06466349278173844,155,-0.03147886968033458,-0.21819075419003697,6.0,5.702009844134537,-0.07851799022431995
TDS90071,Yuen Long,Yuen Long Highway near Long Fai Road - Eastbound,22.44904205,114.0443041,East,2.0,71.09905660377359,-0.05142518520785899,184.0,-0.07849377589284423,155,-0.03869772170620102,-0.13246427034569086,6.0,10.404017857142858,-0.07836037231839822
AID10104,Tuen Mun,Kong Sham Western Highway near The Sherwood - Northbound,22.4189147,113.988037,North West,2.0,64.11764705882354,-0.051290519336544715,172.0,-0.07513859992632921,124,-0.012678764157705372,-0.19217091585512636,6.0,2.3555555555555556,-0.07822570644708395
TDS91056,Yuen Long,Yuen Long Highway near Tsing Long Highway - Westbound (1),22.44871879,114.0465679,West,2.0,61.43867924528302,-0.051271906846714344,180.0,-0.09427821134001557,155,-0.05300647786741221,-0.20388942445732083,5.5,10.858333333333334,-0.08282134733153108
TDS90015,Sha Tin,Shing Mun Tunnel Road near Shun Shin Chee Kit Yin Koon - Westbound,22.38140375,114.1692712,South West,3.0,81.60328712871288,-0.051210396577689665,198.0,-0.058360227895000616,225,-0.025120186077485177,-0.20109243111960518,9.0,3.388888888888889,-0.05046006344256387
AID10210,Yuen Long,Kong Sham Western Highway near Ha Tsuen Weigh Station - Southbound,22.44775709,113.9797987,South West,3.0,91.45996631965707,-0.05102604281295009,32.0,-0.07553057786985884,62,-0.04289707706906329,-0.08507197600145333,7.0,0.7534722222222222,-0.06873272317493431
TDSPERE20002,Kowloon City,Prince Edward Road East near Lee Kau Yan Memorial School - Southbound,22.3312743,114.1950358,South West,2.0,83.47530795281159,-0.05102280166792783,128.0,-0.08368530535686358,120,-0.016811187340073936,-0.3380664362596635,8.5,6.170454545454545,-0.054886721907079536
TDSTTR10002,Tuen Mun,Tsing Tin Road near Tuen Mun Tang Shiu Kin Sports Ground - Eastbound,22.40517157,113.9741288,East,3.0,51.98275862068966,-0.05095364405709235,201.0,-0.06349585247259437,152,-0.01051358097538271,-0.12055335968379455,7.0,4.130341880341881,-0.06866032441907657
TDS90033,Tsuen Wan,Tuen Mun Road near Ka Loon Tsuen - Westbound (1),22.35843899,114.0334483,South West,3.0,78.05263157894737,-0.0508452796851786,201.0,-0.07879423947737951,216,-0.022783938708396137,-0.20774456521739126,9.5,8.50925925925926,-0.0454806931757753
TDS90083,Yuen Long,San Tin Highway near Mai Po Lung - Northbound,22.49353485,114.0684402,East,3.0,88.31582525922148,-0.050779755656584546,184.0,-0.07204125035827702,155,-0.04318916089893522,-0.13379996200171107,6.0,6.097560975609756,-0.07771494276712378
TDS90063,Yuen Long,Yuen Long Highway near Tong Yan San Tsuen Interchange - Eastbound,22.43793378,114.0138024,East,4.0,76.70270270270271,-0.050614052364269635,184.0,-0.08839333404550798,155,-0.037151026581340486,-0.17649165776418707,6.0,6.95,-0.07754923947480886
TDS90020,Tsuen Wan,Tuen Mun Road near Ting Kau - Westbound (1),22.36943947,114.0849261,West,3.0,71.81395031100564,-0.0505203980673562,201.0,-0.07970596066542956,216,-0.03353786016883424,-0.252204585537919,9.5,6.591666666666667,-0.045155811557952896
TDSNCWBR20001,Kwun Tong,New Clear Water Bay Road near Shun Lee Disciplined Services Quarters - Westbound (1),22.33172089,114.2207686,South,1.0,60.660377358490564,-0.050380720892994946,185.0,-0.05861152531043523,225,-0.014348219128878514,-0.1519999999999999,8.5,6.498717948717949,-0.05424464113214665
TDSMOSR10002,Sha Tin,Ma On Shan Road near Tai Shui Hang MTR Station - Northbound,22.40819105,114.2223174,North East,3.0,63.19578313253012,-0.05019575568826162,201.0,-0.07421207028716315,235,-0.031685568840930524,-0.15629622325214476,9.0,8.662698412698411,-0.049445422553135825
TDSTPR20010,Sha Tin,Tai Po Road - Ma Liu Shui near Chek Nai Ping - Northbound,22.41937572,114.198641,West,1.0,66.36,-0.050035992196404755,194.0,-0.03845283940778499,224,-0.025363412237380277,-0.31730580551117094,8.25,2.7785714285714285,-0.056207039122695215
TDS90062,Yuen Long,Yuen Long Highway near Tong Yan San Tsuen Road - Eastbound,22.43748776,114.0103447,East,3.0,90.05773195876289,-0.04995132828155935,183.0,-0.082434182663495,154,-0.03132205655220462,-0.23323393612928056,6.0,7.12962962962963,-0.07688651539209858
AID09251,North District,Fanling Highway near Dawning Views - Westbound,22.48774374,114.1459625,North West,3.0,72.98171488368646,-0.049930351435835574,172.0,-0.12563599367973466,213,-0.06335621228211581,-0.16712809557028252,5.0,2.9285714285714284,-0.08609404529492981
TDS91063,Yuen Long,San Tin Highway near Chun Shin Road - Southbound,22.47738991,114.0576476,South,3.0,85.13142857142857,-0.049910593865110986,184.0,-0.09280581960994339,155,-0.05279018309010606,-0.17930861019195055,6.0,5.649074074074074,-0.07684578097565022
AID10215,Yuen Long,Kong Sham Western Highway near Yick Yuen Road - Southbound (2),22.4313886,113.982833,South West,3.0,82.3812962962963,-0.04989207255216144,176.0,-0.06457198414219012,148,-0.031917682268690836,-0.07517912440157426,6.5,1.133522727272727,-0.07221300628842317
TDS90074,Yuen Long,San Tin Highway near Mo Fan Heung - Northbound,22.46016517,114.0526879,North,3.0,80.84620159263633,-0.049803597605571515,184.0,-0.09809319171442277,155,-0.052698697715113735,-0.15145023905092514,6.0,7.443181818181818,-0.07673878471611074
TDSIEC10004,Wan Chai,Gloucestor Road near Stewart Road - Eastbound,22.27971957,114.1767191,East,4.0,55.414149051446685,-0.04979530806287258,201.0,-0.0870780762844855,211,-0.012403188005334718,-0.1741176470588235,9.5,10.634375,-0.04443072155346928
TDSTTR20001,Tuen Mun,Tsing Tin Road near Tsing Tin Playground - Westbound,22.40531969,113.9698748,West,2.0,62.45977011494253,-0.04954864810778359,201.0,-0.07135426380853793,152,-0.0323110529677256,-0.1497824735860782,7.0,3.2339804292929295,-0.06725532846976781
TDS90001,Sha Tin,"Tolo Highway near Hyatt Regency Hong Kong, Sha Tin - Southbound",22.40945791,114.2119258,South,4.0,77.633423180593,-0.049505610797877964,201.0,-0.08196195308909071,227,-0.04917103722129855,-0.21853437421304478,9.0,8.985714285714286,-0.048755277662752165
TDSTCKR20002,Sha Tin,Tai Chung Kiu Road near Kong Pui Street Rest Garden - Southbound,22.38238715,114.1957221,South West,3.0,52.56038647342996,-0.04929990677048124,190.0,-0.029526113347274174,217,-0.018058651818516812,-0.07538692665448599,9.0,2.832417582417582,-0.04854957363535544
TDS90042,Tuen Mun,Tuen Mun Road near So Kwun Wat Road - Westbound,22.37247362,113.9983239,North West,3.0,73.74617737003058,-0.04917408006707635,201.0,-0.08193980922834254,152,-0.030146153092288665,-0.16055469953775037,7.0,8.33449074074074,-0.06688076042906058
TDS90019,Tsuen Wan,Tuen Mun Road near Hanley Villa - Westbound,22.37027324,114.0903143,South West,3.0,68.79671470082428,-0.04917077792132818,201.0,-0.07595629108207569,216,-0.027982197777274183,-0.1724137931034483,9.5,7.929507337526205,-0.04380619141192488
TDS91062,Yuen Long,San Tin Highway near Fairview Park Boulevard - Southbound,22.47322561,114.0559216,South,3.0,88.43288590604027,-0.049052636248086534,181.0,-0.06920520791246476,155,-0.049152930510897315,-0.1300602928509904,5.5,5.753846153846154,-0.08060207673290327
TDSTTR10001,Tuen Mun,Tsing Tin Road near Tsing Tin Playground - Eastbound,22.40521975,113.969399,East,2.0,77.18518518518519,-0.048973333436841626,198.0,-0.06734101231004086,152,-0.024753915188666955,-0.14023813273564212,7.0,2.9285714285714284,-0.06668001379882585
TDSTPR10002,Tai Po,Tai Po Road - Tai Po Kau near Tai Po Kau Fresh Water Pumping Station - Souhtbound,22.44210687,114.1794779,South East,2.0,72.94444444444444,-0.04893811155386063,168.0,-0.033966946154612265,236,-0.014105285515765464,-0.2841864701768084,8.75,1.1196428571428572,-0.05049490510587359
TDS91030,Tuen Mun,Tuen Mun Road near Castle Peak Beach - Eastbound,22.38162978,113.9820088,South East,4.0,81.8118060836502,-0.04883709165721872,201.0,-0.06637092147727841,148,-0.022238306060347594,-0.16216482285911182,7.0,6.9772727272727275,-0.06654377201920295
TDSTPR10013,Sha Tin,Tai Po Road - Ma Liu Shui near University Avenue - Southbound,22.41770436,114.2034874,South East,1.0,42.66082202111614,-0.048723063089099794,160.0,-0.06723677207359158,202,-0.03651955710549442,-0.3433035714285715,9.0,2.403125,-0.047972729953973996
AID02203,Kwun Tong,Kwun Tong Bypass near Kai Ching Estate - Southbound,22.33237458,114.2051116,South,2.0,69.19736842105263,-0.04860961590521329,191.0,-0.06910279402819874,217,-0.010737834594139774,-0.19490298291340857,8.5,1.6081730769230769,-0.05247353614436499
TDS91070,Yuen Long,San Tin Highway near Man Tin Cheung Park - Southbound,22.49719846,114.0782529,West,3.0,80.32124352331606,-0.048487272225737454,182.0,-0.08792771275214073,155,-0.05897666098369003,-0.15656945463438499,6.25,5.664918414918414,-0.07311533264913794
TDS90041,Tuen Mun,Tuen Mun Road near Siu Sau Tsuen - Westbound,22.36829568,114.0012421,North West,3.0,79.41955835962145,-0.04826125501218792,201.0,-0.07734229002843551,152,-0.0291329270870077,-0.2418279569892473,7.0,7.166666666666667,-0.06596793537417214
TDSSPWR20002,Southern District,Shek Pai Wan Road near Wah Kwai Estate - Westbound,22.24993262,114.1414748,North West,2.0,43.727134724857684,-0.048044105218169486,196.0,-0.05123134856861611,219,-0.017844565592382216,-0.15063586440398047,10.0,10.214285714285714,-0.038065265334488674
TDSTPR20011,Sha Tin,Tai Po Road - Ma Liu Shui near University Avenue - Northbound,22.41794832,114.2026522,North West,1.0,49.27272727272727,-0.047504093107139544,162.0,-0.06385431074227765,179,-0.009892180148575236,-0.4486842105263158,8.25,3.0454545454545454,-0.053675140033430005
AID10110,Yuen Long,Kong Sham Western Highway near Ha Tsuen Road - Northbound,22.44333828,113.9848565,North West,3.0,84.08035714285714,-0.04740441457683209,175.0,-0.08986032652068332,146,-0.04048425312874958,-0.11293634496919924,6.5,0.9393939393939394,-0.06972534831309382
TDS90052,Tuen Mun,Tuen Mun Road near Siu Hong MTR Station - Northbound (1),22.410209,113.9788862,North,3.0,62.465891472868215,-0.04737756058580367,197.0,-0.06551822030401455,148,-0.04840073692649448,-0.2693421293751146,7.0,3.3755434782608695,-0.06508424094778789
TDSNCWBR10001,Kwun Tong,New Clear Water Bay Road near St. Joseph's Anglo-Chinese School - Eastbound,22.33308509,114.2185656,East,3.0,59.07664186207493,-0.04712575338393454,201.0,-0.05744612415567707,235,-0.017335251266725075,-0.16713352007469628,8.5,4.378787878787879,-0.05098967362308625
AID09252,North District,Fanling Highway near Fanling Centre - Westbound,22.48848374,114.1435232,North West,3.0,90.86773419973699,-0.04697998757698307,172.0,-0.09410149585646643,211,-0.0398999139161073,-0.18622762725338937,5.0,2.4416666666666664,-0.08314368143607731
TDSMOSB10005,Sha Tin,Ma On Shan Bypass near Cheung Muk Tau - Eastbound,22.42875372,114.2468508,East,2.0,84.97510518934081,-0.046813193014135335,201.0,-0.0561192421657537,235,-0.02708141808676425,-0.35409457900807384,9.0,1.8693181818181817,-0.046062859879009536
TDS91010,Tsuen Wan,Tuen Mun Road near Sham Tseng - Eastbound (2),22.36854978,114.0633039,South East,4.0,66.43384615384615,-0.046752847060495095,161.0,-0.09449169015150538,168,-0.03912252643558091,-0.22804733727810655,10.0,11.13806818181818,-0.03677400717681428
TDS10001,Sha Tin,Sha Tin Road near Hong Kong Jockey Club Shatin Staff Quarters - Southbound,22.39441532,114.199414,South,3.0,72.45824249538822,-0.04672163627159709,201.0,-0.0902659956473546,230,-0.03282381353906251,-0.4855371900826446,9.0,9.24074074074074,-0.04597130313647129
TDS30002,Yuen Long,Tsing Long Highway near Pat Heung Depot - Southbound,22.42323014,114.0643085,South,3.0,81.62632751894867,-0.04653855786552019,182.0,-0.08567255525633322,155,-0.037765742599772556,-0.30305588018872,6.25,2.9444444444444446,-0.07116661828892068
TDS91054,Yuen Long,Yuen Long Highway near Pok Oi Interchange - Westbound (2),22.44598595,114.039741,South,2.0,80.12093023255814,-0.04652714987507012,184.0,-0.06982835892427375,155,-0.028695313980760726,-0.13941045830809617,6.0,10.428571428571429,-0.07346233698560935
TDSLTR20003,Yuen Long,Long Tin Road near Shui Pin Wai Interchange - Northbound,22.44505257,114.0166113,North,2.0,69.36283185840708,-0.046501091331410005,183.0,-0.06587431411782341,155,-0.02999266088572173,-0.13321976149914816,6.0,4.795454545454546,-0.07343627844194923
TDS30007,Yuen Long,Tsing Long Highway near Yuen Long Highway - Southbound (1),22.44338535,114.0510319,South East,2.0,78.74526515151516,-0.04645032890248291,178.0,-0.0575915893586586,150,-0.02260120149129429,-0.30896686159844045,5.75,1.0786893704850362,-0.07569264270016089
TDS91021,Tuen Mun,Tuen Mun Road near Tuen Mun Road Bus-Bus Interchange - Eastbound (2),22.36309946,114.015045,South East,3.0,73.87871733842492,-0.046149995820294776,201.0,-0.07914397428824815,152,-0.02351883827766031,-0.14987405541561716,7.0,6.883333333333334,-0.063856676182279
AID03125,Yuen Long,Tsing Long Highway near Castle Peak Road (Yuen Long) - Northbound (2),22.44964125,114.0482478,North,2.0,102.91025641025641,-0.04611309984520129,177.0,-0.09267760459975527,146,-0.058959414758726784,-0.21095705757750793,6.5,0.7482638888888888,-0.06843403358146302
TDS20004,Sha Tin,Tate's Cairn Highway near Shek Mun Interchange - Southbound,22.39199337,114.2097752,South,3.0,75.66593612109523,-0.04593396284657891,201.0,-0.05956453276863771,235,-0.024087601556025143,-0.36964554152207807,9.0,5.773882113821138,-0.045183629711453115
AID10216,Tuen Mun,Kong Sham Western Highway near Mai Yuan Wei Road - Southbound,22.42555548,113.9832783,South East,3.0,76.87651515151515,-0.04577279304389559,191.0,-0.07054924979755828,139,-0.023262445272385288,-0.1282051282051282,7.0,1.2888888888888888,-0.06347947340587981
TDS91069,Yuen Long,San Tin Highway near Tsing Lung Tsuen - Southbound,22.49537241,114.0751832,West,3.0,81.99915998966142,-0.04563929133679534,184.0,-0.06923659330280851,155,-0.03222868415193343,-0.13265195053988155,6.0,6.044642857142858,-0.07257447844733457
TDS91002,Tsuen Wan,Tuen Mun Road near Yau Kom Tau No. 2 Fresh Water Service Reservoir - Eastbound,22.37091583,114.0930034,South East,2.0,75.50980392156863,-0.04537428711712066,201.0,-0.06648708896334998,216,-0.024924501937172182,-0.32594142259414227,9.5,6.786458333333334,-0.04000970060771736
TDS90046,Tuen Mun,Tuen Mun Road near Castle Peak Beach - Westbound,22.38182817,113.9817754,North West,3.0,72.99718798835893,-0.045263256335920654,201.0,-0.08081946890870051,152,-0.023731017067177916,-0.21686135093956327,7.0,10.44047619047619,-0.06296993669790488
AID01213,Kowloon City,Hong Chong Road near The Hong Kong Polytechnic University - Southbound,22.30526714,114.1814745,South West,4.0,55.945086705202314,-0.045229223351150205,173.0,-0.08337328681041256,207,0.22498859080502054,0.0185185185185186,10.0,3.53125,-0.03525038346746939
AID09205,Tsuen Wan,Cheung Pei Shan Road near Tsuen Kam Interchange - Westbound,22.37525303,114.1195669,West,2.0,70.07692307692308,-0.04496642393675809,187.0,-0.060978897973355206,204,-0.03573880361270379,-0.2193877551020409,10.0,0.5,-0.03498758405307728
TDSTPR10007,Tai Po,Tai Po Road - Tai Po Kau near Japanese International School - Southbound,22.43156739,114.1942911,South East,1.0,44.25,-0.04495323549842645,173.0,-0.03149850286329414,234,-0.022759678393375955,-0.26099706744868045,8.5,2.0034965034965033,-0.04881715573757815
TDSTPR20004,Tai Po,Tai Po Road - Tai Po Kau near Tai Po Kau Park - Northbound,22.43260629,114.1901629,West,1.0,46.95,-0.04491896537611528,166.0,-0.050668651267507636,222,-0.012858953268927779,-0.2840757808499743,8.5,2.263392857142857,-0.04878288561526699
AID10116,Yuen Long,Shenzhen Bay Bridge - Northbound (3),22.46257843,113.9674094,North West,3.0,93.0,-0.044902822735171544,178.0,-0.09292401704089559,148,-0.04808532357259704,-0.14772055417362506,6.5,1.1355932203389831,-0.06722375647143328
TDS90012,Sha Tin,Shing Mun Tunnel Road near Mei Lam Estate - Westbound,22.37836062,114.1790397,North West,2.0,75.35655212580082,-0.04462935363056908,183.0,-0.06613091116262804,219,-0.03320458329379102,-0.22703884744018532,9.5,4.602272727272727,-0.03926476712116578
TDS91068,Yuen Long,San Tin Highway near Mai Po Lung - Southbound,22.49393316,114.0699074,West,3.0,87.29947188567877,-0.044620883590553495,156.0,-0.07566153904087669,147,-0.05102269170204757,-0.20722801788375556,6.25,5.586206896551724,-0.06924894401395398
TDS91065,Yuen Long,San Tin Highway near Palm Springs Boulevard - Southbound,22.48537345,114.0585542,South,3.0,97.18487116331943,-0.044198202230070205,184.0,-0.06664987858620386,155,-0.0344352607776164,-0.18286259495224355,6.0,4.983050847457627,-0.07113338934060943
TDSTTR20002,Tuen Mun,Tsing Tin Road near Tuen Mun Hospital - Westbound,22.40577023,113.9762548,South West,3.0,47.5177304964539,-0.0439968882358025,201.0,-0.06584729478788276,148,-0.017689801843687295,-0.17307692307692324,7.0,4.2272727272727275,-0.06170356859778672
TDS90036,Tuen Mun,Tuen Mun Road near Tuen Mun Road Bus-Bus Interchange - Westbound (1),22.35857899,114.0189143,North West,4.0,90.47521865889213,-0.04397049450702262,201.0,-0.07227201908939263,152,-0.027661761975095258,-0.13665689149560112,7.0,7.318181818181818,-0.06167717486900684
TDSLTR10002,Yuen Long,Long Tin Road near Yung Yuen Road - Southbound,22.44728821,114.0127228,East,3.0,70.58778625954199,-0.04395006843781102,170.0,-0.05179039982832445,141,-0.020998728041570894,-0.18876890892954723,6.25,4.5227272727272725,-0.06857812886121151
TDSTKR20002,Tai Po,Ting Kok Road near Fortune Garden - Westbound,22.45969693,114.1971122,North West,2.0,62.73118022328549,-0.043804612144073274,185.0,-0.059026421970584386,251,-0.023769906077307307,-0.21111111111111114,9.0,3.3636363636363638,-0.043054279008947476
TDS90086,Yuen Long,Fanling Highway near San Tin Interchange - Eastbound,22.50193284,114.0823702,North East,3.0,85.74657534246575,-0.04352638251589347,184.0,-0.07870690250811863,155,-0.03181394069720274,-0.15338673283694426,6.0,3.793054997992774,-0.0704615696264327
TDS90038,Tuen Mun,Tuen Mun Road near Correctional Services Department Married Staff Quarters - Westbound,22.36486819,114.0138002,North West,3.0,69.59353103103103,-0.04344592500825595,34.0,-0.08528718381833444,44,-0.037560433466836574,-0.08446304212356093,10.5,9.833333333333334,-0.028852831750297632
TDS90078,Yuen Long,San Tin Highway near Chun Shin Road - Northbound,22.47781445,114.0578027,North,3.0,85.45279463136606,-0.04322223651250057,184.0,-0.07287711365018612,155,-0.0359971827497053,-0.11986138008971481,6.0,5.923076923076923,-0.0701574236230398
TDS91044,Yuen Long,Yuen Long Highway near Hung Tin Road - Westbound (1),22.43117597,114.002251,South,3.0,72.73242630385488,-0.04313687659804799,184.0,-0.06810364031907856,155,-0.041885345392409574,-0.13439177570908833,6.0,9.5,-0.07007206370858722
TDS90053,Tuen Mun,Tuen Mun Road near Siu Hong MTR Station - Northbound (2),22.412403,113.979646,North,3.0,67.80993851038065,-0.043060210034779,201.0,-0.06863637796437416,152,-0.021269275695020722,-0.1506622516556292,7.0,20.296296296296298,-0.06076689039676322
TDS20001,Sha Tin,Tate's Cairn Highway near Hong Kong School of Motoring - Sha Tin - Southbound,22.38098508,114.2102096,West,2.0,81.17307692307692,-0.04288019256292486,201.0,-0.059243121640007224,233,0.004667918316252795,-0.1386554621848739,9.0,4.4125,-0.04212985942779906
TDSMOSR20002,Sha Tin,Ma On Shan Road near Hang Tai Road - Southbound,22.41310252,114.2261166,South West,3.0,71.70454545454545,-0.04286167025173904,200.0,-0.057576539801571736,235,-0.02510138986859252,-0.2687540931963823,9.0,3.4285714285714284,-0.04211133711661324
AID05119,Sham Shui Po,West Kowloon Corridor near Yen Chow Street West - Northbound,22.32855591,114.1570438,North West,2.0,64.54981763344321,-0.04282184234139774,190.0,-0.056201168843837745,245,-0.029636866120914665,-0.14963273901604546,10.25,21.5,-0.03053587577057818
TDSLTR20004,Yuen Long,Long Tin Road near Tong Yan San Tsuen Interchange - Northbound,22.4410969,114.0162662,North,3.0,76.04633204633204,-0.042711841884601975,168.0,-0.07971798472636382,148,-0.059059773383497285,-0.14251161527128542,5.5,6.766666666666667,-0.07426128236941872
AID08112,Islands District,North Lantau Highway near Tai Ho Wan - Westbound (1),22.30453478,113.9808736,South West,3.0,80.6867469879518,-0.04269487941502936,179.0,-0.03686208399020319,281,-0.027749197101289248,-0.15072083879423326,14.5,2.857142857142857,0.008812240837148995
TDSSPWR10001,Southern District,Pok Fu Lam Road near St. Paul's College Primary School - Eastbound,22.25479041,114.1383205,South East,2.0,47.825581395348834,-0.04265389304277556,194.0,-0.049008504874203385,211,-0.0067915741205626795,-0.25500020274516966,10.0,8.4375,-0.03267505315909475
TDS91025,Tuen Mun,Tuen Mun Road near Siu Sau Tsuen - Eastbound,22.36991976,113.999939,South East,4.0,83.14857142857143,-0.042599188863848614,201.0,-0.06912497439351772,150,-0.03652489670507727,-0.2844411515664692,7.0,4.015625,-0.06030586922583284
TDS91042,Tuen Mun,Yuen Long Highway near Kong Sham Western Highway - Westbound (3),22.42274222,113.994695,South West,3.0,87.16261732851986,-0.04237310219921664,201.0,-0.07072962640881408,152,-0.024380883016402344,-0.15569868384206098,7.0,6.178571428571429,-0.06007978256120086
TDS90022,Tsuen Wan,Tuen Mun Road near Ting Kau - Westbound (3),22.37104927,114.0738658,South West,3.0,66.07792207792207,-0.04234594639972922,201.0,-0.0642500548240661,216,-0.028352239309713735,-0.19179487179487176,9.5,6.53030303030303,-0.036981359890325916
AID09157,North District,Fanling Highway near Avon Park - Eastbound,22.4884116,114.1439994,South East,3.0,82.12881725425729,-0.04230575619373855,172.0,-0.09443182078458379,208,-0.051125084382355204,-0.16878787878787893,5.0,3.2116402116402116,-0.07846945005283279
TDS90011,Sha Tin,Shing Mun Tunnel Road near Hong Kong Heritage Museum - Westbound,22.37799026,114.1832053,West,2.0,78.566534914361,-0.04201904436143378,201.0,-0.05697394322371785,235,-0.02834187383540396,-0.1796042617960425,9.0,4.70509977827051,-0.04126871122630798
TDSPBH20001,Tsuen Wan,Penny's Bay Highway near North Lantau Highway - Northbound,22.32823164,114.0332559,North West,4.0,75.30776488677662,-0.041936889595242444,201.0,-0.06145967746473213,216,-0.021284260318178858,-0.14090909090909087,9.5,0.7484375,-0.03657230308583914
TDS90055,Tuen Mun,Yuen Long Highway near Kong Sham Western Highway - Eastbound (1),22.41592623,113.9885558,East,3.0,76.24018176509234,-0.041761149416019605,201.0,-0.07685044952984044,152,-0.029935120315634313,-0.13242009132420085,7.0,10.979166666666666,-0.05946782977800383
TDS91019,Tuen Mun,Tuen Mun Road near Tai Lam - Eastbound,22.35703762,114.0218674,East,4.0,76.09691072710402,-0.04157497775531127,200.0,-0.0581728395061728,151,-0.018722355547914432,-0.3788976931854078,7.0,5.905405405405405,-0.059281658117295494
TDSIEC10001,Central & Western District,Harcourt Road near Tim Mei Avenue - Eastbound,22.28040541,114.1643086,East,5.0,34.3931822159986,-0.04156480724654488,196.0,-0.057674024211869845,207,-0.011920770094480952,-0.256077426111065,10.5,7.561797752808989,-0.02697171398858656
AID02104,Kwun Tong,Kwun Tong Bypass near Sceneway Garden - Westbound,22.30694617,114.2331057,North West,2.0,86.62239583333334,-0.0414144229485538,190.0,-0.04351484063579858,220,-0.008101728519053667,-0.19999999999999996,8.5,0.8055555555555556,-0.0452783431877055
TDS90084,Yuen Long,San Tin Highway near Tsing Lung Tsuen - Northbound,22.49511897,114.0742505,East,3.0,89.35419491083533,-0.04137273631319971,184.0,-0.07173592455662836,155,-0.038265666291630904,-0.13535487180594297,6.0,7.333333333333333,-0.06830792342373894
TDSTCKR20004,Sha Tin,Tai Chung Kui Road near Shing Mun River Promenade Garden No. 2 - Southbound,22.38827425,114.2016173,South West,4.0,48.19217370767623,-0.04132859220947138,201.0,-0.0700460829493087,235,-0.020124577637659118,-0.37425537425537425,9.0,4.542505030181086,-0.040578259074345584
AID05110,Yau Tsim Mong,Gascoigne Road near Gun Club Hill Barracks - Westbound,22.30588128,114.1782331,North West,2.0,48.13127909826024,-0.04132053316892814,188.0,-0.135052213753607,192,-0.015003316722070257,-0.16641904070821512,8.5,6.805555555555555,-0.04518445340807985
TDS91004,Tsuen Wan,Tuen Mun Road near Ting Kau - Eastbound (1),22.36949436,114.0861883,East,3.0,78.23546511627907,-0.04116341545453084,193.0,-0.05849131209034164,211,-0.023961984805941108,-0.30197594501718217,10.0,5.541666666666667,-0.03118457557085003
AID09115,Sha Tin,Tai Po Road - Sha Tin near Sha Tin MTR Station - Eastbound,22.38369,114.18866,East,3.0,51.79047619047619,-0.04112391166855622,146.0,-0.08607221636682738,179,-0.035027253744149583,-0.2400572618427903,9.5,3.0,-0.03575932515915292
TDS10006,Sha Tin,Sha Tin Road near Sha Tin Wai Road - Southbound,22.37707679,114.1989743,South,2.0,63.09537274630292,-0.040981558596073775,201.0,-0.05626330289050274,235,-0.03131884468404226,-0.21552238805970125,9.0,5.368421052631579,-0.04023122546094798
TDS91072,Yuen Long,Fanling Highway near Chau Tau Tsuen - Westbound (1),22.50292713,114.0839926,South West,2.0,77.5985401459854,-0.04095610480977885,184.0,-0.057541221136034215,155,-0.020940516028446363,-0.005777702468338752,6.0,4.929098128190584,-0.06789129192031808
TDS91055,Yuen Long,Yuen Long Highway near Long Fai Road - Westbound,22.44877892,114.0427985,West,3.0,81.28381962864721,-0.040662331472390845,184.0,-0.07910387423956289,155,-0.036690035048159944,-0.14907751716247142,6.0,8.902777777777779,-0.06759751858293007
TDSTPR20002,Tai Po,Tai Po Road - Tai Po Kau near Yin Tse Lane - Northbound,22.43989433,114.1824407,North West,1.0,50.191489361702125,-0.040642324603326174,181.0,-0.03754956140579413,240,-0.013829196820731974,-0.25373134328358204,9.0,2.736111111111111,-0.039891991468200376
AID10118,Yuen Long,Shenzhen Bay Bridge - Northbound (5),22.47029187,113.9616749,North West,3.0,93.26004542278127,-0.0406401014022022,177.0,-0.11127877639973449,146,-0.03094328906839162,-0.16666666666666663,6.5,1.1724137931034482,-0.06296103513846393
TDSTCKR10003,Sha Tin,Tai Chung Kiu Road near Kong Pui Street Rest Garden - Northbound,22.38265803,114.1960038,North East,4.0,35.53472222222222,-0.04051724137931023,199.0,-0.032092864458859616,235,-0.0034702851751150336,-0.09450337512054008,9.0,3.6805555555555554,-0.03976690824418443
TDS91066,Yuen Long,San Tin Highway near Mai Po Shan Tsuen - Southbound,22.48980865,114.0602996,South West,3.0,91.2402227050516,-0.04047754315153784,70.0,-0.07467400501231536,99,-0.029735107624488534,-0.08396771457051888,6.5,5.346153846153846,-0.06279847688779958
TDSNCWBR10003,Kwun Tong,New Clear Water Bay Road near Shun Lee Disciplined Services Quarters - Eastbound (2),22.33297578,114.2220988,South East,3.0,68.6240883106643,-0.04030844081332918,201.0,-0.052937461926175766,231,-0.013285091016022807,-0.20985226400613977,8.5,4.865954415954416,-0.04417236105248089
TDSLFR10002,Tuen Mun,Wong Chu Road near Hoi Wong Road - Eastbound,22.38602329,113.9712142,East,3.0,55.189655172413794,-0.040166101641731955,201.0,-0.07341993582582651,152,-0.018269274316470203,-0.13521058380871465,7.0,8.28452380952381,-0.05787278200371618
TDSMOSR10001,Sha Tin,Ma On Shan Road near Ah Kung Kok Fishermen Village - Northbound,22.40427286,114.2184411,North East,2.0,73.6596377875673,-0.040062042782349816,199.0,-0.06586471810725947,232,-0.030121765790814096,-0.1354679802955665,9.0,11.270833333333334,-0.03931170964722402
TDS91032,Tuen Mun,Tuen Mun Road near Chi Lok Fa Yuen - Southbound,22.38760402,113.9787668,South,2.0,71.36,-0.03968745428438669,189.0,-0.041731543238824886,139,-0.020678592700503373,-0.24586776859504145,6.5,2.4651162790697674,-0.06200838802064842
TDSTPR20003,Tai Po,Tai Po Road - Tai Po Kau near Lai Chi Hang - Northbound,22.43592088,114.1835674,North,1.0,43.160714285714285,-0.03963414634146345,165.0,-0.03310339034472032,222,-0.013875266441864327,-0.2758620689655171,8.5,2.933712121212121,-0.043498066580615155
TDS90017,Tsuen Wan,Tuen Mun Road near Yau Kom Tau Village - Westbound,22.3721736,114.0980323,South West,3.0,88.15848214285714,-0.039634082780233615,201.0,-0.053888817402664047,216,-0.020581772597348058,-0.21182266009852202,9.5,7.462962962962963,-0.03426949627083031
TDSTPR10003,Tai Po,Tai Po Road - Tai Po Kau near Yat Yiu Avenue - Southbound,22.43746513,114.182596,South,1.0,27.320381231671554,-0.03945069094755227,176.0,-0.04759230661238245,245,-0.02538982880243979,-0.24786324786324776,8.5,4.275252525252525,-0.043314611186703975
TDSTKR20009,Tai Po,Ting Kok Road near On Po Road - Westbound,22.45568867,114.1743484,West,2.0,63.27272727272727,-0.03940152679716791,184.0,-0.05278026060432939,231,-0.017871397586719115,-0.1681273719165085,9.0,4.375,-0.03865119366204211
TDSTPR20013,Sha Tin,Tai Po Road - Ma Liu Shui near University MTR Station - Northbound,22.4124385,114.2094207,North West,2.0,75.7,-0.03902205419439253,200.0,-0.0541237184263067,234,-0.022786016066431387,-0.2419106832464234,8.25,1.4651162790697674,-0.04519310112068299
TDS90018,Tsuen Wan,Tuen Mun Road near Yau Kom Tau Water Treatment Works - Westbound,22.3694628,114.0947423,North West,3.0,74.05186610750465,-0.03901074900665258,201.0,-0.052115245728034276,216,-0.02604034146238584,-0.362116991643454,9.5,19.72222222222222,-0.03364616249724928
TDSTKR10005,Tai Po,Ting Kok Road near Dai Fu Street Substation - Eastbound,22.45981547,114.1832868,North East,2.0,79.62561944834036,-0.03862187687920138,185.0,-0.04978451195459255,251,-0.014607331248780255,-0.24489795918367352,9.0,4.461805555555555,-0.03787154374407558
TDSTPR10015,Sha Tin,"Tai Po Road - Ma Liu Shui near Hyatt Regency Hong Kong, Sha Tin - Southbound",22.4096207,114.2108089,South,1.0,59.86516853932584,-0.03855132310803977,201.0,-0.05241777452534857,235,-0.02051061289746648,-0.33333333333333337,9.0,3.4,-0.03780098997291397
TDSYSR20002,Tai Po,Yuen Shin Road near Dai Fat Street - Southbound,22.45295246,114.1777196,South,2.0,72.76973684210526,-0.03851406516932565,185.0,-0.049082032542831056,236,-0.018732402435272095,-0.1905978538579458,9.0,5.137878787878789,-0.03776373203419985
TDSMOSB10002,Sha Tin,Ma On Shan Bypass near Ma On Shan Fire Station - Eastbound,22.4186536,114.2342191,North East,3.0,69.63087248322148,-0.03850091530593214,201.0,-0.048092124493652855,235,-0.024447729236639945,-0.25870445344129556,9.0,2.375,-0.03775058217080634
TDS90077,Yuen Long,San Tin Highway near Fairview Park Boulevard - Northbound,22.47278304,114.0558151,North,3.0,86.74953012293,-0.038241641334496035,184.0,-0.08653590071375306,155,-0.031224457432210993,-0.13542636019604193,6.0,4.909090909090909,-0.06517682844503526
TDS90080,Yuen Long,San Tin Highway near Palm Springs Boulevard - Northbound,22.48493997,114.0585254,North,3.0,85.06517710886003,-0.03806160134281633,184.0,-0.07058841785115755,155,-0.04065292542726981,-0.14706655972576255,6.0,5.818181818181818,-0.06499678845335556
TDS10013,Sha Tin,Lion Rock Tunnel Road near Union Hospital - Southbound,22.3602544,114.1763986,South West,3.0,70.63855347964429,-0.037929162014451734,191.0,-0.08119001802873682,217,-0.022624675221475567,-0.2051282051282053,7.0,8.694444444444445,-0.05563584237643596
TDSMOSR10003,Sha Tin,Ma On Shan Road near Hang Tai Road - Northbound,22.41281368,114.2256891,North East,3.0,61.396376130999215,-0.03781210447589456,201.0,-0.056446641938869946,235,-0.018423102489219623,-0.2562691131498471,9.0,4.421428571428572,-0.03706177134076876
TDS91060,Yuen Long,San Tin Highway near Pok Wai - Southbound,22.46386833,114.0535784,South,3.0,83.70238095238095,-0.03780505622741881,180.0,-0.07301108574887705,154,-0.04089228441009533,-0.14321829295523048,5.5,6.636363636363637,-0.06935449671223555
AID10108,Yuen Long,Kong Sham Western Highway near Yick Yuen Road - Northbound (2),22.43431618,113.9842666,North East,3.0,87.24806201550388,-0.037769020915428664,113.0,-0.07011706501289106,129,-0.03831233056661792,-0.06666666666666654,7.0,1.0694444444444444,-0.05547570127741289
AID10109,Yuen Long,Kong Sham Western Highway near San Sang San Tsuen - Northbound,22.43831795,113.9853491,North East,3.0,77.43420256991686,-0.03741967219971065,176.0,-0.06396985964796242,143,-0.03209071352109737,-0.17805122840745236,6.5,1.2743055555555554,-0.05974060593597238
TDSYSR10003,Tai Po,Yuen Shin Road near Dai Fat Street - Northbound,22.45399999,114.1779917,North,2.0,82.02707930367505,-0.037341016259115234,185.0,-0.03808821791704886,251,-0.021947792265504223,-0.27568493150684925,9.0,3.0288461538461537,-0.036590683123989436
TDS90065,Yuen Long,Yuen Long Highway near Kung Um Road - Eastbound,22.4352065,114.0229076,East,3.0,86.82957294028722,-0.037239270884747544,184.0,-0.0847900021710759,155,-0.042188155856937026,-0.13314551723114543,6.0,8.24074074074074,-0.06417445799528677
TDS10010,Sha Tin,Lion Rock Tunnel Road near Sha Tin Government Primary School - Southbound,22.36785779,114.1871954,South West,2.0,65.11711711711712,-0.03707463393956534,194.0,-0.053367408465805344,215,-0.027028668431218324,-0.33369884226615854,7.5,14.572916666666668,-0.05016706092727206
TDSSPWR10002,Southern District,Shek Pai Wan Road near Wah Kwai Estate - Eastbound,22.25047441,114.1412418,South,2.0,73.8444297956493,-0.03698571096934211,176.0,-0.06475215699543224,207,-0.010263160720364872,-0.25396511730484506,12.0,4.600569259962049,-0.008549857588551282
TDS90076,Yuen Long,San Tin Highway near Kam Pok Road East - Northbound,22.4684205,114.0546918,North,3.0,90.38127090301003,-0.03676366450932933,131.0,-0.07239525723814078,123,-0.03139087635402706,-0.1447204968944099,5.0,4.657894736842105,-0.07292735836842357
TDSLTR10001,Yuen Long,Long Tin Road near Tin Fuk Road - Southbound,22.45102316,114.0091724,South,2.0,73.98165137614679,-0.03666871324819976,184.0,-0.05339887603051496,155,-0.017495505848233228,-0.20440200941642472,6.0,3.414285714285714,-0.06360390035873899
TDS91040,Tuen Mun,Yuen Long Highway near Kong Sham Western Highway - Westbound (1),22.41641574,113.9901675,West,3.0,84.11611283141532,-0.03660248634111851,201.0,-0.07511366446999568,152,0.004559649110852507,-0.21905170564256604,7.0,6.75,-0.054309166703102735
TDS90088,Yuen Long,Fanling Highway near Chau Tau Tsuen - Eastbound (2),22.50423064,114.0895995,East,3.0,68.70061502862015,-0.036519871106337254,167.0,-0.06729259677181965,127,-0.028425988885998652,-0.2925490571411591,6.5,4.07390873015873,-0.05884080484259898
TDS90058,Yuen Long,Yuen Long Highway near Tan Kwai Tsuen - Eastbound,22.42509412,113.9982567,North East,3.0,77.76708860759494,-0.036508151745938355,167.0,-0.06336068094046454,115,-0.030185334942195646,-0.15760869565217384,6.5,11.3125,-0.05882908548220008
TDSYSR20001,Tai Po,Yuen Shin Road near Tai Po Tai Wo Road - Southbound,22.45038781,114.1770687,South,2.0,54.39423076923077,-0.036115482469467275,185.0,-0.02999072523152313,251,-0.015919562184798123,-0.21498771498771474,9.0,6.223958333333334,-0.03536514933434148
TDSTKR10002,Tai Po,Ting Kok Road near Golf Park Golf Driving Range - Eastbound,22.46077182,114.1948097,South East,2.0,62.75,-0.03595098815098696,185.0,-0.04281962592877275,251,-0.004348725820466144,-0.2987012987012986,9.0,2.659090909090909,-0.035200655015861164
AID10112,Yuen Long,Kong Sham Western Highway near Helipad - Northbound,22.44872062,113.9775823,North West,3.0,87.7825630252101,-0.03558768764344511,171.0,-0.06938909507089419,142,-0.038191049662168464,-0.09442724458204332,6.0,0.8333333333333334,-0.06252287475398434
TDS30004,Yuen Long,Tsing Long Highway near Kam Sheung Road MTR Station - Southbound (2),22.43280112,114.0624455,South East,3.0,89.97111299915039,-0.035553075564301984,173.0,-0.062139917695473224,145,-0.030767501701326198,-0.120567375886525,6.5,2.6451612903225805,-0.05787400930056371
TDSIEC10002,Wan Chai,Harcourt Road near The Hong Kong Academy for Performing Arts - Eastbound,22.27961101,114.1689468,East,4.0,42.48827839638722,-0.035483509505845556,201.0,-0.05666192508297774,211,-0.01753812702909888,-0.15621592148309704,9.5,8.523571987480437,-0.030118922996442254
TDSNCWBR10004,Kwun Tong,New Clear Water Bay Road near New Clear Water Bay Road Sitting-out Area - Eastbound,22.33414032,114.2235261,East,2.0,73.28823529411764,-0.03542154556281363,192.0,-0.0452208761095404,215,-0.019863821961556498,-0.3215042372881356,8.0,2.7954545454545454,-0.043899719176242843
AID10117,Yuen Long,Shenzhen Bay Bridge - Northbound (4),22.46711682,113.9644295,North West,3.0,82.6036036036036,-0.035421482378293456,176.0,-0.0804363820167111,145,-0.024144655679237022,-0.1637031408308004,6.5,1.1527777777777777,-0.05774241611455518
TDSTPR10004,Tai Po,Tai Po Road - Tai Po Kau near Lai Chi Hang - Southbound,22.43383479,114.1847329,South East,1.0,65.70175438596492,-0.035347088849341235,162.0,-0.04537192144562863,233,-0.0373371837767952,-0.2933834364868846,8.5,1.8,-0.03921100908849294
TDS91045,Yuen Long,Yuen Long Highway near Hung Tin Road - Westbound (2),22.43512458,114.0044026,South West,4.0,66.6135798384206,-0.03506800912356134,184.0,-0.0585035722697651,155,-0.035013972304689216,-0.27745071887433304,6.0,6.210069444444445,-0.06200319623410057
TDS90010,Sha Tin,Tai Po Road - Sha Tin near Sha Tin MTR Station - Westbound,22.3800556,114.1861111,South West,2.0,81.99450549450549,-0.034563904555800495,201.0,-0.04973111402380548,231,-0.026944304791330868,-0.1664948453608247,9.0,5.142857142857143,-0.0338135714206747
TDSTKR20003,Tai Po,Ting Kok Road near Lo Fai Road - Westbound,22.46156679,114.1919631,West,2.0,47.3825487012987,-0.03455597985544934,117.0,-0.05903277599379919,187,-0.019732477854493887,-0.14908336215842277,8.5,5.525,-0.03841990009460104
TDS90092,North District,Fanling Highway near Kwu Tung - Eastbound (4),22.50286699,114.1081242,East,3.0,62.81249104712792,-0.03453036960820821,172.0,-0.061569659576304114,215,-0.044208757340289735,-0.1861442962911588,5.0,8.075757575757576,-0.07069406346730245
TDS91018,Tuen Mun,Tuen Mun Road near Ka Loon Tsuen - Eastbound (2),22.35620339,114.0278391,East,4.0,77.39024390243902,-0.03409711125987236,201.0,-0.05788530455523899,152,-0.035798697408206195,-0.34434006007701146,7.0,5.430143540669857,-0.05180379162185658
TDSTKR10008,Tai Po,Ting Kok Road near Chung Nga Road - Eastbound,22.45600466,114.1714046,East,3.0,36.668378693211906,-0.03400162691956654,183.0,-0.05022806536008839,250,-0.023387456724561162,-0.12252042007001185,9.0,16.283333333333335,-0.03325129378444074
TDS10011,Sha Tin,Lion Rock Tunnel Road near Hung Mui Kuk Road - Southbound,22.3646522,114.1820396,South West,3.0,60.47712418300654,-0.03398669810324795,201.0,-0.06155817864198121,235,-0.022190466339152278,-0.17693169092945127,9.0,9.085416666666667,-0.03323636496812215
TDSTCKR10001,Sha Tin,Tai Chung Kui Road near Shing Mun River Promenade Garden No. 1 - Northbound,22.37696033,114.1904877,North East,1.0,54.23529411764706,-0.033980308847588514,200.0,-0.05412334370350791,232,-0.027633934200375465,-0.07923970520881052,8.25,2.375,-0.040151355773878974
TDSCPRKC10002,Tsuen Wan,Castle Peak Rd-Kwai Chung near Kwok Shui Road Park - Eastbound,22.37085807,114.1284724,East,4.0,68.14451505940868,-0.033444658989637666,199.0,-0.036095325775065135,207,-0.016163992544612236,-0.1356973903143579,9.5,3.915117370892019,-0.028080072480234364
TDS91073,Yuen Long,Fanling Highway near Chau Tau Tsuen - Westbound (2),22.50420303,114.088647,West,3.0,79.14084507042253,-0.03330952241592244,184.0,-0.0629687106786343,155,-0.0261047924453957,-0.28630912719572454,6.0,4.49274099883856,-0.06024470952646167
TDS90025,Tsuen Wan,Tuen Mun Road near Sham Tseng - Westbound (1),22.36668206,114.0656065,North West,3.0,78.87824351297405,-0.03306551184122575,201.0,-0.060634334993573846,212,-0.02332099794830321,-0.1404697380307136,9.5,13.033333333333333,-0.027700925331822446
TDS91026,Tuen Mun,Tuen Mun Road near So Kwun Wat Road - Eastbound,22.3738904,113.9974191,South,3.0,73.65344467640918,-0.03302348809040956,199.0,-0.06600021792269817,148,-0.02245860856167011,-0.1696000000000002,7.0,8.13888888888889,-0.05073016845239378
TDS90057,Tuen Mun,Yuen Long Highway near Kong Sham Western Highway - Eastbound (3),22.42351091,113.9956751,North East,3.0,84.04338193071698,-0.03286450434377808,181.0,-0.06415211785298303,133,-0.023219411772883128,-0.13417190775681342,6.0,10.425925925925926,-0.05979969145431731
TDS91074,North District,Fanling Highway near Kwu Tung - Westbound (1),22.50389013,114.0946243,West,4.0,83.65394402035624,-0.03276530807608102,167.0,-0.06702000790620288,207,-0.038602095940250686,-0.14473278093022135,5.0,4.7535425101214575,-0.06892900193517526
TDSCPRPS10002,Yuen Long,Castle Peak Rd-Ping Shan near Fui Sha Wai - Eastbound,22.43880103,114.0053986,North East,2.0,59.08319039451115,-0.032742541079575305,179.0,-0.04119744884776411,155,-0.025524298195108538,-0.14545454545454561,6.0,2.020982142857143,-0.059677728190114535
TDS91051,Yuen Long,Yuen Long Highway near Shap Pat Heung Interchange - Westbound (1),22.43417656,114.0321758,West,4.0,73.63829754123871,-0.03255186372069485,179.0,-0.06593848008058378,153,-0.028634959808776943,-0.23393873678503663,6.5,7.375,-0.05487279745695658
TDS90067,Yuen Long,Yuen Long Highway near Shap Pat Heung Interchange - Eastbound (1),22.43472874,114.0336517,North East,3.0,67.27123287671233,-0.03237066279544265,183.0,-0.07112530350014201,153,-0.06058368849598105,-0.1368621840724844,6.0,8.88888888888889,-0.05930584990598188
TDS90061,Yuen Long,Yuen Long Highway near Hung Tin Road - Eastbound (2),22.43618305,114.0061984,North East,3.0,77.31395348837209,-0.032197725067138694,144.0,-0.07598430825467806,122,-0.046094204698770014,-0.1479939029700157,6.5,9.071428571428571,-0.05451865880340042
TDSTPR20007,Tai Po,Tai Po Road - Tai Po Kau near Cheung Shue Tan Road - Northbound,22.42641979,114.1963692,North,1.0,37.96431264813617,-0.032009003878614495,182.0,-0.03189819724284193,247,-0.015738580513335085,-0.1975,9.25,3.6666666666666665,-0.028951544056349945
TDS91047,Yuen Long,Yuen Long Highway near Tong Yan San Tsuen Interchange - Westbound,22.43794237,114.0133653,West,3.0,72.61260869565217,-0.03181762950342926,184.0,-0.0497347257952,155,-0.030527885760020322,-0.1421909157153265,6.0,5.354166666666666,-0.05875281661396849
TDS90090,North District,Fanling Highway near Kwu Tung - Eastbound (2),22.50350433,114.099688,East,3.0,84.48909657320873,-0.031788365788410156,172.0,-0.05058184048391168,215,-0.036466261616780474,-0.17068128881987565,5.0,5.665639445300462,-0.06795205964750439
TDS20006,Sha Tin,Tate's Cairn Highway near Sha Tin Hospital - Southbound (1),22.40084237,114.2138951,South West,3.0,73.66711697393515,-0.03167099580005739,201.0,-0.05805337557983736,235,-0.028509828544859252,-0.22275641025641024,9.0,9.333333333333334,-0.03092066266493159
TDS90048,Tuen Mun,Tuen Mun Road near San Hui Market - Northbound,22.39707387,113.9762382,North,3.0,47.117016564797595,-0.03165927765732046,201.0,-0.1110210911867332,152,-0.04104188128633411,-0.33847065797273257,7.0,18.396551724137932,-0.049365958019304684
TDSJCR20002,North District,Jockey Club Road near Fanling Highway - Northbound,22.48862879,114.1463219,North,2.0,61.324675324675326,-0.03155615434822523,172.0,-0.06717364482917132,215,-0.026707649974036598,-0.16089207487056956,5.0,6.125,-0.06771984820731947
AID10119,Yuen Long,Shenzhen Bay Bridge - Northbound (6),22.47367356,113.9581814,North West,3.0,97.03108974358975,-0.03054062902485888,172.0,-0.07547072630019425,140,-0.03254789256189808,-0.15738914546549743,6.5,1.2222222222222223,-0.052861562761120605
TDSTKR20001,Tai Po,Ting Kok Road near Sam Mun Tsai Road - Westbound,22.46013857,114.203,West,2.0,77.44,-0.03047586761184906,184.0,-0.04197037882149124,251,-0.016392999962236154,-0.2162459942105881,9.25,3.1843584656084656,-0.02741840778958451
TDS90091,North District,Fanling Highway near Kwu Tung - Eastbound (3),22.50320816,114.103634,East,3.0,83.14242424242424,-0.030405094601987925,172.0,-0.0594882930513595,215,-0.04215324422384795,-0.15227311564034052,5.0,5.59375,-0.06656878846108216
TDS90072,Yuen Long,Yuen Long Highway near Tsing Long Highway - Eastbound,22.45235944,114.0482938,North,2.0,85.98317730585575,-0.030008923023737033,181.0,-0.06699711853700974,148,-0.04339812342477972,-0.15546119367775424,6.0,10.535714285714286,-0.05694411013427626
TDS91050,Yuen Long,Yuen Long Highway near Sham Chung Village - Westbound,22.43438912,114.0275906,West,3.0,78.23188405797102,-0.02938906436419908,184.0,-0.05841837572978237,155,-0.030908621633859452,-0.1824092167399447,6.0,7.022321428571429,-0.05632425147473831
TDSCPRHSK20002,Tuen Mun,Castle Peak Rd-Hung Shui Kui near Tin Ha Road - Southbound,22.42960276,113.9924034,South West,3.0,32.27272727272727,-0.029368122281536957,194.0,-0.039164809934392086,149,-0.018244312785733352,-0.17465564738292017,7.0,3.8541666666666665,-0.04707480264352118
TDS90068,Yuen Long,Yuen Long Highway near Shap Pat Heung Interchange - Eastbound (2),22.43767592,114.0373789,North East,2.0,75.53235519754507,-0.02932221551275238,184.0,-0.06328203819605527,152,-0.040000247603182916,-0.1551150603782182,6.0,7.301388888888889,-0.05625740262329161
TDS90060,Yuen Long,Yuen Long Highway near Hung Tin Road - Eastbound (1),22.43194387,114.0025415,North East,3.0,81.37142857142857,-0.029020971382799132,184.0,-0.05768408690611326,155,-0.03821635944462483,-0.1675189368781953,6.0,7.735849056603773,-0.05595615849333836
TDS90075,Yuen Long,San Tin Highway near Pok Wai - Northbound,22.46425671,114.0536753,North,3.0,69.26361031518624,-0.028659179801631907,162.0,-0.05873512252042001,143,-0.028887905524166375,-0.11616134210585805,5.5,7.645833333333333,-0.06020862028644865
TDSCPRHSK10003,Tuen Mun,Castle Peak Rd-Hung Shui Kui near Tin Ha Road - Northbound,22.43067888,113.993723,North East,3.0,55.375,-0.028438499986187638,200.0,-0.03434261238560976,148,-0.011006513762243837,-0.12371474782233283,7.0,1.9393939393939394,-0.04614518034817186
TDSCPRPS20001,Yuen Long,Castle Peak Rd-Ping Shan near Hung Tin Road - Westbound,22.43673859,114.0021275,South West,2.0,60.277553763440864,-0.028350609084637046,168.0,-0.043812911257335885,143,-0.014829065009060033,-0.19505061867266593,6.5,2.4053571428571425,-0.05067154282089877
TDSCPRPS10004,Yuen Long,Castle Peak Rd-Ping Shan near Ping Shan Light Rail Stop - Eastbound,22.4428268,114.0123492,North East,3.0,53.62735849056604,-0.027713796048625117,184.0,-0.060213724057384455,155,-0.018236341266556537,-0.2732200049273219,6.0,1.9895833333333335,-0.05464898315916435
TDS91043,Yuen Long,Yuen Long Highway near Shui Fu Road - Westbound,22.42676673,114.0000613,South West,3.0,71.74679583137305,-0.02656176341819161,184.0,-0.05708245014748514,155,-0.029392518776678284,-0.2174468140122694,6.0,8.304761904761904,-0.05349695052873084
TDS91052,Yuen Long,Yuen Long Highway near Shap Pat Heung Interchange - Westbound (2),22.43792903,114.0376701,South West,2.0,71.07894736842105,-0.02630991693317175,184.0,-0.05895048256462487,155,-0.03170199614983083,-0.31889612091153174,6.0,6.882575757575758,-0.05324510404371098
TDS10012,Sha Tin,Lion Rock Tunnel Road near World-wide Gardens - Southbound,22.36287324,114.1796317,South West,3.0,75.02285533166295,-0.02602909296710121,201.0,-0.07488585549978533,235,-0.03562463192425948,-0.33951762523191087,9.0,7.111111111111111,-0.02527875983197541
TDS91071,Yuen Long,San Tin Highway near San Tin Interchange - Southbound,22.50053219,114.0807676,South West,3.0,84.18294117647059,-0.025869207998827637,184.0,-0.05263445412580914,155,-0.030846909807187493,-0.17780420895523952,6.0,3.375,-0.05280439510936687
TDS91076,North District,Fanling Highway near Kwu Tung - Westbound (3),22.50309146,114.1051793,West,3.0,82.37700140684666,-0.025651713313972535,172.0,-0.047572450663706634,215,-0.03014128285220531,-0.20572243495050868,5.0,4.908450704225352,-0.06181540717306678
TDS90034,Tuen Mun,Tuen Mun Road near Ka Loon Tsuen - Westbound (2),22.35588789,114.0284607,West,3.0,76.31970260223048,-0.02559416540684123,201.0,-0.03563532478991238,152,-0.014352623853826685,-0.17467948717948723,7.0,10.533333333333333,-0.04330084576882545
TDS91046,Yuen Long,Yuen Long Highway near Tong Yan San Tsuen Road - Westbound,22.43706158,114.0086549,West,3.0,88.31778425655976,-0.025586591061942388,183.0,-0.05210025767330684,154,-0.029486280543481756,-0.12872872872872876,6.0,9.145330112721417,-0.05252177817248162
TDS90059,Yuen Long,Yuen Long Highway near Shui Fu Road - Eastbound,22.42781497,114.0007108,North East,3.0,78.96461187214612,-0.025449406950840858,184.0,-0.0641054079915031,154,-0.02517481484724903,-0.13562420652098184,6.0,9.341666666666667,-0.05238459406138009
TDS90051,Tuen Mun,Tuen Mun Road near Fung Tei Light Rail Stop - Northbound,22.4065716,113.9780621,North,4.0,69.08545918367346,-0.02514375574297878,201.0,-0.06603369764974276,149,-0.020758560572283813,-0.15303846363092333,7.0,12.0625,-0.042850436104963
TDSLTR20001,Yuen Long,Long Tin Road near Tin Fuk Road - Northbound,22.4502649,114.0094551,North,2.0,66.61449693472773,-0.0251310036775928,184.0,-0.054492455141872176,155,-0.029161284069073687,-0.1720798637310308,6.0,3.25,-0.05206619078813203
TDSMOSB10003,Sha Tin,Ma On Shan Bypass near Ma On Shan Service Reservoir - Eastbound,22.42267953,114.2387276,North East,2.0,75.57264957264957,-0.02506481962992868,201.0,-0.03259503095995242,231,-0.02299789762662859,-0.2727272727272727,9.0,4.433333333333334,-0.024314486494802882
TDS91064,Yuen Long,San Tin Highway near Geranium Path - Southbound,22.48129153,114.058305,South,3.0,79.62425905344077,-0.025058788437135382,143.0,-0.045230358210069155,120,-0.03766864530376075,-0.21219346049046306,4.5,6.2719907407407405,-0.06583673567050713
TDSCPRHSK20001,Tuen Mun,Castle Peak Rd-Hung Shui Kui near Shun Tat Street - Southbound,22.42576951,113.9886397,South West,2.0,69.22398619499569,-0.024920316934361586,196.0,-0.04552390932746231,152,-0.01885829287829673,-0.13026291597720152,7.0,4.972222222222222,-0.04262699729634581
TDS90003,Sha Tin,Tai Po Road - Sha Tin near Racecourse MTR Station - Southbound,22.40150359,114.2038728,South West,3.0,67.37941477961047,-0.02483099680865053,197.0,-0.055164226032059505,226,-0.03362331607224632,-0.4525862068965518,7.5,11.621212121212121,-0.03792342379635725
TDSIEC10003,Wan Chai,Gloucestor Road near Gloucester Road Garden - Eastbound,22.27925895,114.1725176,East,5.0,44.0553113092995,-0.0246338767615365,201.0,-0.07680333141200746,211,-0.013215177145143617,-0.30681298582533145,9.5,9.533333333333333,-0.019269290252133198
TDS90066,Yuen Long,Yuen Long Highway near Sham Chung Tsuen - Eastbound,22.43431726,114.0280084,East,3.0,74.48598130841121,-0.02419024190241903,183.0,-0.05311023383589464,148,-0.03624534767232905,-0.12471395881006853,6.0,8.615800865800866,-0.05112542901295826
TDSMOSB10004,Sha Tin,Ma On Shan Bypass near Lee On Estate - Eastbound,22.42510713,114.2427694,North East,2.0,69.91056910569105,-0.02387012035681757,201.0,-0.026178836145718365,235,-0.017350690599538126,-0.2920566354691625,9.0,3.424947145877378,-0.023119787221691772
TDSTPR20005,Tai Po,Tai Po Road - Tai Po Kau near Japanese International School - Northbound,22.43172997,114.1940095,North West,1.0,40.2,-0.023798115317042012,183.0,-0.0369034406215315,247,-0.008637204582779376,-0.31034482758620685,9.0,4.142857142857143,-0.023047782181916214
TDSTPTWR20002,Tai Po,Tai Po Tai Wo Road near Yuen Shin Park - Westbound,22.45102898,114.1764178,West,3.0,44.1171679197995,-0.023194643711142993,185.0,-0.005793174991032268,251,0.032404565493168974,-0.06997342781222315,9.0,2.625,-0.022444310576017194
TDS90085,Yuen Long,San Tin Highway near Man Tin Cheung Park - Northbound,22.49758694,114.0785344,North East,3.0,87.23831985624439,-0.022954361328652584,167.0,-0.04983961198753695,112,-0.01882832926948043,-0.37209302325581395,6.5,5.408380681818182,-0.04527529506491431
TDSTCKR10002,Sha Tin,Tai Chung Kiu Road near Sha Tin Wai Road - Northbound,22.38127651,114.1946539,North East,3.0,49.324675324675326,-0.022332587817392335,201.0,-0.014215637200921116,235,0.010300979919091853,-0.3076923076923077,9.0,1.5488095238095239,-0.021582254682266537
TDS20003,Sha Tin,Tate's Cairn Highway near Sha Tin Transfer Station - Southbound,22.38777579,114.2113571,South,4.0,65.11255134234182,-0.022157644066018167,201.0,-0.032027995743392434,235,-0.020242742985554413,-0.20535117056856178,9.0,6.368055555555555,-0.02140731093089237
TDS91077,North District,Fanling Highway near Kwu Tung - Westbound (4),22.50263323,114.1105831,West,3.0,83.80882352941177,-0.02197115864917698,167.0,-0.046749277803183276,187,-0.023604850894058896,-0.12974504249291785,5.0,7.0,-0.058134852508271224
TDSTKR20005,Tai Po,Ting Kok Road near Dai Fu Street Substation - Westbound,22.46079072,114.1840544,South West,2.0,86.80392156862744,-0.02171724612356518,185.0,-0.031702951077642205,251,-0.021744663653956893,-0.22144249512670566,9.0,3.58974358974359,-0.020966912988439383
TDSJCR10002,North District,Jockey Club Road near Fanling Highway - Southbound,22.48968532,114.1461953,South,2.0,48.45238095238095,-0.02167476184132,172.0,-0.07129708297932591,215,-0.02967775055018311,-0.1537887485648679,5.0,6.458333333333334,-0.057838455700414244
TDSTKR10003,Tai Po,Ting Kok Road near Dai Kwai Street - Eastbound,22.46221721,114.1893302,East,2.0,85.119625345738,-0.021611886537595715,185.0,-0.0380343951186225,247,-0.034849570736508725,-0.2309985096870344,9.0,4.0,-0.020861553402469916
TDSTYR10002,Yuen Long,Tin Ying Road near Tin Sau Road - Northbound,22.46837449,113.9960735,North East,2.0,64.5925925925926,-0.021057754341140766,182.0,-0.03429835488166311,153,-0.01831006637091262,-0.10357142857142854,6.0,0.7,-0.047992941451679996
TDS90056,Tuen Mun,Yuen Long Highway near Kong Sham Western Highway - Eastbound (2),22.41840507,113.992457,North,3.0,72.84991039426524,-0.020590637493014707,201.0,-0.03435672095055875,152,-0.01701629974570943,-0.1392405063291141,7.0,8.583333333333332,-0.03829731785499893
TDSCPRHSK10002,Tuen Mun,Castle Peak Rd-Hung Shui Kui near Shun Tat Street - Northbound,22.42709844,113.9898909,North East,3.0,36.855650684931504,-0.020023157082207477,201.0,-0.028144963026553782,152,-0.012327146627856177,-0.13793103448275867,7.0,2.8703703703703702,-0.0377298374441917
TDSTCKR20001,Sha Tin,Tai Chung Kiu Road near Sha Tin Wai Road - Southbound,22.38045482,114.1939061,South West,3.0,48.12962962962963,-0.01992672276653562,201.0,-0.01609216788871115,235,-0.0037423964211066307,-0.11867559523809512,9.0,2.5757575757575757,-0.019176389631409822
TDS91053,Yuen Long,Yuen Long Highway near Pok Oi Interchange - Westbound (1),22.44185875,114.0394051,South,3.0,82.39490445859873,-0.019856119471137523,184.0,-0.05416008114002069,155,-0.027645332530817322,-0.2221946735464645,6.0,6.155555555555556,-0.04679130658167675
TDSTYR20003,Yuen Long,Tin Ying Road near Lau Fau Shan Fire Station Cum Ambulance Depot - Westbound,22.47159559,114.0017631,North West,2.0,50.4,-0.019831753644703243,184.0,-0.0118714930681314,154,0.007517328007435771,-0.11111111111111116,6.0,1.0454545454545454,-0.04676694075524247
TDSYSR20003,Tai Po,Yuen Shin Road near Dai Fuk Street - Southbound,22.45610408,114.1776516,South,2.0,53.8051948051948,-0.019780713003334283,185.0,-0.010673234811165888,251,0.0015034839109940926,-0.2098765432098766,9.0,4.2160714285714285,-0.019030379868208484
TDS90079,Yuen Long,San Tin Highway near Geranium Path - Northbound,22.48173404,114.0583338,North,3.0,81.16262975778547,-0.018748018707109515,184.0,-0.05574535590046803,155,-0.037509992726923375,-0.14463383838383836,6.0,6.285714285714286,-0.045683205817648745
TDSTYR10001,Yuen Long,Tin Ying Road near Tin Wah Road - Northbound,22.4623572,113.9933802,North East,2.0,53.35294117647059,-0.01863654679649185,184.0,-0.028429358988217412,151,-0.013388662013972857,-0.1653107246885066,6.0,1.453125,-0.04557173390703108
TDSCPRHSK20003,Tuen Mun,Castle Peak Rd-Hung Shui Kui near Hung Shui Kiu Main Street - Southbound,22.43234297,113.9959259,South West,2.0,39.035714285714285,-0.01840177066104154,191.0,-0.008795969524991953,136,-0.0035332066686997177,-0.16150306748466248,7.0,4.166666666666667,-0.03610845102302576
TDS91009,Tsuen Wan,Tuen Mun Road near Sham Tseng - Eastbound (1),22.36652874,114.0658882,South East,4.0,83.54196642685851,-0.01837890880664428,34.0,-0.0797140054979103,50,-0.04254420299154008,-0.13068083610279624,8.0,7.174757281553398,-0.02685708242007349
TDSLFR20002,Tuen Mun,Wong Chu Road near Tuen Mun Heung Sze Wui Road - Westbound,22.38564041,113.9755263,West,2.0,55.63299663299663,-0.01837494524748129,201.0,-0.04387332575549019,152,-0.020063718243879508,-0.12,7.0,15.46875,-0.03608162560946551
TDS91007,Tsuen Wan,Tuen Mun Road near Ting Kau - Eastbound (4),22.37020002,114.0732742,North East,3.0,64.25238141841194,-0.018015828583061833,201.0,-0.037794385744807424,216,-0.019420036321101487,-0.1808485423086038,9.5,5.462962962962963,-0.012651242073658529
TDSTPTWR10001,Tai Po,Tai Po Tai Wo Road near Tai Po Arts Centre - Eastbound,22.45110097,114.1679074,East,3.0,49.98425196850393,-0.0179440661769098,183.0,-0.009708341910630747,246,0.03232802944193555,-0.13009094503756435,9.0,4.497222222222222,-0.017193733041784003
TDSLFR20001,Tuen Mun,Wong Chu Road near Hoi Wong Road - Westbound,22.38632026,113.9703981,North West,3.0,52.70996441281139,-0.01767880617943951,201.0,-0.04682399798587389,152,-0.017054382622892526,-0.146441073512252,7.0,8.05,-0.03538548654142373
TDSTPTWR20001,Tai Po,Tai Po Tai Wo Road near New Territories North Regional Police Headquarters - Westbound,22.45107404,114.1715699,West,3.0,64.34482758620689,-0.017463109444614155,185.0,-0.017269977296323624,248,-0.0010741102443099088,-0.08163265306122436,9.0,2.492424242424242,-0.016712776309488357
TDSTYR20001,Yuen Long,Tin Ying Road near Tin Sau Road - Southbound,22.46659458,113.9952499,South West,2.0,53.214285714285715,-0.01727502761572497,184.0,-0.019535513983513386,151,-0.005226084898412288,-0.18877961129550636,6.0,1.7236111111111112,-0.0442102147262642
TDS91049,Yuen Long,Yuen Long Highway near Kung Um Road - Westbound,22.43527832,114.0224704,West,3.0,78.96747063947376,-0.017247718304279402,180.0,-0.04533561064702063,152,-0.02630687885879577,-0.14171197628011445,6.0,8.469444444444445,-0.04418290541481863
TDSTPR10009,Tai Po,Tai Po Road - Tai Po Kau near Cheung Shue Tan Road - Southbound,22.42510131,114.1966021,South,1.0,38.0,-0.01704002711613717,167.0,-0.014800628426804963,219,-0.026847373415937167,-0.3597560975609755,8.5,2.25,-0.020903947355288874
TDSCPRLT20001,Tuen Mun,Castle Peak Rd-Lam Tei near Lam Tei Main Street - Southbound,22.4190528,113.9826462,East,2.0,57.34013605442177,-0.016978176882113227,201.0,-0.04852259637483258,152,-0.01873002102307518,-0.1747826086956522,7.0,7.046511627906977,-0.03468485724409745
TDSYSR10002,Tai Po,Yuen Shin Road near Tai Po Tai Wo Road - Northbound,22.45193202,114.1772727,North,2.0,85.20901960784315,-0.01675836656403007,185.0,-0.032770854231678914,250,-0.019332901707912225,-0.1860495676627506,9.0,4.436507936507937,-0.01600803342890427
TDSCPRHSK10004,Yuen Long,Castle Peak Rd-Hung Shui Kiu near Hung Shui Kiu Light Rail Stop - Northbound,22.43451363,113.9989538,North East,2.0,49.293103448275865,-0.016651111140139063,184.0,-0.035659563539753525,152,-0.0195140191343176,-0.14623850371058267,6.0,3.34375,-0.04358629825067829
TDSCPRKC10001,Tsuen Wan,Castle Peak Rd-Kwai Chung near Shing Mun Road - Eastbound,22.37028714,114.1221808,East,4.0,55.45238095238095,-0.0155578529397149,193.0,-0.028505185442774694,211,-0.008078684949849976,-0.10232558139534886,10.0,6.1875,-0.005579013056034091
TDS91035,Tuen Mun,Tuen Mun Road near San Hui Playground - Southbound,22.40044337,113.9771559,South,3.0,66.85538361283838,-0.015479293172346087,201.0,-0.05636143398412552,152,0.010529896221687624,-0.19883040935672525,7.0,17.015151515151516,-0.03318597353433031
TDSLFR10003,Tuen Mun,Wong Chu Road near Tuen Mun Heung Sze Wui Road - Eastbound,22.38561288,113.9751767,East,2.0,62.32947976878613,-0.015091373585771728,201.0,-0.05546033699934516,148,-0.01738904196228828,-0.1395744847429098,7.0,14.944444444444445,-0.03279805394775595
TDSNCWBR10002,Kwun Tong,New Clear Water Bay Road near Shun Lee Disciplined Services Quarters - Eastbound (1),22.33195569,114.2207493,North West,2.0,43.55790816326531,-0.015052080177679228,187.0,-0.01906172598144651,210,-0.013489852796893905,-0.3553113553113554,8.5,3.875,-0.018916000416830933
TDSCPRPS10003,Yuen Long,Castle Peak Rd-Ping Shan near Tong Yan San Tsuen Playground - Eastbound,22.44100816,114.0089222,North East,3.0,72.20833333333333,-0.014738598442713968,183.0,-0.03620712881416144,154,-0.0224251480329708,-0.17372881355932213,6.0,1.4259259259259258,-0.0416737855532532
TDS90070,Yuen Long,Yuen Long Highway near Pok Oi Interchange - Eastbound (2),22.44651897,114.0400028,North East,5.0,52.95185593205281,-0.014233401395366885,169.0,-0.05813151715543963,143,-0.03441025669883413,-0.16195652173913033,6.5,9.395833333333334,-0.03655433513162861
TDS91016,Tsuen Wan,Tuen Mun Road near Hong Kong Garden - Eastbound (2),22.36086229,114.0370089,North East,4.0,84.95978552278821,-0.014230682277448059,201.0,-0.045215623507061986,216,-0.024905483829668985,-0.1942656524283206,9.5,6.397435897435898,-0.008866095768044755
TDSTYR10003,Yuen Long,Tin Ying Road near Tin Yuet Road - Northbound,22.47060618,113.9971296,North East,2.0,65.375,-0.014173228346456623,179.0,-0.04426712365447438,145,-0.023205819530861375,-0.15384615384615385,6.0,0.325,-0.04110841545699585
TDSTPR10001,Tai Po,Tai Po Road - Yuen Chau Tsai near Kwong Wang Street - Souhtbound,22.44619767,114.1745914,East,2.0,34.226890756302524,-0.013685980586960689,185.0,-0.02350286151771619,251,-0.013529759153824834,-0.225071225071225,9.0,4.9772727272727275,-0.01293564745183489
TDS91075,North District,Fanling Highway near Kwu Tung - Westbound (2),22.5035402,114.0991826,West,3.0,76.40948808473081,-0.013342238776357651,172.0,-0.03810638110007958,215,-0.022893372862790178,-0.12124467075252165,5.0,7.761904761904762,-0.049505932635451895
TDS90064,Yuen Long,Yuen Long Highway near Lam Hau Tsuen - Eastbound,22.43638499,114.018263,South East,3.0,64.97167190775681,-0.013307509057132183,180.0,-0.07477044162658497,155,-0.03856697615257508,-0.16042669909285,6.5,11.584415584415584,-0.03562844279339391
TDSTKR10006,Tai Po,Ting Kok Road near Fung Yuen Road - Eastbound,22.45911119,114.1801194,East,2.0,52.370558375634516,-0.013036031464095377,181.0,-0.018774719774178217,251,-0.0012210967168840361,-0.22401847575057743,9.5,9.36111111111111,-0.007671444954692073
TDSTPR10005,Tai Po,Tai Po Road - Tai Po Kau near Tai Po Kau Garden - Souhtbound,22.43270591,114.1861802,East,1.0,39.78125,-0.01248229536548584,176.0,-0.016935575298951067,242,-0.010231032958472452,-0.214429419525066,8.75,3.4941176470588236,-0.014039088917498794
TDSTKR20008,Tai Po,Ting Kok Road near Dai Fuk Street - Westbound,22.45664591,114.1769521,West,2.0,49.39232303090728,-0.011823434015811873,185.0,-0.012985465808911134,251,-0.011043072297305803,-0.13157894736842113,9.0,5.821428571428571,-0.011073100880686075
TDSTKR20004,Tai Po,Ting Kok Road near Ting Hing Road - Westbound,22.46221737,114.1871344,West,2.0,82.68115942028986,-0.011655222158337253,184.0,-0.03300111259405725,236,-0.01960250917642062,-0.22809343434343443,9.0,3.5714285714285716,-0.010904889023211455
TDS90049,Tuen Mun,Tuen Mun Road near San Hui Playground - Northbound,22.399952,113.97678,North,4.0,58.475359772423026,-0.011550808735678375,201.0,-0.05442818320077358,152,-0.020454555634237412,-0.11516635139646136,7.0,16.15127840909091,-0.029257489097662598
TDSTPR10012,Sha Tin,Tai Po Road - Ma Liu Shui near Chek Nai Ping - Souhtbound,22.41948385,114.2003214,South East,1.0,43.11764705882353,-0.011081526495605454,170.0,-0.032003636046442185,217,-0.0026981423843499344,-0.17932372505543226,8.25,2.4,-0.017252573421895914
TDSCPRPS20002,Yuen Long,Castle Peak Rd-Ping Shan near Fui Sha Wai - Westbound,22.43904527,114.0057966,South West,2.0,50.803030303030305,-0.00886470367894765,184.0,-0.022653769360644227,151,-0.015753253287052953,-0.18297852881584875,6.0,3.1875,-0.03579989078948688
TDS91037,Tuen Mun,Tuen Mun Road near Fung Tei Light Rail Stop - Southbound,22.40698289,113.9783412,South,3.0,57.423572744014734,-0.008774701440582677,201.0,-0.05494260309291166,152,0.009270849400007636,-0.10885805763073642,7.0,15.45,-0.0264813818025669
TDSPBH10002,Tsuen Wan,Penny's Bay Highway near Inspiration Lake Recreation Centre - Southbound,22.32549757,114.0357435,South East,2.0,78.93012422360249,-0.008430644662632325,198.0,-0.03243963443651643,212,-0.028141300779892676,-0.25906785207810623,10.0,1.579887218045113,0.0015481952210484838
TDSLTR20002,Yuen Long,Long Tin Road near Yung Yuen Road - Northbound,22.44790115,114.0116146,North West,3.0,63.03507176066303,-0.00723562602922434,184.0,-0.03280720859631858,155,-0.026090457984554134,-0.1292611183074267,6.0,5.796610169491525,-0.03417081313976357
TDSCPRLT10002,Tuen Mun,Castle Peak Rd-Lam Tei near Miu Fat Buddhist Monastery - Northbound,22.42015539,113.9833732,North East,3.0,46.17092555331992,-0.00637958587421783,168.0,-0.041323083367594604,133,-0.0038036627409781427,-0.15767957864949333,6.0,4.5625,-0.03331477298475706
TDS90069,Yuen Long,Yuen Long Highway near Pok Oi Interchange - Eastbound (1),22.44148851,114.0394054,North,2.0,65.21105527638191,-0.005980138970708149,172.0,-0.04533439141856399,143,-0.029235108442731306,-0.1807297615086466,6.5,9.928571428571429,-0.028301072706969875
TDSTKR10007,Tai Po,Ting Kok Road near Yue Kok Village Sitting-out Area - Eastbound,22.45725998,114.1775448,North,3.0,46.32063882063882,-0.00506169782184529,181.0,-0.012353854112778118,249,-0.005115819410368767,-0.15294117647058825,8.5,7.084259259259259,-0.008925618060996997
TDSMOSB20006,Sha Tin,Ma On Shan Bypass near Cheung Muk Tau - Westbound,22.42924963,114.2485995,West,3.0,88.61222222222221,-0.003587884040607392,201.0,-0.01718533161575997,233,-0.010285011564635838,-0.3098290598290597,9.0,1.9142857142857144,-0.0028375509054815937
AID01205,Kowloon City,Waterloo Road near American Internationnal School - Southbound,22.33252153,114.178874,South,3.0,39.886054421768705,-0.0028185966022464815,188.0,-0.042651718713542675,209,-0.01381141835995437,-0.2003683241252303,8.75,4.615530303030303,-0.004375390154259436
TDSPBH10001,Tsuen Wan,Penny's Bay Highway near North Lantau Highway - Southbound,22.3299468,114.0325262,South East,3.0,64.21212121212122,-0.0015418252534313837,191.0,-0.019247524752475265,207,-0.0024302333846180912,-0.34375,9.5,1.0,0.00382276125597192
AID05223,Yau Tsim Mong,West Kowloon Corridor near Prosperous Garden - Southbound,22.31002607,114.167499,South East,2.0,60.64387947269303,-0.0011628872829969605,189.0,-0.11517088770920825,186,0.7285384896466197,0.12928176795580093,7.0,2.486111111111111,-0.018869567644981183
TDSTPR10011,Sha Tin,Tai Po Road - Ma Liu Shui near Tai Po Mei - Southbound,22.41963772,114.1978057,East,2.0,60.855555555555554,0.00025849638815333975,190.0,-0.026539047828941675,215,-0.018826973601496984,-0.3520407878973617,8.25,1.0930232558139534,-0.00591255053813712
TDSTKR10004,Tai Po,Ting Kok Road near Ting Hing Road - Eastbound,22.46221743,114.1861531,East,2.0,57.666666666666664,0.0015036884195764877,179.0,-0.05367230315919691,242,-0.0005458415347172618,-0.2064516129032259,9.5,6.559523809523809,0.006868274928979791
TDS91038,Tuen Mun,Tuen Mun Road near Siu Hong MTR Station - Souththbound,22.41246625,113.9798776,South,3.0,74.75412903927756,0.0027757397254954963,150.0,-0.07981440737606849,115,-0.021390809168273118,-0.2932825806042805,7.0,16.58101851851852,-0.014930940636488726
TDSTPTWR10002,Tai Po,Tai Po Tai Wo Road near New Territories North Regional Police Headquarters - Eastbound,22.45110116,114.1724054,East,3.0,44.8910405785456,0.00832144707470106,185.0,0.0022562059890460784,251,0.04486405809491789,-0.08791208791208793,9.0,4.201388888888889,0.009071780209826859
TDSLTR10003,Yuen Long,Long Tin Road near Shui Pin Wai Interchange - Southbound,22.44458304,114.0166604,South,3.0,59.54499549570907,0.00843816186830093,184.0,-0.030777798308286197,155,-0.023075114396140062,-0.2940645002097526,6.0,4.56140350877193,-0.018497025242238303
TDSCPRPS20004,Yuen Long,Castle Peak Rd-Ping Shan near Long Tin Road - Westbound,22.44380592,114.0161562,West,3.0,50.089220563847434,0.01270680122674639,149.0,-0.05077279554169567,120,-0.01328123659745235,-0.17815625844822913,5.0,3.8621794871794872,-0.023456892632347855
TDSCPRLT20002,Tuen Mun,Castle Peak Rd-Lam Tei near Fuk Hang Playground - Southbound,22.42046277,113.9836641,South West,3.0,69.34369847957501,0.01377869493328543,201.0,-0.04426558637778233,150,-0.005634340262644651,-0.16560509554140124,7.0,4.62962962962963,-0.003927985428698794
TDSTKR20007,Tai Po,Ting Kok Road near Yue Kok - Westbound,22.45801854,114.1776614,South,4.0,41.03575145393327,0.0161340045433358,185.0,-0.01822509912291248,251,-0.006230194726282407,-0.2695575384882454,9.0,3.9418660287081337,0.0168843376784616
TDSTKR20006,Tai Po,Ting Kok Road near Dai Fat Street - Westbound,22.45909311,114.1807704,West,2.0,55.506255294194304,0.04397804572983155,182.0,-0.010457524772914839,241,-0.016206004733589043,-0.18569793569793558,9.0,6.871794871794871,0.04472837886495735
AID05113,Yau Tsim Mong,Gascoigne Road Flyover near Prosperous Garden - Northbound,22.31044147,114.1673631,North West,1.0,34.5,,,,2,,,,0.3055555555555556,
TDS30009,Yuen Long,Tsing Long Highway near Yuen Long Highway - Southbound (3),22.45378734,114.0496721,South West,2.0,84.0595039018952,,17.0,-0.17546583803487625,24,-0.03953284210825616,-0.12162162162162149,8.0,1.4375,
TDS90024,Tsuen Wan,Tuen Mun Road near Ting Kau - Westbound (5),22.36583482,114.0679956,North West,3.0,83.07613168724279,,5.0,-0.07818808485505602,24,-0.031877025371285284,-0.08895705521472386,8.0,13.275883838383837,
