snapshot,report_time,district,rain_lo_mm,rain_hi_mm
20250701-0002,2025-06-30 23:00:00,Yau Tsim Mong,3,7
20250701-0002,2025-06-30 23:00:00,Sham Shui Po,2,7
20250701-0002,2025-06-30 23:00:00,Eastern District,1,5
20250701-0002,2025-06-30 23:00:00,Islands District,0,5
20250701-0002,2025-06-30 23:00:00,Kwai Tsing,0,5
20250701-0002,2025-06-30 23:00:00,Sha Tin,0,5
20250701-0002,2025-06-30 23:00:00,Southern District,0,5
20250701-0002,2025-06-30 23:00:00,Tai Po,0,5
20250701-0002,2025-06-30 23:00:00,Kowloon City,0,4
20250701-0002,2025-06-30 23:00:00,Tuen Mun,0,3
20250701-0002,2025-06-30 23:00:00,Yuen Long,0,15
20250701-0002,2025-06-30 23:00:00,Tsuen Wan,0,11
20250701-0002,2025-06-30 23:00:00,North District,0,10
20250701-0002,2025-06-30 23:00:00,Central & Western District,0,1
20250701-0002,2025-06-30 23:00:00,Sai Kung,0,1
20250701-0002,2025-06-30 23:00:00,Wan Chai,0,1
20250701-0102,2025-07-01 00:00:00,Yau Tsim Mong,8,16
20250701-0102,2025-07-01 00:00:00,Wan Chai,8,10
20250701-0102,2025-07-01 00:00:00,Sha Tin,6,26
20250701-0102,2025-07-01 00:00:00,Central & Western District,3,8
20250701-0102,2025-07-01 00:00:00,Kwun Tong,29,40
20250701-0102,2025-07-01 00:00:00,Kwai Tsing,2,16
20250701-0102,2025-07-01 00:00:00,Wong Tai Sin,17,31
20250701-0102,2025-07-01 00:00:00,Kowloon City,15,34
20250701-0102,2025-07-01 00:00:00,Sham Shui Po,12,19
20250701-0102,2025-07-01 00:00:00,Eastern District,11,31
20250701-0102,2025-07-01 00:00:00,Southern District,1,12
20250701-0102,2025-07-01 00:00:00,Tai Po,0,31
20250701-0102,2025-07-01 00:00:00,Islands District,0,3
20250701-0102,2025-07-01 00:00:00,Sai Kung,0,25
20250701-0102,2025-07-01 00:00:00,North District,0,22
20250701-0102,2025-07-01 00:00:00,Tsuen Wan,0,18
20250701-0102,2025-07-01 00:00:00,Yuen Long,0,15
20250701-0201,2025-07-01 01:00:00,Kwun Tong,9,28
20250701-0201,2025-07-01 01:00:00,Sha Tin,5,30
20250701-0201,2025-07-01 01:00:00,Kowloon City,4,16
20250701-0201,2025-07-01 01:00:00,Yau Tsim Mong,2,8
20250701-0201,2025-07-01 01:00:00,Wong Tai Sin,15,28
20250701-0201,2025-07-01 01:00:00,Sai Kung,1,22
20250701-0201,2025-07-01 01:00:00,Yuen Long,1,19
20250701-0201,2025-07-01 01:00:00,Tsuen Wan,1,16
20250701-0201,2025-07-01 01:00:00,Kwai Tsing,1,11
20250701-0201,2025-07-01 01:00:00,Sham Shui Po,1,11
20250701-0201,2025-07-01 01:00:00,Wan Chai,1,1
20250701-0201,2025-07-01 01:00:00,Eastern District,0,4
20250701-0201,2025-07-01 01:00:00,Tai Po,0,28
20250701-0201,2025-07-01 01:00:00,North District,0,22
20250701-0201,2025-07-01 01:00:00,Central & Western District,0,1
20250701-0201,2025-07-01 01:00:00,Islands District,0,1
20250701-0201,2025-07-01 01:00:00,Southern District,0,1
20250701-0201,2025-07-01 01:00:00,Tuen Mun,0,1
20250701-0301,2025-07-01 02:00:00,Tai Po,0,5
20250701-0301,2025-07-01 02:00:00,Sai Kung,0,3
20250701-0301,2025-07-01 02:00:00,Yuen Long,0,15
20250701-0301,2025-07-01 02:00:00,North District,0,13
20250701-0401,2025-07-01 03:00:00,Tai Po,0,2
20250701-0401,2025-07-01 03:00:00,Tsuen Wan,0,2
20250701-0401,2025-07-01 03:00:00,Yuen Long,0,2
20250701-0401,2025-07-01 03:00:00,Islands District,0,1
20250701-0401,2025-07-01 03:00:00,North District,0,1
20250701-0401,2025-07-01 03:00:00,Sai Kung,0,1
20250701-0401,2025-07-01 03:00:00,Sha Tin,0,1
20250701-0401,2025-07-01 03:00:00,Sham Shui Po,0,1
20250701-0401,2025-07-01 03:00:00,Wong Tai Sin,0,1
20250701-0501,2025-07-01 04:00:00,Southern District,0,3
20250701-0501,2025-07-01 04:00:00,Eastern District,0,2
20250701-0501,2025-07-01 04:00:00,Islands District,0,2
20250701-0501,2025-07-01 04:00:00,Central & Western District,0,1
20250701-0501,2025-07-01 04:00:00,Kowloon City,0,1
20250701-0501,2025-07-01 04:00:00,Sai Kung,0,1
20250701-0501,2025-07-01 04:00:00,Sham Shui Po,0,1
20250701-0501,2025-07-01 04:00:00,Tai Po,0,1
20250701-0501,2025-07-01 04:00:00,Wan Chai,0,1
20250701-0501,2025-07-01 04:00:00,Yau Tsim Mong,0,1
20250701-0601,2025-07-01 05:00:00,Central & Western District,1,6
20250701-0601,2025-07-01 05:00:00,Tuen Mun,0,9
20250701-0601,2025-07-01 05:00:00,Islands District,0,2
20250701-0601,2025-07-01 05:00:00,Kwai Tsing,0,2
20250701-0601,2025-07-01 05:00:00,Southern District,0,2
20250701-0601,2025-07-01 05:00:00,Kowloon City,0,1
20250701-0601,2025-07-01 05:00:00,Tsuen Wan,0,1
20250701-0601,2025-07-01 05:00:00,Wan Chai,0,1
20250701-0601,2025-07-01 05:00:00,Yuen Long,0,1
20250701-0701,2025-07-01 06:00:00,Tuen Mun,1,11
20250701-0701,2025-07-01 06:00:00,North District,0,4
20250701-0701,2025-07-01 06:00:00,Tai Po,0,4
20250701-0701,2025-07-01 06:00:00,Kwai Tsing,0,2
20250701-0701,2025-07-01 06:00:00,Sham Shui Po,0,2
20250701-0701,2025-07-01 06:00:00,Yau Tsim Mong,0,2
20250701-0701,2025-07-01 06:00:00,Islands District,0,12
20250701-0701,2025-07-01 06:00:00,Kowloon City,0,1
20250701-0701,2025-07-01 06:00:00,Tsuen Wan,0,1
20250701-0701,2025-07-01 06:00:00,Yuen Long,0,1
20250701-0801,2025-07-01 07:00:00,Islands District,0,9
20250701-0801,2025-07-01 07:00:00,North District,0,3
20250701-0801,2025-07-01 07:00:00,Tai Po,0,3
20250701-0801,2025-07-01 07:00:00,Sha Tin,0,2
20250701-0801,2025-07-01 07:00:00,Tsuen Wan,0,2
20250701-0801,2025-07-01 07:00:00,Yuen Long,0,1
20250701-0901,2025-07-01 08:00:00,Sha Tin,0,4
20250701-0901,2025-07-01 08:00:00,North District,0,2
20250701-0901,2025-07-01 08:00:00,Islands District,0,16
20250701-0901,2025-07-01 08:00:00,Kwai Tsing,0,1
20250701-0901,2025-07-01 08:00:00,Tai Po,0,1
20250701-0901,2025-07-01 08:00:00,Wong Tai Sin,0,1
20250701-0901,2025-07-01 08:00:00,Yuen Long,0,1
20250701-1001,2025-07-01 09:00:00,Tuen Mun,0,4
20250701-1001,2025-07-01 09:00:00,Tsuen Wan,0,2
20250701-1001,2025-07-01 09:00:00,Islands District,0,13
20250701-1101,2025-07-01 10:00:00,North District,0,9
20250701-1101,2025-07-01 10:00:00,Islands District,0,3
20250701-1101,2025-07-01 10:00:00,Sai Kung,0,2
20250701-1101,2025-07-01 10:00:00,Tai Po,0,2
20250701-1101,2025-07-01 10:00:00,Tsuen Wan,0,2
20250701-1101,2025-07-01 10:00:00,Tuen Mun,0,1
20250701-1202,2025-07-01 11:00:00,Southern District,0,4
20250701-1202,2025-07-01 11:00:00,Tai Po,0,4
20250701-1202,2025-07-01 11:00:00,North District,0,2
20250701-1202,2025-07-01 11:00:00,Islands District,0,10
20250701-1202,2025-07-01 11:00:00,Kwun Tong,0,1
20250701-1202,2025-07-01 11:00:00,Sha Tin,0,1
20250701-1302,2025-07-01 12:00:00,Islands District,0,8
20250701-1302,2025-07-01 12:00:00,Tsuen Wan,0,2
20250701-1302,2025-07-01 12:00:00,Southern District,0,14
20250701-1302,2025-07-01 12:00:00,Central & Western District,0,13
20250701-1302,2025-07-01 12:00:00,Sham Shui Po,0,1
20250701-1302,2025-07-01 12:00:00,Tai Po,0,1
20250701-1401,2025-07-01 13:00:00,Wan Chai,1,4
20250701-1401,2025-07-01 13:00:00,Kwun Tong,1,3
20250701-1401,2025-07-01 13:00:00,Central & Western District,0,4
20250701-1401,2025-07-01 13:00:00,Southern District,0,4
20250701-1401,2025-07-01 13:00:00,Islands District,0,3
20250701-1401,2025-07-01 13:00:00,Wong Tai Sin,0,2
20250701-1401,2025-07-01 13:00:00,Kwai Tsing,0,1
20250701-1401,2025-07-01 13:00:00,Sham Shui Po,0,1
20250701-1401,2025-07-01 13:00:00,Tsuen Wan,0,1
20250701-1502,2025-07-01 14:00:00,Sai Kung,0,7
20250701-1502,2025-07-01 14:00:00,North District,0,4
20250701-1502,2025-07-01 14:00:00,Sha Tin,0,4
20250701-1502,2025-07-01 14:00:00,Tai Po,0,3
20250701-1502,2025-07-01 14:00:00,Kowloon City,0,1
20250701-1502,2025-07-01 14:00:00,Kwai Tsing,0,1
20250701-1502,2025-07-01 14:00:00,Kwun Tong,0,1
20250701-1502,2025-07-01 14:00:00,Wong Tai Sin,0,1
20250701-1601,2025-07-01 15:00:00,Sha Tin,0,2
20250701-1601,2025-07-01 15:00:00,North District,0,1
20250701-1701,2025-07-01 16:00:00,North District,0,6
20250701-1701,2025-07-01 16:00:00,Sai Kung,0,4
20250701-1701,2025-07-01 16:00:00,Tai Po,0,27
20250701-1801,2025-07-01 17:00:00,Wong Tai Sin,6,9
20250701-1801,2025-07-01 17:00:00,Eastern District,5,9
20250701-1801,2025-07-01 17:00:00,Kwun Tong,4,11
20250701-1801,2025-07-01 17:00:00,Wan Chai,2,4
20250701-1801,2025-07-01 17:00:00,Kowloon City,2,3
20250701-1801,2025-07-01 17:00:00,Sai Kung,1,9
20250701-1801,2025-07-01 17:00:00,Yau Tsim Mong,1,2
20250701-1801,2025-07-01 17:00:00,Southern District,0,9
20250701-1801,2025-07-01 17:00:00,Islands District,0,5
20250701-1801,2025-07-01 17:00:00,Sha Tin,0,4
20250701-1801,2025-07-01 17:00:00,Sham Shui Po,0,3
20250701-1801,2025-07-01 17:00:00,Tsuen Wan,0,2
20250701-1801,2025-07-01 17:00:00,North District,0,16
20250701-1801,2025-07-01 17:00:00,Tai Po,0,10
20250701-1801,2025-07-01 17:00:00,Central & Western District,0,1
20250701-1801,2025-07-01 17:00:00,Kwai Tsing,0,1
20250701-1902,2025-07-01 18:00:00,Tai Po,0,11
20250701-1902,2025-07-01 18:00:00,North District,0,1
20250701-1902,2025-07-01 18:00:00,Yuen Long,0,1
20250701-2001,2025-07-01 19:00:00,,0,0
20250701-2101,2025-07-01 20:00:00,,0,0
20250701-2201,2025-07-01 21:00:00,Tai Po,0,5
20250701-2201,2025-07-01 21:00:00,Tsuen Wan,0,1
20250701-2302,2025-07-01 22:00:00,North District,0,1
20250702-0002,2025-07-01 23:00:00,,0,0
20250702-0102,2025-07-02 00:00:00,,0,0
20250702-0202,2025-07-02 01:00:00,,0,0
20250702-0301,2025-07-02 02:00:00,Islands District,0,7
20250702-0301,2025-07-02 02:00:00,Tai Po,0,6
20250702-0301,2025-07-02 02:00:00,Sai Kung,0,4
20250702-0301,2025-07-02 02:00:00,North District,0,1
20250702-0401,2025-07-02 03:00:00,Kwun Tong,6,8
20250702-0401,2025-07-02 03:00:00,Wong Tai Sin,4,11
20250702-0401,2025-07-02 03:00:00,Kowloon City,1,7
20250702-0401,2025-07-02 03:00:00,Wan Chai,1,2
20250702-0401,2025-07-02 03:00:00,North District,1,17
20250702-0401,2025-07-02 03:00:00,Sha Tin,0,8
20250702-0401,2025-07-02 03:00:00,Tsuen Wan,0,8
20250702-0401,2025-07-02 03:00:00,Eastern District,0,6
20250702-0401,2025-07-02 03:00:00,Sai Kung,0,4
20250702-0401,2025-07-02 03:00:00,Islands District,0,2
20250702-0401,2025-07-02 03:00:00,Yuen Long,0,2
20250702-0401,2025-07-02 03:00:00,Tai Po,0,10
20250702-0401,2025-07-02 03:00:00,Central & Western District,0,1
20250702-0401,2025-07-02 03:00:00,Kwai Tsing,0,1
20250702-0401,2025-07-02 03:00:00,Sham Shui Po,0,1
20250702-0401,2025-07-02 03:00:00,Southern District,0,1
20250702-0401,2025-07-02 03:00:00,Yau Tsim Mong,0,1
20250702-0501,2025-07-02 04:00:00,Tai Po,0,6
20250702-0501,2025-07-02 04:00:00,Tsuen Wan,0,6
20250702-0501,2025-07-02 04:00:00,Sha Tin,0,3
20250702-0501,2025-07-02 04:00:00,Yuen Long,0,10
20250702-0501,2025-07-02 04:00:00,Kowloon City,0,1
20250702-0501,2025-07-02 04:00:00,Kwai Tsing,0,1
20250702-0601,2025-07-02 05:00:00,North District,0,2
20250702-0701,2025-07-02 06:00:00,Tai Po,0,1
20250702-0802,2025-07-02 07:00:00,North District,0,3
20250702-0802,2025-07-02 07:00:00,Tsuen Wan,0,1
20250702-0802,2025-07-02 07:00:00,Yuen Long,0,1
20250702-0901,2025-07-02 08:00:00,Islands District,0,1
20250702-1001,2025-07-02 09:00:00,Islands District,0,1
20250702-1001,2025-07-02 09:00:00,Southern District,0,1
20250702-1001,2025-07-02 09:00:00,Wong Tai Sin,0,1
20250702-1101,2025-07-02 10:00:00,,0,0
20250702-1202,2025-07-02 11:00:00,Southern District,0,1
20250702-1301,2025-07-02 12:00:00,Tai Po,0,4
20250702-1301,2025-07-02 12:00:00,North District,0,2
20250702-1301,2025-07-02 12:00:00,Yuen Long,0,2
20250702-1301,2025-07-02 12:00:00,Sai Kung,0,1
20250702-1301,2025-07-02 12:00:00,Sha Tin,0,1
20250702-1401,2025-07-02 13:00:00,North District,0,1
20250702-1401,2025-07-02 13:00:00,Sha Tin,0,1
20250702-1401,2025-07-02 13:00:00,Tai Po,0,1
20250702-1401,2025-07-02 13:00:00,Yuen Long,0,1
20250702-1501,2025-07-02 14:00:00,Sai Kung,0,5
20250702-1501,2025-07-02 14:00:00,North District,0,3
20250702-1501,2025-07-02 14:00:00,Tai Po,0,3
20250702-1501,2025-07-02 14:00:00,Sha Tin,0,2
20250702-1602,2025-07-02 15:00:00,,0,0
20250702-1702,2025-07-02 16:00:00,,0,0
20250702-1802,2025-07-02 17:00:00,,0,0
20250702-1901,2025-07-02 18:00:00,Sai Kung,0,4
20250702-1901,2025-07-02 18:00:00,Kwun Tong,0,1
20250702-2002,2025-07-02 19:00:00,Kwun Tong,0,3
20250702-2002,2025-07-02 19:00:00,Kowloon City,0,2
20250702-2002,2025-07-02 19:00:00,Wong Tai Sin,0,2
20250702-2002,2025-07-02 19:00:00,Sha Tin,0,1
20250702-2002,2025-07-02 19:00:00,Sham Shui Po,0,1
20250702-2002,2025-07-02 19:00:00,Yau Tsim Mong,0,1
20250702-2102,2025-07-02 20:00:00,,0,0
20250702-2201,2025-07-02 21:00:00,,0,0
20250702-2301,2025-07-02 22:00:00,,0,0
20250703-0001,2025-07-02 23:00:00,,0,0
20250703-0102,2025-07-03 00:00:00,,0,0
20250703-0201,2025-07-03 01:00:00,,0,0
20250703-0302,2025-07-03 02:00:00,,0,0
20250703-0402,2025-07-03 03:00:00,,0,0
20250703-0501,2025-07-03 04:00:00,,0,0
20250703-0601,2025-07-03 05:00:00,Sai Kung,0,2
20250703-0601,2025-07-03 05:00:00,Tai Po,0,2
20250703-0601,2025-07-03 05:00:00,Wong Tai Sin,0,1
20250703-0701,2025-07-03 06:00:00,North District,0,1
20250703-0801,2025-07-03 07:00:00,,0,0
20250703-0902,2025-07-03 08:00:00,,0,0
20250703-1002,2025-07-03 09:00:00,,0,0
20250703-1102,2025-07-03 10:00:00,,0,0
20250703-1202,2025-07-03 11:00:00,,0,0
20250703-1301,2025-07-03 12:00:00,,0,0
20250703-1401,2025-07-03 13:00:00,,0,0
20250703-1501,2025-07-03 14:00:00,,0,0
20250703-1602,2025-07-03 15:00:00,,0,0
20250703-1701,2025-07-03 16:00:00,Tuen Mun,0,7
20250703-1801,2025-07-03 17:00:00,Tuen Mun,0,1
20250703-1901,2025-07-03 18:00:00,,0,0
20250703-2001,2025-07-03 19:00:00,,0,0
20250703-2101,2025-07-03 20:00:00,,0,0
20250703-2201,2025-07-03 21:00:00,,0,0
20250703-2302,2025-07-03 22:00:00,,0,0
20250704-0002,2025-07-03 23:00:00,,0,0
20250704-0101,2025-07-04 00:00:00,,0,0
20250704-0201,2025-07-04 01:00:00,,0,0
20250704-0302,2025-07-04 02:00:00,,0,0
20250704-0401,2025-07-04 03:00:00,,0,0
20250704-0501,2025-07-04 04:00:00,,0,0
20250704-0601,2025-07-04 05:00:00,,0,0
20250704-0701,2025-07-04 06:00:00,,0,0
20250704-0801,2025-07-04 07:00:00,,0,0
20250704-0902,2025-07-04 08:00:00,,0,0
20250704-1001,2025-07-04 09:00:00,,0,0
20250704-1101,2025-07-04 10:00:00,,0,0
20250704-1201,2025-07-04 11:00:00,,0,0
20250704-1301,2025-07-04 12:00:00,,0,0
20250704-1402,2025-07-04 13:00:00,,0,0
20250704-1501,2025-07-04 14:00:00,,0,0
20250704-1601,2025-07-04 15:00:00,,0,0
20250704-1701,2025-07-04 16:00:00,,0,0
20250704-1802,2025-07-04 17:00:00,,0,0
20250704-1901,2025-07-04 18:00:00,,0,0
20250704-2002,2025-07-04 19:00:00,,0,0
20250704-2102,2025-07-04 20:00:00,,0,0
20250704-2201,2025-07-04 21:00:00,,0,0
20250704-2301,2025-07-04 22:00:00,,0,0
20250705-0002,2025-07-04 23:00:00,,0,0
20250705-0102,2025-07-05 00:00:00,,0,0
20250705-0201,2025-07-05 01:00:00,,0,0
20250705-0302,2025-07-05 02:00:00,,0,0
20250705-0402,2025-07-05 03:00:00,,0,0
20250705-0501,2025-07-05 04:00:00,,0,0
20250705-0602,2025-07-05 05:00:00,,0,0
20250705-0701,2025-07-05 06:00:00,Islands District,0,1
20250705-0802,2025-07-05 07:00:00,,0,0
20250705-0902,2025-07-05 08:00:00,,0,0
20250705-1002,2025-07-05 09:00:00,,0,0
20250705-1101,2025-07-05 10:00:00,,0,0
20250705-1201,2025-07-05 11:00:00,,0,0
20250705-1301,2025-07-05 12:00:00,,0,0
20250705-1402,2025-07-05 13:00:00,,0,0
20250705-1502,2025-07-05 14:00:00,Yuen Long,0,2
20250705-1602,2025-07-05 15:00:00,Tuen Mun,0,7
20250705-1602,2025-07-05 15:00:00,Yuen Long,0,2
20250705-1602,2025-07-05 15:00:00,North District,0,1
20250705-1702,2025-07-05 16:00:00,,0,0
20250705-1802,2025-07-05 17:00:00,Islands District,0,9
20250705-1802,2025-07-05 17:00:00,Yau Tsim Mong,0,4
20250705-1802,2025-07-05 17:00:00,Central & Western District,0,3
20250705-1802,2025-07-05 17:00:00,Tuen Mun,0,14
20250705-1802,2025-07-05 17:00:00,Sai Kung,0,1
20250705-1802,2025-07-05 17:00:00,Wan Chai,0,1
20250705-1901,2025-07-05 18:00:00,Tuen Mun,0,9
20250705-1901,2025-07-05 18:00:00,Yuen Long,0,16
20250705-2001,2025-07-05 19:00:00,,0,0
20250705-2102,2025-07-05 20:00:00,,0,0
20250705-2202,2025-07-05 21:00:00,,0,0
20250705-2302,2025-07-05 22:00:00,,0,0
20250706-0001,2025-07-05 23:00:00,,0,0
20250706-0101,2025-07-06 00:00:00,,0,0
20250706-0301,2025-07-06 02:00:00,,0,0
20250706-0401,2025-07-06 03:00:00,,0,0
20250706-0501,2025-07-06 04:00:00,,0,0
20250706-0601,2025-07-06 05:00:00,,0,0
20250706-0701,2025-07-06 06:00:00,,0,0
20250706-0802,2025-07-06 07:00:00,,0,0
20250706-0901,2025-07-06 08:00:00,,0,0
20250706-1001,2025-07-06 09:00:00,,0,0
20250706-1101,2025-07-06 10:00:00,,0,0
20250706-1201,2025-07-06 11:00:00,,0,0
20250706-1301,2025-07-06 12:00:00,,0,0
20250706-1401,2025-07-06 13:00:00,,0,0
20250706-1501,2025-07-06 14:00:00,,0,0
20250706-1601,2025-07-06 15:00:00,,0,0
20250706-1701,2025-07-06 16:00:00,,0,0
20250706-1802,2025-07-06 17:00:00,,0,0
20250706-1902,2025-07-06 18:00:00,,0,0
20250706-2001,2025-07-06 19:00:00,,0,0
20250706-2101,2025-07-06 20:00:00,,0,0
20250706-2201,2025-07-06 21:00:00,,0,0
20250706-2301,2025-07-06 22:00:00,,0,0
20250707-0002,2025-07-06 23:00:00,,0,0
20250707-0102,2025-07-06 01:00:00,,0,0
20250707-0201,2025-07-07 01:00:00,,0,0
20250707-0301,2025-07-07 02:00:00,,0,0
20250707-0401,2025-07-07 03:00:00,,0,0
20250707-0501,2025-07-07 04:00:00,,0,0
20250707-0602,2025-07-07 05:00:00,,0,0
20250707-0701,2025-07-07 06:00:00,Islands District,0,2
20250707-0801,2025-07-07 07:00:00,,0,0
20250707-0901,2025-07-07 08:00:00,,0,0
20250707-1001,2025-07-07 09:00:00,,0,0
20250707-1101,2025-07-07 10:00:00,,0,0
20250707-1201,2025-07-07 11:00:00,,0,0
20250707-1302,2025-07-07 12:00:00,,0,0
20250707-1401,2025-07-07 13:00:00,,0,0
20250707-1501,2025-07-07 14:00:00,,0,0
20250707-1601,2025-07-07 15:00:00,,0,0
20250707-1701,2025-07-07 16:00:00,,0,0
20250707-1802,2025-07-07 17:00:00,,0,0
20250707-1902,2025-07-07 18:00:00,,0,0
20250707-2001,2025-07-07 19:00:00,,0,0
20250707-2101,2025-07-07 20:00:00,,0,0
20250707-2201,2025-07-07 21:00:00,,0,0
20250707-2302,2025-07-07 22:00:00,,0,0
20250708-0002,2025-07-07 23:00:00,,0,0
20250708-0102,2025-07-08 00:00:00,,0,0
20250708-0202,2025-07-08 01:00:00,,0,0
20250708-0301,2025-07-08 02:00:00,,0,0
20250708-0402,2025-07-08 03:00:00,,0,0
20250708-0501,2025-07-08 04:00:00,,0,0
20250708-0601,2025-07-08 05:00:00,,0,0
20250708-0701,2025-07-08 06:00:00,,0,0
20250708-0801,2025-07-08 07:00:00,Eastern District,0,1
20250708-0902,2025-07-08 08:00:00,,0,0
20250708-1001,2025-07-08 09:00:00,,0,0
20250708-1101,2025-07-08 10:00:00,,0,0
20250708-1201,2025-07-08 11:00:00,Sham Shui Po,2,9
20250708-1201,2025-07-08 11:00:00,Kwai Tsing,1,18
20250708-1201,2025-07-08 11:00:00,North District,0,9
20250708-1201,2025-07-08 11:00:00,Sha Tin,0,6
20250708-1201,2025-07-08 11:00:00,Kowloon City,0,2
20250708-1201,2025-07-08 11:00:00,Sai Kung,0,1
20250708-1302,2025-07-08 12:00:00,Kowloon City,0,9
20250708-1302,2025-07-08 12:00:00,North District,0,8
20250708-1302,2025-07-08 12:00:00,Sai Kung,0,8
20250708-1302,2025-07-08 12:00:00,Tai Po,0,6
20250708-1302,2025-07-08 12:00:00,Sham Shui Po,0,5
20250708-1302,2025-07-08 12:00:00,Kwai Tsing,0,22
20250708-1302,2025-07-08 12:00:00,Wong Tai Sin,0,14
20250708-1302,2025-07-08 12:00:00,Sha Tin,0,12
20250708-1302,2025-07-08 12:00:00,Tsuen Wan,0,1
20250708-1401,2025-07-08 13:00:00,Kwai Tsing,0,8
20250708-1401,2025-07-08 13:00:00,North District,0,28
20250708-1401,2025-07-08 13:00:00,Tai Po,0,2
20250708-1501,2025-07-08 14:00:00,North District,0,30
20250708-1601,2025-07-08 15:00:00,,0,0
20250708-1702,2025-07-08 16:00:00,,0,0
20250708-1801,2025-07-08 17:00:00,,0,0
20250708-1902,2025-07-08 18:00:00,,0,0
20250708-2001,2025-07-08 19:00:00,Kwai Tsing,0,3
20250708-2001,2025-07-08 19:00:00,Sha Tin,0,2
20250708-2102,2025-07-08 20:00:00,,0,0
20250708-2201,2025-07-08 21:00:00,,0,0
20250708-2301,2025-07-08 22:00:00,,0,0
20250709-0001,2025-07-08 23:00:00,,0,0
20250709-0102,2025-07-09 00:00:00,Sha Tin,0,5
20250709-0202,2025-07-09 01:00:00,Sai Kung,0,6
20250709-0302,2025-07-09 02:00:00,,0,0
20250709-0401,2025-07-09 03:00:00,Eastern District,0,1
20250709-0501,2025-07-09 04:00:00,Southern District,0,4
20250709-0501,2025-07-09 04:00:00,Islands District,0,3
20250709-0601,2025-07-09 05:00:00,Islands District,0,5
20250709-0601,2025-07-09 05:00:00,Eastern District,0,4
20250709-0601,2025-07-09 05:00:00,Sai Kung,0,1
20250709-0702,2025-07-09 06:00:00,Islands District,0,1
20250709-0702,2025-07-09 06:00:00,Sai Kung,0,1
20250709-0702,2025-07-09 06:00:00,Southern District,0,1
20250709-0702,2025-07-09 06:00:00,Tsuen Wan,0,1
20250709-0802,2025-07-09 07:00:00,Islands District,0,6
20250709-0802,2025-07-09 07:00:00,Eastern District,0,1
20250709-0901,2025-07-09 08:00:00,Kwai Tsing,0,3
20250709-0901,2025-07-09 08:00:00,Islands District,0,2
20250709-0901,2025-07-09 08:00:00,Tsuen Wan,0,2
20250709-0901,2025-07-09 08:00:00,Eastern District,0,1
20250709-0901,2025-07-09 08:00:00,Sai Kung,0,1
20250709-1001,2025-07-09 09:00:00,Eastern District,0,9
20250709-1001,2025-07-09 09:00:00,Southern District,0,9
20250709-1001,2025-07-09 09:00:00,Wan Chai,0,2
20250709-1001,2025-07-09 09:00:00,Sai Kung,0,13
20250709-1101,2025-07-09 10:00:00,Tai Po,0,6
20250709-1101,2025-07-09 10:00:00,North District,0,3
20250709-1101,2025-07-09 10:00:00,Sai Kung,0,1
20250709-1201,2025-07-09 11:00:00,Sha Tin,0,5
20250709-1201,2025-07-09 11:00:00,Sai Kung,0,3
20250709-1201,2025-07-09 11:00:00,Tai Po,0,3
20250709-1201,2025-07-09 11:00:00,North District,0,1
20250709-1301,2025-07-09 12:00:00,Sai Kung,0,5
20250709-1301,2025-07-09 12:00:00,Wong Tai Sin,0,2
20250709-1301,2025-07-09 12:00:00,Sha Tin,0,12
20250709-1301,2025-07-09 12:00:00,North District,0,1
20250709-1401,2025-07-09 13:00:00,,0,0
20250709-1501,2025-07-09 14:00:00,,0,0
20250709-1601,2025-07-09 15:00:00,,0,0
20250709-1702,2025-07-09 16:00:00,,0,0
20250709-1801,2025-07-09 17:00:00,,0,0
20250709-1901,2025-07-09 18:00:00,,0,0
20250709-2001,2025-07-09 19:00:00,,0,0
20250709-2102,2025-07-09 20:00:00,,0,0
20250709-2202,2025-07-09 21:00:00,,0,0
20250709-2301,2025-07-09 22:00:00,Sai Kung,0,1
20250710-0001,2025-07-09 23:00:00,North District,0,1
20250710-0101,2025-07-10 00:00:00,Kwai Tsing,9,24
20250710-0101,2025-07-10 00:00:00,Yau Tsim Mong,5,8
20250710-0101,2025-07-10 00:00:00,Tsuen Wan,5,66
20250710-0101,2025-07-10 00:00:00,Sha Tin,2,21
20250710-0101,2025-07-10 00:00:00,Tuen Mun,15,58
20250710-0101,2025-07-10 00:00:00,Yuen Long,11,55
20250710-0101,2025-07-10 00:00:00,Sham Shui Po,11,14
20250710-0101,2025-07-10 00:00:00,Wong Tai Sin,1,7
20250710-0101,2025-07-10 00:00:00,North District,1,39
20250710-0101,2025-07-10 00:00:00,Tai Po,0,82
20250710-0101,2025-07-10 00:00:00,Kowloon City,0,8
20250710-0101,2025-07-10 00:00:00,Islands District,0,4
20250710-0101,2025-07-10 00:00:00,Sai Kung,0,27
20250710-0101,2025-07-10 00:00:00,Central & Western District,0,1
20250710-0101,2025-07-10 00:00:00,Kwun Tong,0,1
20250710-0201,2025-07-10 01:00:00,Tsuen Wan,7,21
20250710-0201,2025-07-10 01:00:00,Tuen Mun,7,20
20250710-0201,2025-07-10 01:00:00,Sai Kung,3,20
20250710-0201,2025-07-10 01:00:00,Yau Tsim Mong,20,25
20250710-0201,2025-07-10 01:00:00,Wong Tai Sin,20,24
20250710-0201,2025-07-10 01:00:00,Southern District,2,22
20250710-0201,2025-07-10 01:00:00,Sha Tin,2,12
20250710-0201,2025-07-10 01:00:00,Wan Chai,19,23
20250710-0201,2025-07-10 01:00:00,Sham Shui Po,17,22
20250710-0201,2025-07-10 01:00:00,Central & Western District,16,28
20250710-0201,2025-07-10 01:00:00,Kowloon City,15,25
20250710-0201,2025-07-10 01:00:00,Eastern District,11,19
20250710-0201,2025-07-10 01:00:00,Kwun Tong,10,21
20250710-0201,2025-07-10 01:00:00,Kwai Tsing,10,16
20250710-0201,2025-07-10 01:00:00,Yuen Long,1,13
20250710-0201,2025-07-10 01:00:00,Tai Po,0,6
20250710-0201,2025-07-10 01:00:00,Islands District,0,42
20250710-0201,2025-07-10 01:00:00,North District,0,2
20250710-0302,2025-07-10 02:00:00,Tuen Mun,3,3
20250710-0302,2025-07-10 02:00:00,Tsuen Wan,2,4
20250710-0302,2025-07-10 02:00:00,Kwai Tsing,2,3
20250710-0302,2025-07-10 02:00:00,Sham Shui Po,2,2
20250710-0302,2025-07-10 02:00:00,Southern District,1,4
20250710-0302,2025-07-10 02:00:00,Yuen Long,1,4
20250710-0302,2025-07-10 02:00:00,North District,1,3
20250710-0302,2025-07-10 02:00:00,Central & Western District,1,2
20250710-0302,2025-07-10 02:00:00,Eastern District,1,2
20250710-0302,2025-07-10 02:00:00,Kowloon City,1,2
20250710-0302,2025-07-10 02:00:00,Kwun Tong,1,2
20250710-0302,2025-07-10 02:00:00,Sai Kung,1,2
20250710-0302,2025-07-10 02:00:00,Sha Tin,1,2
20250710-0302,2025-07-10 02:00:00,Yau Tsim Mong,1,2
20250710-0302,2025-07-10 02:00:00,Wan Chai,1,1
20250710-0302,2025-07-10 02:00:00,Wong Tai Sin,1,1
20250710-0302,2025-07-10 02:00:00,Tai Po,0,3
20250710-0302,2025-07-10 02:00:00,Islands District,0,2
20250710-0401,2025-07-10 03:00:00,Wan Chai,1,1
20250710-0401,2025-07-10 03:00:00,Central & Western District,0,1
20250710-0401,2025-07-10 03:00:00,Eastern District,0,1
20250710-0401,2025-07-10 03:00:00,Islands District,0,1
20250710-0401,2025-07-10 03:00:00,Kwai Tsing,0,1
20250710-0401,2025-07-10 03:00:00,Sai Kung,0,1
20250710-0401,2025-07-10 03:00:00,Sha Tin,0,1
20250710-0401,2025-07-10 03:00:00,Southern District,0,1
20250710-0401,2025-07-10 03:00:00,Tai Po,0,1
20250710-0401,2025-07-10 03:00:00,Tsuen Wan,0,1
20250710-0401,2025-07-10 03:00:00,Yau Tsim Mong,0,1
20250710-0401,2025-07-10 03:00:00,Yuen Long,0,1
20250710-0501,2025-07-10 04:00:00,Yuen Long,0,1
20250710-0601,2025-07-10 05:00:00,Kwai Tsing,2,6
20250710-0601,2025-07-10 05:00:00,North District,1,6
20250710-0601,2025-07-10 05:00:00,Sham Shui Po,1,4
20250710-0601,2025-07-10 05:00:00,Tuen Mun,1,3
20250710-0601,2025-07-10 05:00:00,Yau Tsim Mong,1,1
20250710-0601,2025-07-10 05:00:00,Islands District,0,6
20250710-0601,2025-07-10 05:00:00,Yuen Long,0,6
20250710-0601,2025-07-10 05:00:00,Tsuen Wan,0,5
20250710-0601,2025-07-10 05:00:00,Sai Kung,0,2
20250710-0601,2025-07-10 05:00:00,Sha Tin,0,2
20250710-0601,2025-07-10 05:00:00,Tai Po,0,2
20250710-0601,2025-07-10 05:00:00,Central & Western District,0,1
20250710-0601,2025-07-10 05:00:00,Kowloon City,0,1
20250710-0701,2025-07-10 06:00:00,Islands District,0,2
20250710-0701,2025-07-10 06:00:00,Southern District,0,2
20250710-0701,2025-07-10 06:00:00,Central & Western District,0,1
20250710-0701,2025-07-10 06:00:00,North District,0,1
20250710-0701,2025-07-10 06:00:00,Wan Chai,0,1
20250710-0701,2025-07-10 06:00:00,Yuen Long,0,1
20250710-0801,2025-07-10 07:00:00,Yuen Long,0,2
20250710-0901,2025-07-10 08:00:00,,0,0
20250710-1001,2025-07-10 09:00:00,North District,12,30
20250710-1001,2025-07-10 09:00:00,Yuen Long,0,40
20250710-1001,2025-07-10 09:00:00,Islands District,0,3
20250710-1001,2025-07-10 09:00:00,Eastern District,0,2
20250710-1001,2025-07-10 09:00:00,Tuen Mun,0,2
20250710-1001,2025-07-10 09:00:00,Tai Po,0,13
20250710-1101,2025-07-10 10:00:00,Yau Tsim Mong,8,23
20250710-1101,2025-07-10 10:00:00,Eastern District,7,15
20250710-1101,2025-07-10 10:00:00,Wong Tai Sin,17,24
20250710-1101,2025-07-10 10:00:00,Kwun Tong,15,28
20250710-1101,2025-07-10 10:00:00,Kowloon City,15,27
20250710-1101,2025-07-10 10:00:00,Central & Western District,14,27
20250710-1101,2025-07-10 10:00:00,Tsuen Wan,13,31
20250710-1101,2025-07-10 10:00:00,Southern District,13,30
20250710-1101,2025-07-10 10:00:00,Wan Chai,12,22
20250710-1101,2025-07-10 10:00:00,Kwai Tsing,11,34
20250710-1101,2025-07-10 10:00:00,Sai Kung,10,40
20250710-1101,2025-07-10 10:00:00,Sham Shui Po,10,39
20250710-1101,2025-07-10 10:00:00,Sha Tin,10,32
20250710-1101,2025-07-10 10:00:00,Islands District,0,46
20250710-1101,2025-07-10 10:00:00,Tai Po,0,37
20250710-1101,2025-07-10 10:00:00,Yuen Long,0,23
20250710-1101,2025-07-10 10:00:00,North District,0,14
20250710-1101,2025-07-10 10:00:00,Tuen Mun,0,13
20250710-1201,2025-07-10 11:00:00,Wong Tai Sin,9,17
20250710-1201,2025-07-10 11:00:00,Southern District,7,24
20250710-1201,2025-07-10 11:00:00,Kowloon City,7,11
20250710-1201,2025-07-10 11:00:00,Yau Tsim Mong,6,8
20250710-1201,2025-07-10 11:00:00,Central & Western District,5,13
20250710-1201,2025-07-10 11:00:00,Sham Shui Po,2,4
20250710-1201,2025-07-10 11:00:00,Sai Kung,2,28
20250710-1201,2025-07-10 11:00:00,Wan Chai,14,17
20250710-1201,2025-07-10 11:00:00,Eastern District,13,25
20250710-1201,2025-07-10 11:00:00,Kwun Tong,13,16
20250710-1201,2025-07-10 11:00:00,Kwai Tsing,1,3
20250710-1201,2025-07-10 11:00:00,Sha Tin,1,13
20250710-1201,2025-07-10 11:00:00,Tsuen Wan,0,9
20250710-1201,2025-07-10 11:00:00,Tai Po,0,3
20250710-1201,2025-07-10 11:00:00,Yuen Long,0,3
20250710-1201,2025-07-10 11:00:00,Islands District,0,28
20250710-1201,2025-07-10 11:00:00,Tuen Mun,0,1
20250710-1301,2025-07-10 12:00:00,Southern District,9,31
20250710-1301,2025-07-10 12:00:00,Central & Western District,6,20
20250710-1301,2025-07-10 12:00:00,Wan Chai,5,16
20250710-1301,2025-07-10 12:00:00,Wong Tai Sin,4,7
20250710-1301,2025-07-10 12:00:00,Sai Kung,4,15
20250710-1301,2025-07-10 12:00:00,Kwun Tong,4,11
20250710-1301,2025-07-10 12:00:00,Eastern District,3,8
20250710-1301,2025-07-10 12:00:00,Kowloon City,3,6
20250710-1301,2025-07-10 12:00:00,Sham Shui Po,2,4
20250710-1301,2025-07-10 12:00:00,Yau Tsim Mong,2,3
20250710-1301,2025-07-10 12:00:00,Sha Tin,2,14
20250710-1301,2025-07-10 12:00:00,Tai Po,2,13
20250710-1301,2025-07-10 12:00:00,Kwai Tsing,1,2
20250710-1301,2025-07-10 12:00:00,North District,0,8
20250710-1301,2025-07-10 12:00:00,Yuen Long,0,8
20250710-1301,2025-07-10 12:00:00,Tsuen Wan,0,4
20250710-1301,2025-07-10 12:00:00,Islands District,0,21
20250710-1401,2025-07-10 13:00:00,Sai Kung,8,26
20250710-1401,2025-07-10 13:00:00,Eastern District,7,9
20250710-1401,2025-07-10 13:00:00,Sha Tin,5,32
20250710-1401,2025-07-10 13:00:00,Wan Chai,4,6
20250710-1401,2025-07-10 13:00:00,Sham Shui Po,25,30
20250710-1401,2025-07-10 13:00:00,Kwai Tsing,23,45
20250710-1401,2025-07-10 13:00:00,Southern District,2,4
20250710-1401,2025-07-10 13:00:00,Wong Tai Sin,19,20
20250710-1401,2025-07-10 13:00:00,Yau Tsim Mong,13,20
20250710-1401,2025-07-10 13:00:00,Kowloon City,12,23
20250710-1401,2025-07-10 13:00:00,Kwun Tong,10,19
20250710-1401,2025-07-10 13:00:00,Central & Western District,1,8
20250710-1401,2025-07-10 13:00:00,Tai Po,1,17
20250710-1401,2025-07-10 13:00:00,Tsuen Wan,0,69
20250710-1401,2025-07-10 13:00:00,Yuen Long,0,43
20250710-1401,2025-07-10 13:00:00,Islands District,0,2
20250710-1401,2025-07-10 13:00:00,Tuen Mun,0,11
20250710-1401,2025-07-10 13:00:00,North District,0,10
20250710-1501,2025-07-10 14:00:00,Kowloon City,8,18
20250710-1501,2025-07-10 14:00:00,Kwun Tong,7,9
20250710-1501,2025-07-10 14:00:00,Southern District,5,10
20250710-1501,2025-07-10 14:00:00,Eastern District,4,13
20250710-1501,2025-07-10 14:00:00,Tuen Mun,3,41
20250710-1501,2025-07-10 14:00:00,Sham Shui Po,22,29
20250710-1501,2025-07-10 14:00:00,Yau Tsim Mong,15,28
20250710-1501,2025-07-10 14:00:00,Kwai Tsing,12,59
20250710-1501,2025-07-10 14:00:00,Wan Chai,11,15
20250710-1501,2025-07-10 14:00:00,Central & Western District,10,21
20250710-1501,2025-07-10 14:00:00,Wong Tai Sin,1,12
20250710-1501,2025-07-10 14:00:00,Sai Kung,0,9
20250710-1501,2025-07-10 14:00:00,Tsuen Wan,0,73
20250710-1501,2025-07-10 14:00:00,Sha Tin,0,5
20250710-1501,2025-07-10 14:00:00,Islands District,0,2
20250710-1501,2025-07-10 14:00:00,Yuen Long,0,16
20250710-1501,2025-07-10 14:00:00,Tai Po,0,1
20250710-1602,2025-07-10 15:00:00,Kwai Tsing,9,21
20250710-1602,2025-07-10 15:00:00,Wong Tai Sin,7,23
20250710-1602,2025-07-10 15:00:00,Wan Chai,7,10
20250710-1602,2025-07-10 15:00:00,North District,6,39
20250710-1602,2025-07-10 15:00:00,Tsuen Wan,5,16
20250710-1602,2025-07-10 15:00:00,Sha Tin,5,13
20250710-1602,2025-07-10 15:00:00,Eastern District,5,12
20250710-1602,2025-07-10 15:00:00,Central & Western District,3,12
20250710-1602,2025-07-10 15:00:00,Southern District,2,7
20250710-1602,2025-07-10 15:00:00,Sham Shui Po,18,26
20250710-1602,2025-07-10 15:00:00,Kowloon City,13,22
20250710-1602,2025-07-10 15:00:00,Tuen Mun,12,38
20250710-1602,2025-07-10 15:00:00,Yau Tsim Mong,11,19
20250710-1602,2025-07-10 15:00:00,Kwun Tong,11,16
20250710-1602,2025-07-10 15:00:00,Yuen Long,1,54
20250710-1602,2025-07-10 15:00:00,Sai Kung,1,11
20250710-1602,2025-07-10 15:00:00,Islands District,0,20
20250710-1602,2025-07-10 15:00:00,Tai Po,0,20
20250710-1701,2025-07-10 16:00:00,Yau Tsim Mong,8,16
20250710-1701,2025-07-10 16:00:00,Tuen Mun,5,31
20250710-1701,2025-07-10 16:00:00,Tsuen Wan,5,25
20250710-1701,2025-07-10 16:00:00,Eastern District,5,15
20250710-1701,2025-07-10 16:00:00,Islands District,4,30
20250710-1701,2025-07-10 16:00:00,Kwai Tsing,4,23
20250710-1701,2025-07-10 16:00:00,Southern District,4,14
20250710-1701,2025-07-10 16:00:00,Tai Po,3,16
20250710-1701,2025-07-10 16:00:00,Sham Shui Po,3,12
20250710-1701,2025-07-10 16:00:00,Kowloon City,2,9
20250710-1701,2025-07-10 16:00:00,Kwun Tong,2,6
20250710-1701,2025-07-10 16:00:00,Sha Tin,2,5
20250710-1701,2025-07-10 16:00:00,North District,2,28
20250710-1701,2025-07-10 16:00:00,Wong Tai Sin,2,2
20250710-1701,2025-07-10 16:00:00,Central & Western District,11,20
20250710-1701,2025-07-10 16:00:00,Wan Chai,11,17
20250710-1701,2025-07-10 16:00:00,Sai Kung,1,7
20250710-1701,2025-07-10 16:00:00,Yuen Long,1,13
20250710-1802,2025-07-10 17:00:00,Tai Po,3,5
20250710-1802,2025-07-10 17:00:00,Central & Western District,3,4
20250710-1802,2025-07-10 17:00:00,Eastern District,3,4
20250710-1802,2025-07-10 17:00:00,Kowloon City,3,4
20250710-1802,2025-07-10 17:00:00,Kwai Tsing,3,4
20250710-1802,2025-07-10 17:00:00,North District,3,4
20250710-1802,2025-07-10 17:00:00,Sha Tin,3,4
20250710-1802,2025-07-10 17:00:00,Sham Shui Po,3,4
20250710-1802,2025-07-10 17:00:00,Tsuen Wan,3,4
20250710-1802,2025-07-10 17:00:00,Tuen Mun,3,4
20250710-1802,2025-07-10 17:00:00,Wan Chai,3,4
20250710-1802,2025-07-10 17:00:00,Wong Tai Sin,3,4
20250710-1802,2025-07-10 17:00:00,Yau Tsim Mong,3,4
20250710-1802,2025-07-10 17:00:00,Kwun Tong,3,3
20250710-1802,2025-07-10 17:00:00,Islands District,2,8
20250710-1802,2025-07-10 17:00:00,Sai Kung,2,6
20250710-1802,2025-07-10 17:00:00,Southern District,2,4
20250710-1802,2025-07-10 17:00:00,Yuen Long,1,4
20250710-1901,2025-07-10 18:00:00,Kwai Tsing,4,5
20250710-1901,2025-07-10 18:00:00,Sham Shui Po,4,5
20250710-1901,2025-07-10 18:00:00,Tsuen Wan,3,8
20250710-1901,2025-07-10 18:00:00,Central & Western District,3,5
20250710-1901,2025-07-10 18:00:00,Sha Tin,3,5
20250710-1901,2025-07-10 18:00:00,Wan Chai,3,4
20250710-1901,2025-07-10 18:00:00,Wong Tai Sin,3,4
20250710-1901,2025-07-10 18:00:00,Yau Tsim Mong,3,4
20250710-1901,2025-07-10 18:00:00,Tai Po,2,6
20250710-1901,2025-07-10 18:00:00,Kowloon City,2,4
20250710-1901,2025-07-10 18:00:00,Tuen Mun,2,4
20250710-1901,2025-07-10 18:00:00,Eastern District,2,3
20250710-1901,2025-07-10 18:00:00,Kwun Tong,2,3
20250710-1901,2025-07-10 18:00:00,Southern District,2,3
20250710-1901,2025-07-10 18:00:00,Yuen Long,1,7
20250710-1901,2025-07-10 18:00:00,Islands District,1,4
20250710-1901,2025-07-10 18:00:00,North District,1,4
20250710-1901,2025-07-10 18:00:00,Sai Kung,1,3
20250710-2001,2025-07-10 19:00:00,Tuen Mun,4,7
20250710-2001,2025-07-10 19:00:00,Wan Chai,4,5
20250710-2001,2025-07-10 19:00:00,Eastern District,3,5
20250710-2001,2025-07-10 19:00:00,Kowloon City,3,4
20250710-2001,2025-07-10 19:00:00,Kwai Tsing,3,4
20250710-2001,2025-07-10 19:00:00,Sham Shui Po,3,4
20250710-2001,2025-07-10 19:00:00,Tsuen Wan,3,4
20250710-2001,2025-07-10 19:00:00,Yau Tsim Mong,3,3
20250710-2001,2025-07-10 19:00:00,Kwun Tong,2,4
20250710-2001,2025-07-10 19:00:00,Southern District,2,4
20250710-2001,2025-07-10 19:00:00,Wong Tai Sin,2,4
20250710-2001,2025-07-10 19:00:00,Central & Western District,2,3
20250710-2001,2025-07-10 19:00:00,Yuen Long,1,8
20250710-2001,2025-07-10 19:00:00,North District,1,5
20250710-2001,2025-07-10 19:00:00,Sai Kung,1,4
20250710-2001,2025-07-10 19:00:00,Sha Tin,1,4
20250710-2001,2025-07-10 19:00:00,Islands District,1,3
20250710-2001,2025-07-10 19:00:00,Tai Po,1,3
20250710-2101,2025-07-10 20:00:00,Tsuen Wan,6,15
20250710-2101,2025-07-10 20:00:00,Tuen Mun,5,27
20250710-2101,2025-07-10 20:00:00,Kwai Tsing,4,11
20250710-2101,2025-07-10 20:00:00,Sham Shui Po,2,2
20250710-2101,2025-07-10 20:00:00,North District,1,7
20250710-2101,2025-07-10 20:00:00,Yuen Long,1,31
20250710-2101,2025-07-10 20:00:00,Islands District,0,8
20250710-2101,2025-07-10 20:00:00,Sha Tin,0,2
20250710-2101,2025-07-10 20:00:00,Yau Tsim Mong,0,2
20250710-2101,2025-07-10 20:00:00,Tai Po,0,15
20250710-2101,2025-07-10 20:00:00,Central & Western District,0,1
20250710-2101,2025-07-10 20:00:00,Eastern District,0,1
20250710-2101,2025-07-10 20:00:00,Kowloon City,0,1
20250710-2101,2025-07-10 20:00:00,Kwun Tong,0,1
20250710-2101,2025-07-10 20:00:00,Sai Kung,0,1
20250710-2101,2025-07-10 20:00:00,Southern District,0,1
20250710-2101,2025-07-10 20:00:00,Wan Chai,0,1
20250710-2201,2025-07-10 21:00:00,Sha Tin,3,7
20250710-2201,2025-07-10 21:00:00,Wong Tai Sin,2,4
20250710-2201,2025-07-10 21:00:00,Central & Western District,2,3
20250710-2201,2025-07-10 21:00:00,Sham Shui Po,2,3
20250710-2201,2025-07-10 21:00:00,Wan Chai,2,3
20250710-2201,2025-07-10 21:00:00,Yau Tsim Mong,2,3
20250710-2201,2025-07-10 21:00:00,Tsuen Wan,1,8
20250710-2201,2025-07-10 21:00:00,Kwai Tsing,1,5
20250710-2201,2025-07-10 21:00:00,Sai Kung,1,5
20250710-2201,2025-07-10 21:00:00,Kowloon City,1,3
20250710-2201,2025-07-10 21:00:00,Kwun Tong,1,3
20250710-2201,2025-07-10 21:00:00,Tuen Mun,1,3
20250710-2201,2025-07-10 21:00:00,Tai Po,0,7
20250710-2201,2025-07-10 21:00:00,Yuen Long,0,7
20250710-2201,2025-07-10 21:00:00,Islands District,0,4
20250710-2201,2025-07-10 21:00:00,Southern District,0,3
20250710-2201,2025-07-10 21:00:00,Eastern District,0,2
20250710-2302,2025-07-10 22:00:00,Kowloon City,0,1
20250710-2302,2025-07-10 22:00:00,Kwai Tsing,0,1
20250710-2302,2025-07-10 22:00:00,Sham Shui Po,0,1
20250711-0002,2025-07-10 23:00:00,,0,0
20250711-0102,2025-07-11 00:00:00,,0,0
20250711-0202,2025-07-11 01:00:00,North District,0,4
20250711-0202,2025-07-11 01:00:00,Tuen Mun,0,2
20250711-0202,2025-07-11 01:00:00,Islands District,0,1
20250711-0202,2025-07-11 01:00:00,Sai Kung,0,1
20250711-0202,2025-07-11 01:00:00,Yuen Long,0,1
20250711-0302,2025-07-11 02:00:00,Yuen Long,0,3
20250711-0302,2025-07-11 02:00:00,North District,0,1
20250711-0302,2025-07-11 02:00:00,Tuen Mun,0,1
20250711-0401,2025-07-11 03:00:00,Tuen Mun,0,3
20250711-0401,2025-07-11 03:00:00,North District,0,1
20250711-0401,2025-07-11 03:00:00,Yuen Long,0,1
20250711-0502,2025-07-11 04:00:00,North District,0,3
20250711-0502,2025-07-11 04:00:00,Tai Po,0,3
20250711-0502,2025-07-11 04:00:00,Yuen Long,0,3
20250711-0502,2025-07-11 04:00:00,Tuen Mun,0,1
20250711-0602,2025-07-11 05:00:00,Yuen Long,0,5
20250711-0602,2025-07-11 05:00:00,Tuen Mun,0,3
20250711-0602,2025-07-11 05:00:00,Kwai Tsing,0,2
20250711-0602,2025-07-11 05:00:00,Sham Shui Po,0,2
20250711-0602,2025-07-11 05:00:00,Islands District,0,1
20250711-0602,2025-07-11 05:00:00,North District,0,1
20250711-0702,2025-07-11 06:00:00,North District,1,10
20250711-0702,2025-07-11 06:00:00,Yuen Long,0,3
20250711-0702,2025-07-11 06:00:00,Tai Po,0,2
20250711-0702,2025-07-11 06:00:00,Kwai Tsing,0,1
20250711-0702,2025-07-11 06:00:00,Sha Tin,0,1
20250711-0702,2025-07-11 06:00:00,Tsuen Wan,0,1
20250711-0702,2025-07-11 06:00:00,Tuen Mun,0,1
20250711-0802,2025-07-11 07:00:00,North District,0,8
20250711-0802,2025-07-11 07:00:00,Tai Po,0,2
20250711-0802,2025-07-11 07:00:00,Tsuen Wan,0,1
20250711-0902,2025-07-11 08:00:00,Yuen Long,0,2
20250711-0902,2025-07-11 08:00:00,North District,0,1
20250711-0902,2025-07-11 08:00:00,Tuen Mun,0,1
20250711-1001,2025-07-11 09:00:00,Yuen Long,0,4
20250711-1001,2025-07-11 09:00:00,North District,0,1
20250711-1102,2025-07-11 10:00:00,Yuen Long,0,2
20250711-1102,2025-07-11 10:00:00,North District,0,1
20250711-1102,2025-07-11 10:00:00,Tuen Mun,0,1
20250711-1202,2025-07-11 11:00:00,,0,0
20250711-1301,2025-07-11 12:00:00,Kwai Tsing,0,1
20250711-1401,2025-07-11 13:00:00,,0,0
20250711-1501,2025-07-11 14:00:00,Kwai Tsing,0,2
20250711-1501,2025-07-11 14:00:00,North District,0,2
20250711-1501,2025-07-11 14:00:00,Yuen Long,0,1
20250711-1601,2025-07-11 15:00:00,,0,0
20250711-1701,2025-07-11 16:00:00,,0,0
20250711-1802,2025-07-11 17:00:00,,0,0
20250711-1902,2025-07-11 18:00:00,,0,0
20250711-2002,2025-07-11 19:00:00,,0,0
20250711-2102,2025-07-11 20:00:00,,0,0
20250711-2202,2025-07-11 21:00:00,,0,0
20250711-2302,2025-07-11 22:00:00,,0,0
20250712-0001,2025-07-11 23:00:00,,0,0
20250712-0102,2025-07-12 00:00:00,,0,0
20250712-0202,2025-07-12 01:00:00,,0,0
20250712-0301,2025-07-12 02:00:00,,0,0
20250712-0401,2025-07-12 03:00:00,Sai Kung,0,2
20250712-0401,2025-07-12 03:00:00,Islands District,0,13
20250712-0401,2025-07-12 03:00:00,Southern District,0,13
20250712-0401,2025-07-12 03:00:00,Eastern District,0,1
20250712-0501,2025-07-12 04:00:00,Southern District,8,38
20250712-0501,2025-07-12 04:00:00,Kowloon City,7,13
20250712-0501,2025-07-12 04:00:00,Kwun Tong,6,29
20250712-0501,2025-07-12 04:00:00,Yau Tsim Mong,6,14
20250712-0501,2025-07-12 04:00:00,Sai Kung,5,33
20250712-0501,2025-07-12 04:00:00,Wong Tai Sin,5,11
20250712-0501,2025-07-12 04:00:00,Central & Western District,4,28
20250712-0501,2025-07-12 04:00:00,Sham Shui Po,4,4
20250712-0501,2025-07-12 04:00:00,Eastern District,23,34
20250712-0501,2025-07-12 04:00:00,Wan Chai,23,31
20250712-0501,2025-07-12 04:00:00,Sha Tin,1,7
20250712-0501,2025-07-12 04:00:00,Tai Po,0,9
20250712-0501,2025-07-12 04:00:00,Islands District,0,14
20250712-0601,2025-07-12 05:00:00,Kwai Tsing,6,11
20250712-0601,2025-07-12 05:00:00,Sai Kung,2,9
20250712-0601,2025-07-12 05:00:00,Sham Shui Po,2,5
20250712-0601,2025-07-12 05:00:00,Sha Tin,1,8
20250712-0601,2025-07-12 05:00:00,Wong Tai Sin,1,3
20250712-0601,2025-07-12 05:00:00,Tsuen Wan,1,13
20250712-0601,2025-07-12 05:00:00,Tai Po,1,10
20250712-0601,2025-07-12 05:00:00,Central & Western District,0,5
20250712-0601,2025-07-12 05:00:00,North District,0,4
20250712-0601,2025-07-12 05:00:00,Islands District,0,36
20250712-0601,2025-07-12 05:00:00,Kowloon City,0,3
20250712-0601,2025-07-12 05:00:00,Southern District,0,3
20250712-0601,2025-07-12 05:00:00,Kwun Tong,0,2
20250712-0601,2025-07-12 05:00:00,Tuen Mun,0,2
20250712-0601,2025-07-12 05:00:00,Yau Tsim Mong,0,2
20250712-0601,2025-07-12 05:00:00,Yuen Long,0,13
20250712-0601,2025-07-12 05:00:00,Eastern District,0,1
20250712-0702,2025-07-12 06:00:00,Kwai Tsing,8,17
20250712-0702,2025-07-12 06:00:00,Yau Tsim Mong,7,18
20250712-0702,2025-07-12 06:00:00,Sham Shui Po,7,16
20250712-0702,2025-07-12 06:00:00,Tsuen Wan,6,13
20250712-0702,2025-07-12 06:00:00,Sha Tin,6,12
20250712-0702,2025-07-12 06:00:00,Wan Chai,6,12
20250712-0702,2025-07-12 06:00:00,Tuen Mun,3,24
20250712-0702,2025-07-12 06:00:00,Central & Western District,3,13
20250712-0702,2025-07-12 06:00:00,Yuen Long,2,13
20250712-0702,2025-07-12 06:00:00,Kowloon City,11,16
20250712-0702,2025-07-12 06:00:00,Wong Tai Sin,10,16
20250712-0702,2025-07-12 06:00:00,Southern District,0,7
20250712-0702,2025-07-12 06:00:00,Sai Kung,0,4
20250712-0702,2025-07-12 06:00:00,Islands District,0,24
20250712-0702,2025-07-12 06:00:00,Tai Po,0,17
20250712-0702,2025-07-12 06:00:00,Eastern District,0,16
20250712-0702,2025-07-12 06:00:00,North District,0,15
20250712-0702,2025-07-12 06:00:00,Kwun Tong,0,12
20250712-0801,2025-07-12 07:00:00,Wan Chai,9,15
20250712-0801,2025-07-12 07:00:00,Kwun Tong,3,6
20250712-0801,2025-07-12 07:00:00,Sham Shui Po,1,4
20250712-0801,2025-07-12 07:00:00,Eastern District,1,14
20250712-0801,2025-07-12 07:00:00,Wong Tai Sin,1,1
20250712-0801,2025-07-12 07:00:00,Sai Kung,0,9
20250712-0801,2025-07-12 07:00:00,Central & Western District,0,8
20250712-0801,2025-07-12 07:00:00,Kowloon City,0,6
20250712-0801,2025-07-12 07:00:00,Tai Po,0,6
20250712-0801,2025-07-12 07:00:00,Sha Tin,0,4
20250712-0801,2025-07-12 07:00:00,Yau Tsim Mong,0,2
20250712-0801,2025-07-12 07:00:00,Southern District,0,15
20250712-0801,2025-07-12 07:00:00,Islands District,0,12
20250712-0801,2025-07-12 07:00:00,North District,0,1
20250712-0801,2025-07-12 07:00:00,Tsuen Wan,0,1
20250712-0801,2025-07-12 07:00:00,Yuen Long,0,1
20250712-0902,2025-07-12 08:00:00,Wong Tai Sin,3,4
20250712-0902,2025-07-12 08:00:00,Kowloon City,1,3
20250712-0902,2025-07-12 08:00:00,Kwun Tong,1,3
20250712-0902,2025-07-12 08:00:00,Wan Chai,1,3
20250712-0902,2025-07-12 08:00:00,Yau Tsim Mong,1,3
20250712-0902,2025-07-12 08:00:00,Southern District,0,5
20250712-0902,2025-07-12 08:00:00,Eastern District,0,4
20250712-0902,2025-07-12 08:00:00,Sha Tin,0,4
20250712-0902,2025-07-12 08:00:00,Islands District,0,3
20250712-0902,2025-07-12 08:00:00,Sai Kung,0,3
20250712-0902,2025-07-12 08:00:00,Sham Shui Po,0,3
20250712-0902,2025-07-12 08:00:00,Central & Western District,0,1
20250712-1001,2025-07-12 09:00:00,Central & Western District,2,5
20250712-1001,2025-07-12 09:00:00,Kwai Tsing,0,4
20250712-1001,2025-07-12 09:00:00,Tsuen Wan,0,4
20250712-1001,2025-07-12 09:00:00,Southern District,0,3
20250712-1001,2025-07-12 09:00:00,Kwun Tong,0,2
20250712-1001,2025-07-12 09:00:00,North District,0,2
20250712-1001,2025-07-12 09:00:00,Sham Shui Po,0,2
20250712-1001,2025-07-12 09:00:00,Tuen Mun,0,2
20250712-1001,2025-07-12 09:00:00,Yuen Long,0,2
20250712-1001,2025-07-12 09:00:00,Islands District,0,12
20250712-1001,2025-07-12 09:00:00,Eastern District,0,1
20250712-1001,2025-07-12 09:00:00,Wan Chai,0,1
20250712-1001,2025-07-12 09:00:00,Wong Tai Sin,0,1
20250712-1001,2025-07-12 09:00:00,Yau Tsim Mong,0,1
20250712-1101,2025-07-12 10:00:00,Yau Tsim Mong,5,6
20250712-1101,2025-07-12 10:00:00,Wong Tai Sin,3,8
20250712-1101,2025-07-12 10:00:00,Sha Tin,3,14
20250712-1101,2025-07-12 10:00:00,North District,3,11
20250712-1101,2025-07-12 10:00:00,Kowloon City,1,8
20250712-1101,2025-07-12 10:00:00,Kwun Tong,1,3
20250712-1101,2025-07-12 10:00:00,Tsuen Wan,0,9
20250712-1101,2025-07-12 10:00:00,Tuen Mun,0,9
20250712-1101,2025-07-12 10:00:00,Kwai Tsing,0,7
20250712-1101,2025-07-12 10:00:00,Eastern District,0,4
20250712-1101,2025-07-12 10:00:00,Sai Kung,0,4
20250712-1101,2025-07-12 10:00:00,Sham Shui Po,0,3
20250712-1101,2025-07-12 10:00:00,Yuen Long,0,3
20250712-1101,2025-07-12 10:00:00,Central & Western District,0,2
20250712-1101,2025-07-12 10:00:00,Tai Po,0,11
20250712-1101,2025-07-12 10:00:00,Islands District,0,10
20250712-1101,2025-07-12 10:00:00,Southern District,0,1
20250712-1202,2025-07-12 11:00:00,Kwai Tsing,2,6
20250712-1202,2025-07-12 11:00:00,Yuen Long,1,11
20250712-1202,2025-07-12 11:00:00,Sai Kung,0,9
20250712-1202,2025-07-12 11:00:00,Tuen Mun,0,3
20250712-1202,2025-07-12 11:00:00,North District,0,15
20250712-1202,2025-07-12 11:00:00,Tai Po,0,14
20250712-1202,2025-07-12 11:00:00,Tsuen Wan,0,12
20250712-1202,2025-07-12 11:00:00,Sha Tin,0,1
20250712-1301,2025-07-12 12:00:00,Islands District,0,8
20250712-1301,2025-07-12 12:00:00,Tai Po,0,5
20250712-1301,2025-07-12 12:00:00,North District,0,4
20250712-1301,2025-07-12 12:00:00,Sai Kung,0,3
20250712-1301,2025-07-12 12:00:00,Sha Tin,0,3
20250712-1301,2025-07-12 12:00:00,Kowloon City,0,1
20250712-1301,2025-07-12 12:00:00,Kwai Tsing,0,1
20250712-1301,2025-07-12 12:00:00,Kwun Tong,0,1
20250712-1301,2025-07-12 12:00:00,Sham Shui Po,0,1
20250712-1401,2025-07-12 13:00:00,Tuen Mun,2,13
20250712-1401,2025-07-12 13:00:00,Eastern District,1,6
20250712-1401,2025-07-12 13:00:00,Sha Tin,1,6
20250712-1401,2025-07-12 13:00:00,Sai Kung,0,7
20250712-1401,2025-07-12 13:00:00,Wong Tai Sin,0,7
20250712-1401,2025-07-12 13:00:00,Kwun Tong,0,6
20250712-1401,2025-07-12 13:00:00,Yuen Long,0,6
20250712-1401,2025-07-12 13:00:00,Tai Po,0,5
20250712-1401,2025-07-12 13:00:00,Kowloon City,0,4
20250712-1401,2025-07-12 13:00:00,North District,0,4
20250712-1401,2025-07-12 13:00:00,Tsuen Wan,0,4
20250712-1401,2025-07-12 13:00:00,Islands District,0,3
20250712-1401,2025-07-12 13:00:00,Southern District,0,3
20250712-1401,2025-07-12 13:00:00,Sham Shui Po,0,2
20250712-1501,2025-07-12 14:00:00,North District,0,8
20250712-1501,2025-07-12 14:00:00,Tai Po,0,8
20250712-1501,2025-07-12 14:00:00,Sai Kung,0,7
20250712-1501,2025-07-12 14:00:00,Islands District,0,5
20250712-1501,2025-07-12 14:00:00,Sha Tin,0,2
20250712-1601,2025-07-12 15:00:00,Central & Western District,4,7
20250712-1601,2025-07-12 15:00:00,Sham Shui Po,1,3
20250712-1601,2025-07-12 15:00:00,Kwai Tsing,1,2
20250712-1601,2025-07-12 15:00:00,Yau Tsim Mong,1,1
20250712-1601,2025-07-12 15:00:00,Sai Kung,0,9
20250712-1601,2025-07-12 15:00:00,Islands District,0,7
20250712-1601,2025-07-12 15:00:00,Southern District,0,7
20250712-1601,2025-07-12 15:00:00,Tai Po,0,3
20250712-1601,2025-07-12 15:00:00,Wan Chai,0,3
20250712-1601,2025-07-12 15:00:00,Yuen Long,0,3
20250712-1601,2025-07-12 15:00:00,Eastern District,0,2
20250712-1601,2025-07-12 15:00:00,Kowloon City,0,2
20250712-1601,2025-07-12 15:00:00,Kwun Tong,0,2
20250712-1601,2025-07-12 15:00:00,North District,0,2
20250712-1601,2025-07-12 15:00:00,Tsuen Wan,0,2
20250712-1601,2025-07-12 15:00:00,Tuen Mun,0,15
20250712-1601,2025-07-12 15:00:00,Wong Tai Sin,0,1
20250712-1702,2025-07-12 16:00:00,Kwai Tsing,2,5
20250712-1702,2025-07-12 16:00:00,Kowloon City,2,3
20250712-1702,2025-07-12 16:00:00,Wong Tai Sin,1,4
20250712-1702,2025-07-12 16:00:00,Sha Tin,1,3
20250712-1702,2025-07-12 16:00:00,Yau Tsim Mong,1,3
20250712-1702,2025-07-12 16:00:00,Kwun Tong,1,2
20250712-1702,2025-07-12 16:00:00,Sham Shui Po,1,2
20250712-1702,2025-07-12 16:00:00,Tai Po,0,8
20250712-1702,2025-07-12 16:00:00,Sai Kung,0,5
20250712-1702,2025-07-12 16:00:00,Eastern District,0,4
20250712-1702,2025-07-12 16:00:00,Central & Western District,0,3
20250712-1702,2025-07-12 16:00:00,Tsuen Wan,0,3
20250712-1702,2025-07-12 16:00:00,Islands District,0,2
20250712-1702,2025-07-12 16:00:00,Southern District,0,2
20250712-1702,2025-07-12 16:00:00,North District,0,1
20250712-1702,2025-07-12 16:00:00,Yuen Long,0,1
20250712-1802,2025-07-12 17:00:00,Islands District,0,8
20250712-1802,2025-07-12 17:00:00,Tsuen Wan,0,3
20250712-1802,2025-07-12 17:00:00,Tuen Mun,0,3
20250712-1802,2025-07-12 17:00:00,North District,0,1
20250712-1802,2025-07-12 17:00:00,Yuen Long,0,1
20250712-1901,2025-07-12 18:00:00,Islands District,0,6
20250712-1901,2025-07-12 18:00:00,Tuen Mun,0,6
20250712-2002,2025-07-12 19:00:00,Tuen Mun,0,8
20250712-2002,2025-07-12 19:00:00,Islands District,0,6
20250712-2002,2025-07-12 19:00:00,Yuen Long,0,4
20250712-2002,2025-07-12 19:00:00,Kwai Tsing,0,2
20250712-2002,2025-07-12 19:00:00,Tsuen Wan,0,2
20250712-2002,2025-07-12 19:00:00,North District,0,1
20250712-2002,2025-07-12 19:00:00,Tai Po,0,1
20250712-2101,2025-07-12 20:00:00,Yuen Long,0,1
20250712-2202,2025-07-12 21:00:00,Tsuen Wan,0,2
20250712-2202,2025-07-12 21:00:00,Kwai Tsing,0,1
20250712-2302,2025-07-12 22:00:00,Eastern District,0,2
20250712-2302,2025-07-12 22:00:00,Kwun Tong,0,1
20250713-0002,2025-07-12 23:00:00,Sham Shui Po,1,8
20250713-0002,2025-07-12 23:00:00,Kwai Tsing,1,10
20250713-0002,2025-07-12 23:00:00,Tai Po,0,6
20250713-0002,2025-07-12 23:00:00,Tsuen Wan,0,5
20250713-0002,2025-07-12 23:00:00,Sha Tin,0,2
20250713-0002,2025-07-12 23:00:00,Kwun Tong,0,1
20250713-0102,2025-07-13 00:00:00,Tai Po,0,1
20250713-0102,2025-07-13 00:00:00,Tsuen Wan,0,1
20250713-0202,2025-07-13 01:00:00,,0,0
20250713-0301,2025-07-13 02:00:00,,0,0
20250713-0401,2025-07-13 03:00:00,,0,0
20250713-0501,2025-07-13 04:00:00,Central & Western District,0,1
20250713-0501,2025-07-13 04:00:00,Islands District,0,1
20250713-0602,2025-07-13 05:00:00,Central & Western District,0,4
20250713-0602,2025-07-13 05:00:00,Sha Tin,0,4
20250713-0602,2025-07-13 05:00:00,Sham Shui Po,0,4
20250713-0602,2025-07-13 05:00:00,Kowloon City,0,2
20250713-0602,2025-07-13 05:00:00,Islands District,0,1
20250713-0701,2025-07-13 06:00:00,Wong Tai Sin,3,7
20250713-0701,2025-07-13 06:00:00,Wan Chai,0,8
20250713-0701,2025-07-13 06:00:00,Kowloon City,0,5
20250713-0701,2025-07-13 06:00:00,Sha Tin,0,3
20250713-0701,2025-07-13 06:00:00,Southern District,0,3
20250713-0701,2025-07-13 06:00:00,Central & Western District,0,2
20250713-0701,2025-07-13 06:00:00,Tai Po,0,1
20250713-0701,2025-07-13 06:00:00,Yau Tsim Mong,0,1
20250713-0801,2025-07-13 07:00:00,Islands District,0,2
20250713-0801,2025-07-13 07:00:00,Wong Tai Sin,0,1
20250713-0901,2025-07-13 08:00:00,Yuen Long,0,5
20250713-0901,2025-07-13 08:00:00,Islands District,0,2
20250713-1001,2025-07-13 09:00:00,Tai Po,0,5
20250713-1001,2025-07-13 09:00:00,Islands District,0,1
20250713-1001,2025-07-13 09:00:00,North District,0,1
20250713-1001,2025-07-13 09:00:00,Tsuen Wan,0,1
20250713-1101,2025-07-13 10:00:00,,0,0
20250713-1201,2025-07-13 11:00:00,,0,0
20250713-1301,2025-07-13 12:00:00,,0,0
20250713-1401,2025-07-13 13:00:00,,0,0
20250713-1501,2025-07-13 14:00:00,,0,0
20250713-1601,2025-07-13 15:00:00,,0,0
20250713-1701,2025-07-13 16:00:00,,0,0
20250713-1801,2025-07-13 17:00:00,,0,0
20250713-1902,2025-07-13 18:00:00,,0,0
20250713-2002,2025-07-13 19:00:00,Tsuen Wan,0,2
20250713-2101,2025-07-13 20:00:00,Tsuen Wan,0,1
20250713-2202,2025-07-13 21:00:00,,0,0
20250713-2302,2025-07-13 22:00:00,,0,0
20250714-0001,2025-07-13 23:00:00,,0,0
20250714-0101,2025-07-14 00:00:00,,0,0
20250714-0202,2025-07-14 01:00:00,,0,0
20250714-0301,2025-07-14 02:00:00,,0,0
20250714-0401,2025-07-14 03:00:00,,0,0
20250714-0501,2025-07-14 04:00:00,,0,0
20250714-0601,2025-07-14 05:00:00,,0,0
20250714-0702,2025-07-14 06:00:00,Tuen Mun,0,1
20250714-0801,2025-07-14 07:00:00,Southern District,0,3
20250714-0801,2025-07-14 07:00:00,Tuen Mun,0,2
20250714-0801,2025-07-14 07:00:00,Islands District,0,15
20250714-0801,2025-07-14 07:00:00,Yuen Long,0,1
20250714-0901,2025-07-14 08:00:00,Wan Chai,7,25
20250714-0901,2025-07-14 08:00:00,Southern District,4,40
20250714-0901,2025-07-14 08:00:00,Kwun Tong,3,28
20250714-0901,2025-07-14 08:00:00,Eastern District,12,31
20250714-0901,2025-07-14 08:00:00,Kowloon City,0,9
20250714-0901,2025-07-14 08:00:00,Yau Tsim Mong,0,9
20250714-0901,2025-07-14 08:00:00,Central & Western District,0,6
20250714-0901,2025-07-14 08:00:00,Islands District,0,6
20250714-0901,2025-07-14 08:00:00,Sai Kung,0,14
20250714-0901,2025-07-14 08:00:00,North District,0,1
20250714-0901,2025-07-14 08:00:00,Tsuen Wan,0,1
20250714-0901,2025-07-14 08:00:00,Wong Tai Sin,0,1
20250714-1001,2025-07-14 09:00:00,Kwun Tong,2,4
20250714-1001,2025-07-14 09:00:00,Eastern District,0,6
20250714-1001,2025-07-14 09:00:00,Southern District,0,6
20250714-1001,2025-07-14 09:00:00,Tsuen Wan,0,4
20250714-1001,2025-07-14 09:00:00,Sai Kung,0,32
20250714-1001,2025-07-14 09:00:00,Kowloon City,0,2
20250714-1001,2025-07-14 09:00:00,Sha Tin,0,1
20250714-1001,2025-07-14 09:00:00,Tai Po,0,1
20250714-1102,2025-07-14 10:00:00,Tai Po,0,2
20250714-1102,2025-07-14 10:00:00,Yuen Long,0,2
20250714-1201,2025-07-14 11:00:00,Yuen Long,0,1
20250714-1302,2025-07-14 12:00:00,Islands District,0,3
20250714-1302,2025-07-14 12:00:00,Tai Po,0,3
20250714-1401,2025-07-14 13:00:00,Tai Po,0,1
20250714-1501,2025-07-14 14:00:00,,0,0
20250714-1601,2025-07-14 15:00:00,,0,0
20250714-1701,2025-07-14 16:00:00,,0,0
20250714-1802,2025-07-14 17:00:00,,0,0
20250714-1902,2025-07-14 18:00:00,,0,0
20250714-2002,2025-07-14 19:00:00,,0,0
20250714-2102,2025-07-14 20:00:00,,0,0
20250714-2202,2025-07-14 21:00:00,,0,0
20250714-2301,2025-07-14 22:00:00,,0,0
20250715-0002,2025-07-14 23:00:00,,0,0
20250715-0101,2025-07-15 00:00:00,,0,0
20250715-0201,2025-07-15 01:00:00,,0,0
20250715-0302,2025-07-15 02:00:00,,0,0
20250715-0401,2025-07-15 03:00:00,,0,0
20250715-0502,2025-07-15 04:00:00,,0,0
20250715-0601,2025-07-15 05:00:00,,0,0
20250715-0701,2025-07-15 06:00:00,Sha Tin,0,1
20250715-0801,2025-07-15 07:00:00,Islands District,0,11
20250715-0801,2025-07-15 07:00:00,Yuen Long,0,1
20250715-0902,2025-07-15 08:00:00,Wan Chai,2,7
20250715-0902,2025-07-15 08:00:00,Kwun Tong,1,5
20250715-0902,2025-07-15 08:00:00,Central & Western District,1,12
20250715-0902,2025-07-15 08:00:00,Southern District,0,5
20250715-0902,2025-07-15 08:00:00,Eastern District,0,4
20250715-0902,2025-07-15 08:00:00,Sai Kung,0,4
20250715-0902,2025-07-15 08:00:00,Tsuen Wan,0,3
20250715-0902,2025-07-15 08:00:00,Yau Tsim Mong,0,3
20250715-0902,2025-07-15 08:00:00,Islands District,0,1
20250715-0902,2025-07-15 08:00:00,Kowloon City,0,1
20250715-0902,2025-07-15 08:00:00,Kwai Tsing,0,1
20250715-0902,2025-07-15 08:00:00,Sha Tin,0,1
20250715-1002,2025-07-15 09:00:00,Wan Chai,1,4
20250715-1002,2025-07-15 09:00:00,Southern District,0,5
20250715-1002,2025-07-15 09:00:00,Eastern District,0,3
20250715-1002,2025-07-15 09:00:00,Central & Western District,0,2
20250715-1002,2025-07-15 09:00:00,Islands District,0,1
20250715-1002,2025-07-15 09:00:00,Sai Kung,0,1
20250715-1101,2025-07-15 10:00:00,Islands District,0,1
20250715-1201,2025-07-15 11:00:00,Islands District,0,2
20250715-1301,2025-07-15 12:00:00,Sham Shui Po,3,9
20250715-1301,2025-07-15 12:00:00,Kowloon City,0,5
20250715-1301,2025-07-15 12:00:00,Islands District,0,4
20250715-1301,2025-07-15 12:00:00,Wong Tai Sin,0,4
20250715-1301,2025-07-15 12:00:00,Kwai Tsing,0,2
20250715-1301,2025-07-15 12:00:00,Sai Kung,0,1
20250715-1301,2025-07-15 12:00:00,Sha Tin,0,1
20250715-1401,2025-07-15 13:00:00,Sham Shui Po,4,13
20250715-1401,2025-07-15 13:00:00,Wong Tai Sin,4,11
20250715-1401,2025-07-15 13:00:00,Yau Tsim Mong,0,5
20250715-1401,2025-07-15 13:00:00,Tai Po,0,4
20250715-1401,2025-07-15 13:00:00,North District,0,3
20250715-1401,2025-07-15 13:00:00,Sai Kung,0,3
20250715-1401,2025-07-15 13:00:00,Kwun Tong,0,2
20250715-1401,2025-07-15 13:00:00,Kowloon City,0,15
20250715-1401,2025-07-15 13:00:00,Islands District,0,1
20250715-1501,2025-07-15 14:00:00,Sai Kung,0,2
20250715-1501,2025-07-15 14:00:00,North District,0,1
20250715-1602,2025-07-15 15:00:00,,0,0
20250715-1702,2025-07-15 16:00:00,,0,0
20250715-1802,2025-07-15 17:00:00,,0,0
20250715-1902,2025-07-15 18:00:00,,0,0
20250715-2001,2025-07-15 19:00:00,,0,0
20250715-2102,2025-07-15 20:00:00,,0,0
20250715-2202,2025-07-15 21:00:00,,0,0
20250715-2301,2025-07-15 22:00:00,,0,0
20250716-0002,2025-07-15 23:00:00,,0,0
20250716-0102,2025-07-16 00:00:00,,0,0
20250716-0202,2025-07-16 01:00:00,,0,0
20250716-0301,2025-07-16 02:00:00,,0,0
20250716-0402,2025-07-16 03:00:00,,0,0
20250716-0501,2025-07-16 04:00:00,,0,0
20250716-0602,2025-07-16 05:00:00,,0,0
20250716-0701,2025-07-16 06:00:00,,0,0
20250716-0801,2025-07-16 07:00:00,,0,0
20250716-0902,2025-07-16 08:00:00,,0,0
20250716-1002,2025-07-16 09:00:00,,0,0
20250716-1101,2025-07-16 10:00:00,,0,0
20250716-1201,2025-07-16 11:00:00,,0,0
20250716-1302,2025-07-16 12:00:00,,0,0
20250716-1402,2025-07-16 13:00:00,,0,0
20250716-1502,2025-07-16 14:00:00,,0,0
20250716-1602,2025-07-16 15:00:00,,0,0
20250716-1701,2025-07-16 16:00:00,,0,0
20250716-1801,2025-07-16 17:00:00,,0,0
20250716-1902,2025-07-16 18:00:00,,0,0
20250716-2002,2025-07-16 19:00:00,,0,0
20250716-2102,2025-07-16 20:00:00,,0,0
20250716-2202,2025-07-16 21:00:00,,0,0
20250716-2302,2025-07-16 22:00:00,,0,0
20250717-0002,2025-07-16 23:00:00,,0,0
20250717-0102,2025-07-17 00:00:00,,0,0
20250717-0202,2025-07-17 01:00:00,,0,0
20250717-0302,2025-07-17 02:00:00,,0,0
20250717-0402,2025-07-17 03:00:00,,0,0
20250717-0501,2025-07-17 04:00:00,,0,0
20250717-0601,2025-07-17 05:00:00,,0,0
20250717-0702,2025-07-17 06:00:00,,0,0
20250717-0801,2025-07-17 07:00:00,,0,0
20250717-0902,2025-07-17 08:00:00,,0,0
20250717-1001,2025-07-17 09:00:00,,0,0
20250717-1102,2025-07-17 10:00:00,,0,0
20250717-1202,2025-07-17 11:00:00,,0,0
20250717-1301,2025-07-17 12:00:00,,0,0
20250717-1401,2025-07-17 13:00:00,,0,0
20250717-1501,2025-07-17 14:00:00,,0,0
20250717-1601,2025-07-17 15:00:00,,0,0
20250717-1702,2025-07-17 16:00:00,,0,0
20250717-1802,2025-07-17 17:00:00,,0,0
20250717-1902,2025-07-17 18:00:00,,0,0
20250717-2002,2025-07-17 19:00:00,,0,0
20250717-2101,2025-07-17 20:00:00,,0,0
20250717-2201,2025-07-17 21:00:00,,0,0
20250717-2301,2025-07-17 22:00:00,,0,0
20250718-0001,2025-07-17 23:00:00,,0,0
20250718-0101,2025-07-18 00:00:00,,0,0
20250718-0202,2025-07-18 01:00:00,,0,0
20250718-0302,2025-07-18 02:00:00,,0,0
20250718-0402,2025-07-18 03:00:00,,0,0
20250718-0502,2025-07-18 04:00:00,,0,0
20250718-0601,2025-07-18 05:00:00,Tai Po,0,3
20250718-0701,2025-07-18 06:00:00,Central & Western District,0,4
20250718-0701,2025-07-18 06:00:00,Eastern District,0,2
20250718-0701,2025-07-18 06:00:00,Southern District,0,11
20250718-0802,2025-07-18 07:00:00,Islands District,0,6
20250718-0802,2025-07-18 07:00:00,Southern District,0,17
20250718-0901,2025-07-18 08:00:00,,0,0
20250718-1002,2025-07-18 09:00:00,,0,0
20250718-1102,2025-07-18 10:00:00,,0,0
20250718-1202,2025-07-18 11:00:00,Sham Shui Po,8,11
20250718-1202,2025-07-18 11:00:00,Kowloon City,5,18
20250718-1202,2025-07-18 11:00:00,Wan Chai,4,9
20250718-1202,2025-07-18 11:00:00,Yau Tsim Mong,3,4
20250718-1202,2025-07-18 11:00:00,Yuen Long,0,4
20250718-1202,2025-07-18 11:00:00,Southern District,0,3
20250718-1202,2025-07-18 11:00:00,Central & Western District,0,2
20250718-1202,2025-07-18 11:00:00,Sha Tin,0,2
20250718-1202,2025-07-18 11:00:00,Kwun Tong,0,16
20250718-1202,2025-07-18 11:00:00,Eastern District,0,12
20250718-1202,2025-07-18 11:00:00,Tsuen Wan,0,11
20250718-1202,2025-07-18 11:00:00,Wong Tai Sin,0,10
20250718-1202,2025-07-18 11:00:00,Islands District,0,1
20250718-1202,2025-07-18 11:00:00,Kwai Tsing,0,1
20250718-1202,2025-07-18 11:00:00,Tuen Mun,0,1
20250718-1302,2025-07-18 12:00:00,Yau Tsim Mong,7,17
20250718-1302,2025-07-18 12:00:00,Tsuen Wan,6,63
20250718-1302,2025-07-18 12:00:00,Central & Western District,4,19
20250718-1302,2025-07-18 12:00:00,Kwai Tsing,29,59
20250718-1302,2025-07-18 12:00:00,Sham Shui Po,27,47
20250718-1302,2025-07-18 12:00:00,Wong Tai Sin,2,3
20250718-1302,2025-07-18 12:00:00,Sha Tin,2,26
20250718-1302,2025-07-18 12:00:00,Tuen Mun,2,16
20250718-1302,2025-07-18 12:00:00,Yuen Long,16,54
20250718-1302,2025-07-18 12:00:00,Wan Chai,1,9
20250718-1302,2025-07-18 12:00:00,Eastern District,0,8
20250718-1302,2025-07-18 12:00:00,Islands District,0,5
20250718-1302,2025-07-18 12:00:00,North District,0,44
20250718-1302,2025-07-18 12:00:00,Tai Po,0,42
20250718-1302,2025-07-18 12:00:00,Sai Kung,0,3
20250718-1302,2025-07-18 12:00:00,Southern District,0,3
20250718-1302,2025-07-18 12:00:00,Kowloon City,0,17
20250718-1302,2025-07-18 12:00:00,Kwun Tong,0,1
20250718-1402,2025-07-18 13:00:00,North District,6,43
20250718-1402,2025-07-18 13:00:00,Wan Chai,6,24
20250718-1402,2025-07-18 13:00:00,Kwun Tong,5,8
20250718-1402,2025-07-18 13:00:00,Sha Tin,5,26
20250718-1402,2025-07-18 13:00:00,Sham Shui Po,5,13
20250718-1402,2025-07-18 13:00:00,Tai Po,4,23
20250718-1402,2025-07-18 13:00:00,Central & Western District,4,19
20250718-1402,2025-07-18 13:00:00,Kowloon City,4,17
20250718-1402,2025-07-18 13:00:00,Yau Tsim Mong,3,13
20250718-1402,2025-07-18 13:00:00,Kwai Tsing,2,7
20250718-1402,2025-07-18 13:00:00,Tuen Mun,2,13
20250718-1402,2025-07-18 13:00:00,Wong Tai Sin,13,17
20250718-1402,2025-07-18 13:00:00,Yuen Long,1,8
20250718-1402,2025-07-18 13:00:00,Tsuen Wan,1,6
20250718-1402,2025-07-18 13:00:00,Islands District,0,6
20250718-1402,2025-07-18 13:00:00,Southern District,0,6
20250718-1402,2025-07-18 13:00:00,Sai Kung,0,28
20250718-1402,2025-07-18 13:00:00,Eastern District,0,2
20250718-1502,2025-07-18 14:00:00,North District,0,5
20250718-1502,2025-07-18 14:00:00,Sai Kung,0,5
20250718-1502,2025-07-18 14:00:00,Islands District,0,3
20250718-1502,2025-07-18 14:00:00,Tai Po,0,2
20250718-1502,2025-07-18 14:00:00,Tuen Mun,0,2
20250718-1502,2025-07-18 14:00:00,Eastern District,0,1
20250718-1502,2025-07-18 14:00:00,Kwai Tsing,0,1
20250718-1502,2025-07-18 14:00:00,Kwun Tong,0,1
20250718-1502,2025-07-18 14:00:00,Sha Tin,0,1
20250718-1502,2025-07-18 14:00:00,Southern District,0,1
20250718-1502,2025-07-18 14:00:00,Tsuen Wan,0,1
20250718-1602,2025-07-18 15:00:00,Kwai Tsing,3,4
20250718-1602,2025-07-18 15:00:00,Sham Shui Po,3,4
20250718-1602,2025-07-18 15:00:00,Central & Western District,2,3
20250718-1602,2025-07-18 15:00:00,Sha Tin,2,3
20250718-1602,2025-07-18 15:00:00,Tsuen Wan,2,3
20250718-1602,2025-07-18 15:00:00,Yau Tsim Mong,2,2
20250718-1602,2025-07-18 15:00:00,Kowloon City,1,2
20250718-1602,2025-07-18 15:00:00,Sai Kung,1,2
20250718-1602,2025-07-18 15:00:00,Tuen Mun,1,2
20250718-1602,2025-07-18 15:00:00,Wan Chai,1,2
20250718-1602,2025-07-18 15:00:00,Wong Tai Sin,1,2
20250718-1602,2025-07-18 15:00:00,Kwun Tong,1,1
20250718-1602,2025-07-18 15:00:00,Islands District,0,3
20250718-1602,2025-07-18 15:00:00,Tai Po,0,3
20250718-1602,2025-07-18 15:00:00,North District,0,2
20250718-1602,2025-07-18 15:00:00,Southern District,0,2
20250718-1602,2025-07-18 15:00:00,Yuen Long,0,2
20250718-1602,2025-07-18 15:00:00,Eastern District,0,1
20250718-1702,2025-07-18 16:00:00,Central & Western District,1,2
20250718-1702,2025-07-18 16:00:00,Tsuen Wan,1,2
20250718-1702,2025-07-18 16:00:00,Wan Chai,1,2
20250718-1702,2025-07-18 16:00:00,Eastern District,1,1
20250718-1702,2025-07-18 16:00:00,Kowloon City,1,1
20250718-1702,2025-07-18 16:00:00,Kwai Tsing,1,1
20250718-1702,2025-07-18 16:00:00,Kwun Tong,1,1
20250718-1702,2025-07-18 16:00:00,Sha Tin,1,1
20250718-1702,2025-07-18 16:00:00,Sham Shui Po,1,1
20250718-1702,2025-07-18 16:00:00,Tuen Mun,1,1
20250718-1702,2025-07-18 16:00:00,Wong Tai Sin,1,1
20250718-1702,2025-07-18 16:00:00,Yau Tsim Mong,1,1
20250718-1702,2025-07-18 16:00:00,Islands District,0,3
20250718-1702,2025-07-18 16:00:00,Tai Po,0,2
20250718-1702,2025-07-18 16:00:00,North District,0,1
20250718-1702,2025-07-18 16:00:00,Sai Kung,0,1
20250718-1702,2025-07-18 16:00:00,Southern District,0,1
20250718-1702,2025-07-18 16:00:00,Yuen Long,0,1
20250718-1802,2025-07-18 17:00:00,Islands District,0,1
20250718-1902,2025-07-18 18:00:00,,0,0
20250718-2002,2025-07-18 19:00:00,,0,0
20250718-2101,2025-07-18 20:00:00,,0,0
20250718-2201,2025-07-18 21:00:00,,0,0
20250718-2301,2025-07-18 22:00:00,,0,0
20250719-0001,2025-07-18 23:00:00,,0,0
20250719-0102,2025-07-19 00:00:00,,0,0
20250719-0202,2025-07-19 01:00:00,,0,0
20250719-0302,2025-07-19 02:00:00,,0,0
20250719-0402,2025-07-19 03:00:00,,0,0
20250719-0502,2025-07-19 04:00:00,,0,0
20250719-0601,2025-07-19 05:00:00,,0,0
20250719-0701,2025-07-19 06:00:00,,0,0
20250719-0802,2025-07-19 07:00:00,,0,0
20250719-0901,2025-07-19 08:00:00,,0,0
20250719-1002,2025-07-19 09:00:00,,0,0
20250719-1102,2025-07-19 10:00:00,,0,0
20250719-1202,2025-07-19 11:00:00,,0,0
20250719-1301,2025-07-19 12:00:00,,0,0
20250719-1402,2025-07-19 13:00:00,,0,0
20250719-1501,2025-07-19 14:00:00,,0,0
20250719-1601,2025-07-19 15:00:00,,0,0
20250719-1701,2025-07-19 16:00:00,,0,0
20250719-1802,2025-07-19 17:00:00,,0,0
20250719-1902,2025-07-19 18:00:00,,0,0
20250719-2002,2025-07-19 19:00:00,,0,0
20250719-2101,2025-07-19 20:00:00,North District,3,16
20250719-2101,2025-07-19 20:00:00,Yuen Long,3,11
20250719-2101,2025-07-19 20:00:00,Tai Po,2,18
20250719-2101,2025-07-19 20:00:00,Eastern District,0,8
20250719-2101,2025-07-19 20:00:00,Islands District,0,8
20250719-2101,2025-07-19 20:00:00,Sai Kung,0,8
20250719-2101,2025-07-19 20:00:00,Southern District,0,6
20250719-2101,2025-07-19 20:00:00,Tsuen Wan,0,5
20250719-2101,2025-07-19 20:00:00,Tuen Mun,0,5
20250719-2101,2025-07-19 20:00:00,Sha Tin,0,3
20250719-2101,2025-07-19 20:00:00,Kwun Tong,0,2
20250719-2101,2025-07-19 20:00:00,Central & Western District,0,1
20250719-2101,2025-07-19 20:00:00,Kwai Tsing,0,1
20250719-2201,2025-07-19 21:00:00,Southern District,9,26
20250719-2201,2025-07-19 21:00:00,Wan Chai,9,13
20250719-2201,2025-07-19 21:00:00,Kowloon City,9,11
20250719-2201,2025-07-19 21:00:00,Sham Shui Po,9,11
20250719-2201,2025-07-19 21:00:00,Yau Tsim Mong,9,10
20250719-2201,2025-07-19 21:00:00,Sha Tin,8,16
20250719-2201,2025-07-19 21:00:00,Central & Western District,5,12
20250719-2201,2025-07-19 21:00:00,Tuen Mun,5,12
20250719-2201,2025-07-19 21:00:00,Kwai Tsing,4,9
20250719-2201,2025-07-19 21:00:00,Tsuen Wan,4,8
20250719-2201,2025-07-19 21:00:00,North District,4,14
20250719-2201,2025-07-19 21:00:00,Yuen Long,3,6
20250719-2201,2025-07-19 21:00:00,Tai Po,3,12
20250719-2201,2025-07-19 21:00:00,Islands District,2,26
20250719-2201,2025-07-19 21:00:00,Sai Kung,2,16
20250719-2201,2025-07-19 21:00:00,Eastern District,12,18
20250719-2201,2025-07-19 21:00:00,Wong Tai Sin,12,17
20250719-2201,2025-07-19 21:00:00,Kwun Tong,12,14
20250719-2301,2025-07-19 22:00:00,Tuen Mun,1,1
20250719-2301,2025-07-19 22:00:00,Islands District,0,1
20250719-2301,2025-07-19 22:00:00,North District,0,1
20250719-2301,2025-07-19 22:00:00,Yuen Long,0,1
20250720-0002,2025-07-19 23:00:00,Yuen Long,0,7
20250720-0002,2025-07-19 23:00:00,Tuen Mun,0,2
20250720-0002,2025-07-19 23:00:00,North District,0,1
20250720-0102,2025-07-20 00:00:00,,0,0
20250720-0202,2025-07-20 01:00:00,,0,0
20250720-0302,2025-07-20 02:00:00,Sai Kung,0,3
20250720-0302,2025-07-20 02:00:00,Tai Po,0,2
20250720-0302,2025-07-20 02:00:00,Eastern District,0,1
20250720-0302,2025-07-20 02:00:00,Islands District,0,1
20250720-0302,2025-07-20 02:00:00,North District,0,1
20250720-0302,2025-07-20 02:00:00,Southern District,0,1
20250720-0302,2025-07-20 02:00:00,Yuen Long,0,1
20250720-0402,2025-07-20 03:00:00,Wong Tai Sin,3,3
20250720-0402,2025-07-20 03:00:00,Sha Tin,2,5
20250720-0402,2025-07-20 03:00:00,Southern District,1,9
20250720-0402,2025-07-20 03:00:00,Tai Po,1,6
20250720-0402,2025-07-20 03:00:00,Eastern District,1,4
20250720-0402,2025-07-20 03:00:00,Kwai Tsing,1,3
20250720-0402,2025-07-20 03:00:00,Central & Western District,1,2
20250720-0402,2025-07-20 03:00:00,Kowloon City,1,2
20250720-0402,2025-07-20 03:00:00,Sham Shui Po,1,2
20250720-0402,2025-07-20 03:00:00,Yau Tsim Mong,1,2
20250720-0402,2025-07-20 03:00:00,Sai Kung,1,10
20250720-0402,2025-07-20 03:00:00,Wan Chai,1,1
20250720-0402,2025-07-20 03:00:00,Islands District,0,4
20250720-0402,2025-07-20 03:00:00,North District,0,4
20250720-0402,2025-07-20 03:00:00,Tsuen Wan,0,3
20250720-0402,2025-07-20 03:00:00,Yuen Long,0,2
20250720-0402,2025-07-20 03:00:00,Kwun Tong,0,1
20250720-0402,2025-07-20 03:00:00,Tuen Mun,0,1
20250720-0501,2025-07-20 04:00:00,Wong Tai Sin,4,5
20250720-0501,2025-07-20 04:00:00,Tai Po,2,4
20250720-0501,2025-07-20 04:00:00,Central & Western District,2,3
20250720-0501,2025-07-20 04:00:00,Kowloon City,2,3
20250720-0501,2025-07-20 04:00:00,Kwai Tsing,2,3
20250720-0501,2025-07-20 04:00:00,Kwun Tong,2,3
20250720-0501,2025-07-20 04:00:00,Sai Kung,2,3
20250720-0501,2025-07-20 04:00:00,Southern District,2,3
20250720-0501,2025-07-20 04:00:00,Wan Chai,2,3
20250720-0501,2025-07-20 04:00:00,Yau Tsim Mong,2,3
20250720-0501,2025-07-20 04:00:00,Sham Shui Po,2,2
20250720-0501,2025-07-20 04:00:00,Tsuen Wan,1,4
20250720-0501,2025-07-20 04:00:00,North District,1,3
20250720-0501,2025-07-20 04:00:00,Eastern District,1,2
20250720-0501,2025-07-20 04:00:00,Sha Tin,1,2
20250720-0501,2025-07-20 04:00:00,Yuen Long,0,3
20250720-0501,2025-07-20 04:00:00,Islands District,0,2
20250720-0501,2025-07-20 04:00:00,Tuen Mun,0,2
20250720-0602,2025-07-20 05:00:00,Tuen Mun,3,6
20250720-0602,2025-07-20 05:00:00,Yuen Long,3,6
20250720-0602,2025-07-20 05:00:00,Kwai Tsing,2,4
20250720-0602,2025-07-20 05:00:00,Wong Tai Sin,2,4
20250720-0602,2025-07-20 05:00:00,Yau Tsim Mong,2,2
20250720-0602,2025-07-20 05:00:00,Tsuen Wan,1,5
20250720-0602,2025-07-20 05:00:00,Sai Kung,1,4
20250720-0602,2025-07-20 05:00:00,Tai Po,1,4
20250720-0602,2025-07-20 05:00:00,Kowloon City,1,3
20250720-0602,2025-07-20 05:00:00,Kwun Tong,1,2
20250720-0602,2025-07-20 05:00:00,Sham Shui Po,1,2
20250720-0602,2025-07-20 05:00:00,Central & Western District,1,1
20250720-0602,2025-07-20 05:00:00,Sha Tin,1,1
20250720-0602,2025-07-20 05:00:00,Southern District,1,1
20250720-0602,2025-07-20 05:00:00,Wan Chai,1,1
20250720-0602,2025-07-20 05:00:00,Islands District,0,7
20250720-0602,2025-07-20 05:00:00,North District,0,4
20250720-0602,2025-07-20 05:00:00,Eastern District,0,1
20250720-0702,2025-07-20 06:00:00,Yau Tsim Mong,2,2
20250720-0702,2025-07-20 06:00:00,Tsuen Wan,1,4
20250720-0702,2025-07-20 06:00:00,Kowloon City,1,2
20250720-0702,2025-07-20 06:00:00,Kwai Tsing,1,2
20250720-0702,2025-07-20 06:00:00,Kwun Tong,1,2
20250720-0702,2025-07-20 06:00:00,Wong Tai Sin,1,2
20250720-0702,2025-07-20 06:00:00,Sham Shui Po,1,1
20250720-0702,2025-07-20 06:00:00,Southern District,1,1
20250720-0702,2025-07-20 06:00:00,Islands District,0,3
20250720-0702,2025-07-20 06:00:00,Central & Western District,0,2
20250720-0702,2025-07-20 06:00:00,North District,0,2
20250720-0702,2025-07-20 06:00:00,Sai Kung,0,2
20250720-0702,2025-07-20 06:00:00,Tuen Mun,0,2
20250720-0702,2025-07-20 06:00:00,Yuen Long,0,2
20250720-0702,2025-07-20 06:00:00,Eastern District,0,1
20250720-0702,2025-07-20 06:00:00,Sha Tin,0,1
20250720-0702,2025-07-20 06:00:00,Tai Po,0,1
20250720-0702,2025-07-20 06:00:00,Wan Chai,0,1
20250720-0801,2025-07-20 07:00:00,Sai Kung,3,6
20250720-0801,2025-07-20 07:00:00,Wong Tai Sin,3,6
20250720-0801,2025-07-20 07:00:00,Yau Tsim Mong,3,5
20250720-0801,2025-07-20 07:00:00,Kwun Tong,3,3
20250720-0801,2025-07-20 07:00:00,Kowloon City,2,5
20250720-0801,2025-07-20 07:00:00,North District,2,5
20250720-0801,2025-07-20 07:00:00,Tai Po,2,5
20250720-0801,2025-07-20 07:00:00,Southern District,2,4
20250720-0801,2025-07-20 07:00:00,Sha Tin,2,3
20250720-0801,2025-07-20 07:00:00,Sham Shui Po,2,2
20250720-0801,2025-07-20 07:00:00,Tsuen Wan,1,6
20250720-0801,2025-07-20 07:00:00,Central & Western District,1,4
20250720-0801,2025-07-20 07:00:00,Eastern District,1,3
20250720-0801,2025-07-20 07:00:00,Kwai Tsing,1,3
20250720-0801,2025-07-20 07:00:00,Wan Chai,1,2
20250720-0801,2025-07-20 07:00:00,Islands District,0,3
20250720-0801,2025-07-20 07:00:00,Tuen Mun,0,2
20250720-0801,2025-07-20 07:00:00,Yuen Long,0,2
20250720-0901,2025-07-20 08:00:00,Kwai Tsing,6,7
20250720-0901,2025-07-20 08:00:00,Sham Shui Po,5,8
20250720-0901,2025-07-20 08:00:00,Yau Tsim Mong,5,8
20250720-0901,2025-07-20 08:00:00,Kwun Tong,5,7
20250720-0901,2025-07-20 08:00:00,Southern District,4,7
20250720-0901,2025-07-20 08:00:00,Tai Po,3,9
20250720-0901,2025-07-20 08:00:00,Wong Tai Sin,3,9
20250720-0901,2025-07-20 08:00:00,Kowloon City,3,8
20250720-0901,2025-07-20 08:00:00,Sai Kung,3,8
20250720-0901,2025-07-20 08:00:00,Sha Tin,3,6
20250720-0901,2025-07-20 08:00:00,Central & Western District,3,5
20250720-0901,2025-07-20 08:00:00,Eastern District,3,5
20250720-0901,2025-07-20 08:00:00,Wan Chai,3,4
20250720-0901,2025-07-20 08:00:00,Tuen Mun,2,8
20250720-0901,2025-07-20 08:00:00,North District,2,11
20250720-0901,2025-07-20 08:00:00,Tsuen Wan,2,11
20250720-0901,2025-07-20 08:00:00,Yuen Long,2,11
20250720-0901,2025-07-20 08:00:00,Islands District,1,6
20250720-1001,2025-07-20 09:00:00,Kwun Tong,7,8
20250720-1001,2025-07-20 09:00:00,Wan Chai,6,8
20250720-1001,2025-07-20 09:00:00,Kowloon City,6,10
20250720-1001,2025-07-20 09:00:00,Southern District,5,8
20250720-1001,2025-07-20 09:00:00,Sham Shui Po,5,12
20250720-1001,2025-07-20 09:00:00,Yau Tsim Mong,4,8
20250720-1001,2025-07-20 09:00:00,Wong Tai Sin,4,16
20250720-1001,2025-07-20 09:00:00,Kwai Tsing,3,5
20250720-1001,2025-07-20 09:00:00,Sha Tin,3,10
20250720-1001,2025-07-20 09:00:00,Eastern District,2,8
20250720-1001,2025-07-20 09:00:00,Tai Po,2,8
20250720-1001,2025-07-20 09:00:00,Central & Western District,2,6
20250720-1001,2025-07-20 09:00:00,Tuen Mun,2,5
20250720-1001,2025-07-20 09:00:00,Yuen Long,1,7
20250720-1001,2025-07-20 09:00:00,North District,1,4
20250720-1001,2025-07-20 09:00:00,Tsuen Wan,1,11
20250720-1001,2025-07-20 09:00:00,Sai Kung,1,10
20250720-1001,2025-07-20 09:00:00,Islands District,0,6
20250720-1101,2025-07-20 10:00:00,Kwai Tsing,8,12
20250720-1101,2025-07-20 10:00:00,Yau Tsim Mong,7,7
20250720-1101,2025-07-20 10:00:00,Wan Chai,6,7
20250720-1101,2025-07-20 10:00:00,Kowloon City,4,9
20250720-1101,2025-07-20 10:00:00,Kwun Tong,4,6
20250720-1101,2025-07-20 10:00:00,Sha Tin,4,14
20250720-1101,2025-07-20 10:00:00,Central & Western District,3,9
20250720-1101,2025-07-20 10:00:00,Tsuen Wan,3,14
20250720-1101,2025-07-20 10:00:00,Southern District,3,11
20250720-1101,2025-07-20 10:00:00,Wong Tai Sin,3,10
20250720-1101,2025-07-20 10:00:00,Islands District,2,13
20250720-1101,2025-07-20 10:00:00,Tuen Mun,2,11
20250720-1101,2025-07-20 10:00:00,Sham Shui Po,12,12
20250720-1101,2025-07-20 10:00:00,Yuen Long,1,9
20250720-1101,2025-07-20 10:00:00,Tai Po,1,7
20250720-1101,2025-07-20 10:00:00,Eastern District,1,5
20250720-1101,2025-07-20 10:00:00,Sai Kung,0,5
20250720-1101,2025-07-20 10:00:00,North District,0,3
20250720-1202,2025-07-20 11:00:00,Tuen Mun,8,10
20250720-1202,2025-07-20 11:00:00,Yuen Long,6,9
20250720-1202,2025-07-20 11:00:00,Kwai Tsing,5,7
20250720-1202,2025-07-20 11:00:00,Sham Shui Po,4,6
20250720-1202,2025-07-20 11:00:00,Tsuen Wan,3,15
20250720-1202,2025-07-20 11:00:00,Sha Tin,2,7
20250720-1202,2025-07-20 11:00:00,Wong Tai Sin,2,4
20250720-1202,2025-07-20 11:00:00,Kwun Tong,2,3
20250720-1202,2025-07-20 11:00:00,Wan Chai,2,3
20250720-1202,2025-07-20 11:00:00,Yau Tsim Mong,2,3
20250720-1202,2025-07-20 11:00:00,Tai Po,1,5
20250720-1202,2025-07-20 11:00:00,Kowloon City,1,4
20250720-1202,2025-07-20 11:00:00,Central & Western District,1,3
20250720-1202,2025-07-20 11:00:00,Southern District,1,3
20250720-1202,2025-07-20 11:00:00,North District,1,10
20250720-1202,2025-07-20 11:00:00,Sai Kung,0,3
20250720-1202,2025-07-20 11:00:00,Eastern District,0,2
20250720-1202,2025-07-20 11:00:00,Islands District,0,12
20250720-1301,2025-07-20 12:00:00,North District,7,28
20250720-1301,2025-07-20 12:00:00,Tai Po,3,20
20250720-1301,2025-07-20 12:00:00,Yuen Long,3,10
20250720-1301,2025-07-20 12:00:00,Tuen Mun,2,4
20250720-1301,2025-07-20 12:00:00,Tsuen Wan,0,6
20250720-1301,2025-07-20 12:00:00,Sai Kung,0,4
20250720-1301,2025-07-20 12:00:00,Islands District,0,2
20250720-1301,2025-07-20 12:00:00,Kwai Tsing,0,2
20250720-1301,2025-07-20 12:00:00,Sha Tin,0,2
20250720-1301,2025-07-20 12:00:00,Southern District,0,1
20250720-1301,2025-07-20 12:00:00,Wong Tai Sin,0,1
20250720-1401,2025-07-20 13:00:00,Kwun Tong,9,19
20250720-1401,2025-07-20 13:00:00,Wong Tai Sin,8,19
20250720-1401,2025-07-20 13:00:00,Kowloon City,7,16
20250720-1401,2025-07-20 13:00:00,Sham Shui Po,7,11
20250720-1401,2025-07-20 13:00:00,Wan Chai,5,9
20250720-1401,2025-07-20 13:00:00,Eastern District,4,7
20250720-1401,2025-07-20 13:00:00,Yau Tsim Mong,4,6
20250720-1401,2025-07-20 13:00:00,Tsuen Wan,4,18
20250720-1401,2025-07-20 13:00:00,Kwai Tsing,3,14
20250720-1401,2025-07-20 13:00:00,Yuen Long,3,11
20250720-1401,2025-07-20 13:00:00,Central & Western District,3,10
20250720-1401,2025-07-20 13:00:00,Tuen Mun,1,7
20250720-1401,2025-07-20 13:00:00,Southern District,1,5
20250720-1401,2025-07-20 13:00:00,North District,1,34
20250720-1401,2025-07-20 13:00:00,Sha Tin,1,16
20250720-1401,2025-07-20 13:00:00,Sai Kung,1,15
20250720-1401,2025-07-20 13:00:00,Islands District,0,5
20250720-1401,2025-07-20 13:00:00,Tai Po,0,24
20250720-1501,2025-07-20 14:00:00,Yuen Long,9,30
20250720-1501,2025-07-20 14:00:00,Sham Shui Po,5,9
20250720-1501,2025-07-20 14:00:00,North District,5,25
20250720-1501,2025-07-20 14:00:00,Tsuen Wan,5,25
20250720-1501,2025-07-20 14:00:00,Tuen Mun,4,7
20250720-1501,2025-07-20 14:00:00,Wan Chai,4,6
20250720-1501,2025-07-20 14:00:00,Yau Tsim Mong,4,5
20250720-1501,2025-07-20 14:00:00,Kowloon City,4,11
20250720-1501,2025-07-20 14:00:00,Central & Western District,3,5
20250720-1501,2025-07-20 14:00:00,Tai Po,3,32
20250720-1501,2025-07-20 14:00:00,Eastern District,2,5
20250720-1501,2025-07-20 14:00:00,Kwai Tsing,2,14
20250720-1501,2025-07-20 14:00:00,Sha Tin,16,33
20250720-1501,2025-07-20 14:00:00,Wong Tai Sin,13,32
20250720-1501,2025-07-20 14:00:00,Kwun Tong,10,21
20250720-1501,2025-07-20 14:00:00,Southern District,1,5
20250720-1501,2025-07-20 14:00:00,Sai Kung,1,25
20250720-1501,2025-07-20 14:00:00,Islands District,0,11
20250720-1601,2025-07-20 15:00:00,Kwai Tsing,7,20
20250720-1601,2025-07-20 15:00:00,Yau Tsim Mong,7,17
20250720-1601,2025-07-20 15:00:00,Yuen Long,7,14
20250720-1601,2025-07-20 15:00:00,Tuen Mun,7,11
20250720-1601,2025-07-20 15:00:00,Kwun Tong,6,8
20250720-1601,2025-07-20 15:00:00,Tsuen Wan,6,16
20250720-1601,2025-07-20 15:00:00,Wong Tai Sin,5,13
20250720-1601,2025-07-20 15:00:00,Kowloon City,4,18
20250720-1601,2025-07-20 15:00:00,Sha Tin,3,26
20250720-1601,2025-07-20 15:00:00,Eastern District,3,18
20250720-1601,2025-07-20 15:00:00,Central & Western District,3,10
20250720-1601,2025-07-20 15:00:00,Tai Po,2,24
20250720-1601,2025-07-20 15:00:00,Wan Chai,12,19
20250720-1601,2025-07-20 15:00:00,Sham Shui Po,11,20
20250720-1601,2025-07-20 15:00:00,Islands District,1,35
20250720-1601,2025-07-20 15:00:00,North District,1,15
20250720-1601,2025-07-20 15:00:00,Southern District,1,12
20250720-1601,2025-07-20 15:00:00,Sai Kung,0,26
20250720-1701,2025-07-20 16:00:00,Yuen Long,7,79
20250720-1701,2025-07-20 16:00:00,Kwai Tsing,6,44
20250720-1701,2025-07-20 16:00:00,Southern District,6,42
20250720-1701,2025-07-20 16:00:00,Central & Western District,6,14
20250720-1701,2025-07-20 16:00:00,Wong Tai Sin,43,70
20250720-1701,2025-07-20 16:00:00,Sha Tin,4,72
20250720-1701,2025-07-20 16:00:00,Eastern District,38,43
20250720-1701,2025-07-20 16:00:00,Kwun Tong,33,48
20250720-1701,2025-07-20 16:00:00,Kowloon City,32,53
20250720-1701,2025-07-20 16:00:00,Yau Tsim Mong,26,35
20250720-1701,2025-07-20 16:00:00,Tsuen Wan,2,72
20250720-1701,2025-07-20 16:00:00,Wan Chai,18,23
20250720-1701,2025-07-20 16:00:00,Sham Shui Po,17,41
20250720-1701,2025-07-20 16:00:00,Tuen Mun,1,4
20250720-1701,2025-07-20 16:00:00,Islands District,1,38
20250720-1701,2025-07-20 16:00:00,Sai Kung,1,28
20250720-1701,2025-07-20 16:00:00,Tai Po,0,73
20250720-1701,2025-07-20 16:00:00,North District,0,20
20250720-1802,2025-07-20 17:00:00,Eastern District,7,23
20250720-1802,2025-07-20 17:00:00,Kowloon City,5,28
20250720-1802,2025-07-20 17:00:00,Sha Tin,4,39
20250720-1802,2025-07-20 17:00:00,Yau Tsim Mong,2,9
20250720-1802,2025-07-20 17:00:00,Tai Po,2,40
20250720-1802,2025-07-20 17:00:00,North District,2,10
20250720-1802,2025-07-20 17:00:00,Kwun Tong,15,31
20250720-1802,2025-07-20 17:00:00,Wong Tai Sin,13,38
20250720-1802,2025-07-20 17:00:00,Sai Kung,1,7
20250720-1802,2025-07-20 17:00:00,Yuen Long,1,39
20250720-1802,2025-07-20 17:00:00,Tsuen Wan,1,30
20250720-1802,2025-07-20 17:00:00,Wan Chai,1,2
20250720-1802,2025-07-20 17:00:00,Tuen Mun,1,15
20250720-1802,2025-07-20 17:00:00,Sham Shui Po,1,13
20250720-1802,2025-07-20 17:00:00,Southern District,0,6
20250720-1802,2025-07-20 17:00:00,Islands District,0,16
20250720-1802,2025-07-20 17:00:00,Kwai Tsing,0,13
20250720-1802,2025-07-20 17:00:00,Central & Western District,0,1
20250720-1902,2025-07-20 18:00:00,Wong Tai Sin,6,8
20250720-1902,2025-07-20 18:00:00,Kowloon City,5,7
20250720-1902,2025-07-20 18:00:00,Kwun Tong,4,7
20250720-1902,2025-07-20 18:00:00,Yau Tsim Mong,4,7
20250720-1902,2025-07-20 18:00:00,Wan Chai,4,6
20250720-1902,2025-07-20 18:00:00,Eastern District,3,8
20250720-1902,2025-07-20 18:00:00,Sham Shui Po,3,6
20250720-1902,2025-07-20 18:00:00,Central & Western District,2,6
20250720-1902,2025-07-20 18:00:00,Sha Tin,1,9
20250720-1902,2025-07-20 18:00:00,Tsuen Wan,1,7
20250720-1902,2025-07-20 18:00:00,Southern District,1,6
20250720-1902,2025-07-20 18:00:00,Kwai Tsing,1,5
20250720-1902,2025-07-20 18:00:00,Tai Po,0,6
20250720-1902,2025-07-20 18:00:00,North District,0,5
20250720-1902,2025-07-20 18:00:00,Yuen Long,0,5
20250720-1902,2025-07-20 18:00:00,Sai Kung,0,4
20250720-1902,2025-07-20 18:00:00,Islands District,0,3
20250720-1902,2025-07-20 18:00:00,Tuen Mun,0,1
20250720-2001,2025-07-20 19:00:00,Kwai Tsing,1,4
20250720-2001,2025-07-20 19:00:00,Wan Chai,1,2
20250720-2001,2025-07-20 19:00:00,Tai Po,0,4
20250720-2001,2025-07-20 19:00:00,Islands District,0,3
20250720-2001,2025-07-20 19:00:00,Central & Western District,0,2
20250720-2001,2025-07-20 19:00:00,North District,0,2
20250720-2001,2025-07-20 19:00:00,Sham Shui Po,0,2
20250720-2001,2025-07-20 19:00:00,Tsuen Wan,0,2
20250720-2001,2025-07-20 19:00:00,Yau Tsim Mong,0,2
20250720-2001,2025-07-20 19:00:00,Yuen Long,0,2
20250720-2001,2025-07-20 19:00:00,Eastern District,0,1
20250720-2001,2025-07-20 19:00:00,Kowloon City,0,1
20250720-2001,2025-07-20 19:00:00,Sha Tin,0,1
20250720-2001,2025-07-20 19:00:00,Southern District,0,1
20250720-2001,2025-07-20 19:00:00,Tuen Mun,0,1
20250720-2001,2025-07-20 19:00:00,Wong Tai Sin,0,1
20250720-2101,2025-07-20 20:00:00,Tuen Mun,0,1
20250720-2101,2025-07-20 20:00:00,Yuen Long,0,1
20250720-2201,2025-07-20 21:00:00,Tai Po,0,8
20250720-2201,2025-07-20 21:00:00,Islands District,0,2
20250720-2201,2025-07-20 21:00:00,North District,0,2
20250720-2201,2025-07-20 21:00:00,Central & Western District,0,1
20250720-2201,2025-07-20 21:00:00,Sai Kung,0,1
20250720-2201,2025-07-20 21:00:00,Southern District,0,1
20250720-2302,2025-07-20 22:00:00,North District,3,18
20250720-2302,2025-07-20 22:00:00,Sai Kung,0,6
20250720-2302,2025-07-20 22:00:00,Sha Tin,0,5
20250720-2302,2025-07-20 22:00:00,Islands District,0,3
20250720-2302,2025-07-20 22:00:00,Wong Tai Sin,0,3
20250720-2302,2025-07-20 22:00:00,Yuen Long,0,3
20250720-2302,2025-07-20 22:00:00,Kwun Tong,0,2
20250720-2302,2025-07-20 22:00:00,Tai Po,0,14
20250720-2302,2025-07-20 22:00:00,Eastern District,0,1
20250720-2302,2025-07-20 22:00:00,Tsuen Wan,0,1
20250721-0002,2025-07-20 23:00:00,Tai Po,0,5
20250721-0002,2025-07-20 23:00:00,Tuen Mun,0,4
20250721-0002,2025-07-20 23:00:00,Islands District,0,3
20250721-0002,2025-07-20 23:00:00,Tsuen Wan,0,2
20250721-0002,2025-07-20 23:00:00,North District,0,1
20250721-0101,2025-07-21 00:00:00,North District,0,9
20250721-0101,2025-07-21 00:00:00,Yuen Long,0,6
20250721-0101,2025-07-21 00:00:00,Tai Po,0,5
20250721-0101,2025-07-21 00:00:00,Tuen Mun,0,2
20250721-0101,2025-07-21 00:00:00,Tsuen Wan,0,13
20250721-0101,2025-07-21 00:00:00,Central & Western District,0,1
20250721-0101,2025-07-21 00:00:00,Kowloon City,0,1
20250721-0101,2025-07-21 00:00:00,Kwai Tsing,0,1
20250721-0101,2025-07-21 00:00:00,Southern District,0,1
20250721-0101,2025-07-21 00:00:00,Wan Chai,0,1
20250721-0101,2025-07-21 00:00:00,Wong Tai Sin,0,1
20250721-0101,2025-07-21 00:00:00,Yau Tsim Mong,0,1
20250721-0202,2025-07-21 01:00:00,Kwai Tsing,8,9
20250721-0202,2025-07-21 01:00:00,Eastern District,7,14
20250721-0202,2025-07-21 01:00:00,Sham Shui Po,6,8
20250721-0202,2025-07-21 01:00:00,Wong Tai Sin,6,14
20250721-0202,2025-07-21 01:00:00,Central & Western District,6,12
20250721-0202,2025-07-21 01:00:00,Wan Chai,5,8
20250721-0202,2025-07-21 01:00:00,Yau Tsim Mong,5,7
20250721-0202,2025-07-21 01:00:00,Kowloon City,5,10
20250721-0202,2025-07-21 01:00:00,Tsuen Wan,4,12
20250721-0202,2025-07-21 01:00:00,Southern District,4,10
20250721-0202,2025-07-21 01:00:00,Islands District,3,15
20250721-0202,2025-07-21 01:00:00,Tuen Mun,2,13
20250721-0202,2025-07-21 01:00:00,Kwun Tong,10,13
20250721-0202,2025-07-21 01:00:00,North District,0,2
20250721-0202,2025-07-21 01:00:00,Yuen Long,0,13
20250721-0202,2025-07-21 01:00:00,Sha Tin,0,12
20250721-0202,2025-07-21 01:00:00,Tai Po,0,12
20250721-0202,2025-07-21 01:00:00,Sai Kung,0,11
20250721-0302,2025-07-21 02:00:00,North District,2,15
20250721-0302,2025-07-21 02:00:00,Yuen Long,1,8
20250721-0302,2025-07-21 02:00:00,Tai Po,1,14
20250721-0302,2025-07-21 02:00:00,Tuen Mun,0,4
20250721-0302,2025-07-21 02:00:00,Sha Tin,0,17
20250721-0302,2025-07-21 02:00:00,Sai Kung,0,14
20250721-0302,2025-07-21 02:00:00,Islands District,0,1
20250721-0302,2025-07-21 02:00:00,Tsuen Wan,0,1
20250721-0402,2025-07-21 03:00:00,Islands District,0,7
20250721-0402,2025-07-21 03:00:00,Tuen Mun,0,2
20250721-0402,2025-07-21 03:00:00,North District,0,1
20250721-0402,2025-07-21 03:00:00,Sai Kung,0,1
20250721-0402,2025-07-21 03:00:00,Sha Tin,0,1
20250721-0402,2025-07-21 03:00:00,Tai Po,0,1
20250721-0402,2025-07-21 03:00:00,Tsuen Wan,0,1
20250721-0501,2025-07-21 04:00:00,Wan Chai,1,1
20250721-0501,2025-07-21 04:00:00,Tuen Mun,0,2
20250721-0501,2025-07-21 04:00:00,Islands District,0,1
20250721-0501,2025-07-21 04:00:00,Sai Kung,0,1
20250721-0501,2025-07-21 04:00:00,Southern District,0,1
20250721-0501,2025-07-21 04:00:00,Yuen Long,0,1
20250721-0601,2025-07-21 05:00:00,Eastern District,2,5
20250721-0601,2025-07-21 05:00:00,Kwun Tong,2,5
20250721-0601,2025-07-21 05:00:00,Wong Tai Sin,2,3
20250721-0601,2025-07-21 05:00:00,Sai Kung,1,5
20250721-0601,2025-07-21 05:00:00,Kowloon City,1,2
20250721-0601,2025-07-21 05:00:00,Islands District,0,6
20250721-0601,2025-07-21 05:00:00,Sha Tin,0,3
20250721-0601,2025-07-21 05:00:00,Southern District,0,3
20250721-0601,2025-07-21 05:00:00,Tai Po,0,3
20250721-0601,2025-07-21 05:00:00,North District,0,2
20250721-0601,2025-07-21 05:00:00,Kwai Tsing,0,1
20250721-0601,2025-07-21 05:00:00,Sham Shui Po,0,1
20250721-0601,2025-07-21 05:00:00,Tsuen Wan,0,1
20250721-0601,2025-07-21 05:00:00,Wan Chai,0,1
20250721-0601,2025-07-21 05:00:00,Yau Tsim Mong,0,1
20250721-0701,2025-07-21 06:00:00,Wan Chai,1,1
20250721-0701,2025-07-21 06:00:00,Sai Kung,0,4
20250721-0701,2025-07-21 06:00:00,Tai Po,0,4
20250721-0701,2025-07-21 06:00:00,North District,0,3
20250721-0701,2025-07-21 06:00:00,Sha Tin,0,2
20250721-0701,2025-07-21 06:00:00,Central & Western District,0,1
20250721-0701,2025-07-21 06:00:00,Eastern District,0,1
20250721-0701,2025-07-21 06:00:00,Islands District,0,1
20250721-0701,2025-07-21 06:00:00,Kowloon City,0,1
20250721-0701,2025-07-21 06:00:00,Kwai Tsing,0,1
20250721-0701,2025-07-21 06:00:00,Southern District,0,1
20250721-0701,2025-07-21 06:00:00,Tsuen Wan,0,1
20250721-0701,2025-07-21 06:00:00,Wong Tai Sin,0,1
20250721-0701,2025-07-21 06:00:00,Yau Tsim Mong,0,1
20250721-0701,2025-07-21 06:00:00,Yuen Long,0,1
20250721-0802,2025-07-21 07:00:00,North District,0,1
20250721-0901,2025-07-21 08:00:00,,0,0
20250721-1002,2025-07-21 09:00:00,Islands District,0,9
20250721-1002,2025-07-21 09:00:00,Tuen Mun,0,3
20250721-1002,2025-07-21 09:00:00,Tsuen Wan,0,1
20250721-1102,2025-07-21 10:00:00,Tuen Mun,2,22
20250721-1102,2025-07-21 10:00:00,Islands District,1,8
20250721-1102,2025-07-21 10:00:00,Southern District,1,8
20250721-1102,2025-07-21 10:00:00,Eastern District,1,3
20250721-1102,2025-07-21 10:00:00,Wan Chai,1,3
20250721-1102,2025-07-21 10:00:00,Central & Western District,1,2
20250721-1102,2025-07-21 10:00:00,Kowloon City,1,2
20250721-1102,2025-07-21 10:00:00,Wong Tai Sin,1,2
20250721-1102,2025-07-21 10:00:00,Kwun Tong,1,1
20250721-1102,2025-07-21 10:00:00,Sham Shui Po,1,1
20250721-1102,2025-07-21 10:00:00,Tsuen Wan,0,8
20250721-1102,2025-07-21 10:00:00,Kwai Tsing,0,2
20250721-1102,2025-07-21 10:00:00,Sha Tin,0,2
20250721-1102,2025-07-21 10:00:00,North District,0,1
20250721-1102,2025-07-21 10:00:00,Sai Kung,0,1
20250721-1102,2025-07-21 10:00:00,Tai Po,0,1
20250721-1102,2025-07-21 10:00:00,Yau Tsim Mong,0,1
20250721-1102,2025-07-21 10:00:00,Yuen Long,0,1
20250721-1202,2025-07-21 11:00:00,Kowloon City,9,20
20250721-1202,2025-07-21 11:00:00,Sham Shui Po,4,26
20250721-1202,2025-07-21 11:00:00,Wong Tai Sin,4,17
20250721-1202,2025-07-21 11:00:00,Wan Chai,21,24
20250721-1202,2025-07-21 11:00:00,Tsuen Wan,2,22
20250721-1202,2025-07-21 11:00:00,Yuen Long,2,12
20250721-1202,2025-07-21 11:00:00,Yau Tsim Mong,19,20
20250721-1202,2025-07-21 11:00:00,Kwai Tsing,1,18
20250721-1202,2025-07-21 11:00:00,North District,1,17
20250721-1202,2025-07-21 11:00:00,Sai Kung,0,3
20250721-1202,2025-07-21 11:00:00,Tuen Mun,0,3
20250721-1202,2025-07-21 11:00:00,Tai Po,0,24
20250721-1202,2025-07-21 11:00:00,Eastern District,0,22
20250721-1202,2025-07-21 11:00:00,Kwun Tong,0,2
20250721-1202,2025-07-21 11:00:00,Sha Tin,0,18
20250721-1202,2025-07-21 11:00:00,Southern District,0,18
20250721-1202,2025-07-21 11:00:00,Central & Western District,0,11
20250721-1202,2025-07-21 11:00:00,Islands District,0,1
20250721-1302,2025-07-21 12:00:00,Sai Kung,0,6
20250721-1302,2025-07-21 12:00:00,Islands District,0,5
20250721-1302,2025-07-21 12:00:00,Sha Tin,0,5
20250721-1302,2025-07-21 12:00:00,Tai Po,0,5
20250721-1302,2025-07-21 12:00:00,Kwun Tong,0,2
20250721-1302,2025-07-21 12:00:00,North District,0,2
20250721-1302,2025-07-21 12:00:00,Wong Tai Sin,0,2
20250721-1302,2025-07-21 12:00:00,Central & Western District,0,1
20250721-1302,2025-07-21 12:00:00,Eastern District,0,1
20250721-1302,2025-07-21 12:00:00,Southern District,0,1
20250721-1302,2025-07-21 12:00:00,Tuen Mun,0,1
20250721-1401,2025-07-21 13:00:00,North District,0,7
20250721-1401,2025-07-21 13:00:00,Tai Po,0,5
20250721-1401,2025-07-21 13:00:00,Sai Kung,0,4
20250721-1401,2025-07-21 13:00:00,Islands District,0,3
20250721-1401,2025-07-21 13:00:00,Tuen Mun,0,2
20250721-1401,2025-07-21 13:00:00,Eastern District,0,1
20250721-1401,2025-07-21 13:00:00,Sha Tin,0,1
20250721-1401,2025-07-21 13:00:00,Southern District,0,1
20250721-1502,2025-07-21 14:00:00,Central & Western District,0,3
20250721-1502,2025-07-21 14:00:00,Kwai Tsing,0,3
20250721-1502,2025-07-21 14:00:00,Islands District,0,2
20250721-1502,2025-07-21 14:00:00,Southern District,0,2
20250721-1502,2025-07-21 14:00:00,Tsuen Wan,0,2
20250721-1502,2025-07-21 14:00:00,Eastern District,0,1
20250721-1502,2025-07-21 14:00:00,Kwun Tong,0,1
20250721-1502,2025-07-21 14:00:00,Sai Kung,0,1
20250721-1502,2025-07-21 14:00:00,Tai Po,0,1
20250721-1502,2025-07-21 14:00:00,Tuen Mun,0,1
20250721-1502,2025-07-21 14:00:00,Wan Chai,0,1
20250721-1502,2025-07-21 14:00:00,Yuen Long,0,1
20250721-1602,2025-07-21 15:00:00,Wong Tai Sin,1,4
20250721-1602,2025-07-21 15:00:00,Eastern District,1,2
20250721-1602,2025-07-21 15:00:00,Kwun Tong,1,2
20250721-1602,2025-07-21 15:00:00,Tai Po,0,6
20250721-1602,2025-07-21 15:00:00,Sha Tin,0,5
20250721-1602,2025-07-21 15:00:00,Islands District,0,3
20250721-1602,2025-07-21 15:00:00,North District,0,2
20250721-1602,2025-07-21 15:00:00,Kowloon City,0,1
20250721-1602,2025-07-21 15:00:00,Kwai Tsing,0,1
20250721-1602,2025-07-21 15:00:00,Sai Kung,0,1
20250721-1602,2025-07-21 15:00:00,Southern District,0,1
20250721-1602,2025-07-21 15:00:00,Wan Chai,0,1
20250721-1701,2025-07-21 16:00:00,Eastern District,4,8
20250721-1701,2025-07-21 16:00:00,Wan Chai,4,5
20250721-1701,2025-07-21 16:00:00,Kwun Tong,3,6
20250721-1701,2025-07-21 16:00:00,Central & Western District,3,5
20250721-1701,2025-07-21 16:00:00,Kowloon City,3,4
20250721-1701,2025-07-21 16:00:00,Sham Shui Po,3,4
20250721-1701,2025-07-21 16:00:00,Kwai Tsing,2,4
20250721-1701,2025-07-21 16:00:00,Tsuen Wan,2,4
20250721-1701,2025-07-21 16:00:00,Wong Tai Sin,2,3
20250721-1701,2025-07-21 16:00:00,Yau Tsim Mong,2,3
20250721-1701,2025-07-21 16:00:00,Southern District,2,11
20250721-1701,2025-07-21 16:00:00,North District,0,6
20250721-1701,2025-07-21 16:00:00,Sai Kung,0,5
20250721-1701,2025-07-21 16:00:00,Sha Tin,0,3
20250721-1701,2025-07-21 16:00:00,Tai Po,0,3
20250721-1701,2025-07-21 16:00:00,Yuen Long,0,3
20250721-1701,2025-07-21 16:00:00,Tuen Mun,0,2
20250721-1701,2025-07-21 16:00:00,Islands District,0,13
20250721-1802,2025-07-21 17:00:00,Kwun Tong,8,9
20250721-1802,2025-07-21 17:00:00,Eastern District,8,10
20250721-1802,2025-07-21 17:00:00,Wong Tai Sin,8,10
20250721-1802,2025-07-21 17:00:00,Wan Chai,5,7
20250721-1802,2025-07-21 17:00:00,Kowloon City,4,8
20250721-1802,2025-07-21 17:00:00,Sai Kung,4,14
20250721-1802,2025-07-21 17:00:00,Sha Tin,4,12
20250721-1802,2025-07-21 17:00:00,Tsuen Wan,3,7
20250721-1802,2025-07-21 17:00:00,Central & Western District,3,6
20250721-1802,2025-07-21 17:00:00,Kwai Tsing,3,4
20250721-1802,2025-07-21 17:00:00,Southern District,3,12
20250721-1802,2025-07-21 17:00:00,Sham Shui Po,3,3
20250721-1802,2025-07-21 17:00:00,Yau Tsim Mong,3,3
20250721-1802,2025-07-21 17:00:00,Tai Po,2,11
20250721-1802,2025-07-21 17:00:00,Tuen Mun,1,7
20250721-1802,2025-07-21 17:00:00,Yuen Long,1,4
20250721-1802,2025-07-21 17:00:00,North District,1,10
20250721-1802,2025-07-21 17:00:00,Islands District,0,11
20250721-1902,2025-07-21 18:00:00,Tuen Mun,3,5
20250721-1902,2025-07-21 18:00:00,Central & Western District,1,3
20250721-1902,2025-07-21 18:00:00,Tsuen Wan,1,3
20250721-1902,2025-07-21 18:00:00,Wan Chai,1,3
20250721-1902,2025-07-21 18:00:00,Kowloon City,1,2
20250721-1902,2025-07-21 18:00:00,Sha Tin,1,2
20250721-1902,2025-07-21 18:00:00,Sham Shui Po,1,2
20250721-1902,2025-07-21 18:00:00,Wong Tai Sin,1,2
20250721-1902,2025-07-21 18:00:00,Yau Tsim Mong,1,2
20250721-1902,2025-07-21 18:00:00,Kwai Tsing,1,1
20250721-1902,2025-07-21 18:00:00,Islands District,0,5
20250721-1902,2025-07-21 18:00:00,Yuen Long,0,3
20250721-1902,2025-07-21 18:00:00,Kwun Tong,0,2
20250721-1902,2025-07-21 18:00:00,Southern District,0,2
20250721-1902,2025-07-21 18:00:00,Tai Po,0,2
20250721-1902,2025-07-21 18:00:00,North District,0,10
20250721-1902,2025-07-21 18:00:00,Eastern District,0,1
20250721-1902,2025-07-21 18:00:00,Sai Kung,0,1
20250721-2002,2025-07-21 19:00:00,Central & Western District,2,5
20250721-2002,2025-07-21 19:00:00,Kwai Tsing,1,4
20250721-2002,2025-07-21 19:00:00,Sham Shui Po,1,3
20250721-2002,2025-07-21 19:00:00,Southern District,1,3
20250721-2002,2025-07-21 19:00:00,Wan Chai,1,1
20250721-2002,2025-07-21 19:00:00,Islands District,0,6
20250721-2002,2025-07-21 19:00:00,Tsuen Wan,0,5
20250721-2002,2025-07-21 19:00:00,Sai Kung,0,3
20250721-2002,2025-07-21 19:00:00,Tai Po,0,3
20250721-2002,2025-07-21 19:00:00,Yuen Long,0,3
20250721-2002,2025-07-21 19:00:00,Tuen Mun,0,2
20250721-2002,2025-07-21 19:00:00,Eastern District,0,1
20250721-2002,2025-07-21 19:00:00,Kowloon City,0,1
20250721-2002,2025-07-21 19:00:00,Sha Tin,0,1
20250721-2002,2025-07-21 19:00:00,Yau Tsim Mong,0,1
20250721-2102,2025-07-21 20:00:00,North District,0,6
20250721-2102,2025-07-21 20:00:00,Tai Po,0,6
20250721-2102,2025-07-21 20:00:00,Tsuen Wan,0,2
20250721-2102,2025-07-21 20:00:00,Yuen Long,0,2
20250721-2102,2025-07-21 20:00:00,Central & Western District,0,1
20250721-2102,2025-07-21 20:00:00,Eastern District,0,1
20250721-2102,2025-07-21 20:00:00,Kwai Tsing,0,1
20250721-2102,2025-07-21 20:00:00,Kwun Tong,0,1
20250721-2102,2025-07-21 20:00:00,Sai Kung,0,1
20250721-2102,2025-07-21 20:00:00,Sha Tin,0,1
20250721-2102,2025-07-21 20:00:00,Sham Shui Po,0,1
20250721-2201,2025-07-21 21:00:00,North District,0,4
20250721-2201,2025-07-21 21:00:00,Tai Po,0,3
20250721-2201,2025-07-21 21:00:00,Sai Kung,0,2
20250721-2201,2025-07-21 21:00:00,Sha Tin,0,2
20250721-2201,2025-07-21 21:00:00,Kowloon City,0,1
20250721-2201,2025-07-21 21:00:00,Kwun Tong,0,1
20250721-2201,2025-07-21 21:00:00,Tsuen Wan,0,1
20250721-2201,2025-07-21 21:00:00,Tuen Mun,0,1
20250721-2301,2025-07-21 22:00:00,Tsuen Wan,0,1
20250721-2301,2025-07-21 22:00:00,Tuen Mun,0,1
20250721-2301,2025-07-21 22:00:00,Yuen Long,0,1
20250722-0002,2025-07-21 23:00:00,Islands District,0,7
20250722-0002,2025-07-21 23:00:00,Yuen Long,0,5
20250722-0002,2025-07-21 23:00:00,Tuen Mun,0,4
20250722-0002,2025-07-21 23:00:00,Tsuen Wan,0,2
20250722-0102,2025-07-22 00:00:00,Islands District,0,3
20250722-0102,2025-07-22 00:00:00,Sha Tin,0,2
20250722-0102,2025-07-22 00:00:00,Tuen Mun,0,2
20250722-0102,2025-07-22 00:00:00,Central & Western District,0,1
20250722-0102,2025-07-22 00:00:00,Kowloon City,0,1
20250722-0102,2025-07-22 00:00:00,Kwai Tsing,0,1
20250722-0102,2025-07-22 00:00:00,Sai Kung,0,1
20250722-0102,2025-07-22 00:00:00,Tai Po,0,1
20250722-0102,2025-07-22 00:00:00,Tsuen Wan,0,1
20250722-0102,2025-07-22 00:00:00,Yuen Long,0,1
20250722-0202,2025-07-22 01:00:00,Tuen Mun,1,5
20250722-0202,2025-07-22 01:00:00,Yuen Long,0,5
20250722-0202,2025-07-22 01:00:00,Islands District,0,4
20250722-0202,2025-07-22 01:00:00,Sai Kung,0,3
20250722-0202,2025-07-22 01:00:00,Tai Po,0,2
20250722-0202,2025-07-22 01:00:00,Eastern District,0,1
20250722-0202,2025-07-22 01:00:00,Kwun Tong,0,1
20250722-0202,2025-07-22 01:00:00,North District,0,1
20250722-0202,2025-07-22 01:00:00,Sha Tin,0,1
20250722-0202,2025-07-22 01:00:00,Southern District,0,1
20250722-0202,2025-07-22 01:00:00,Wong Tai Sin,0,1
20250722-0301,2025-07-22 02:00:00,,0,0
20250722-0402,2025-07-22 03:00:00,North District,0,1
20250722-0402,2025-07-22 03:00:00,Tai Po,0,1
20250722-0402,2025-07-22 03:00:00,Tuen Mun,0,1
20250722-0502,2025-07-22 04:00:00,North District,0,1
20250722-0502,2025-07-22 04:00:00,Sha Tin,0,1
20250722-0502,2025-07-22 04:00:00,Tuen Mun,0,1
20250722-0602,2025-07-22 05:00:00,Tuen Mun,0,6
20250722-0702,2025-07-22 06:00:00,Tuen Mun,0,5
20250722-0702,2025-07-22 06:00:00,Yuen Long,0,1
20250722-0802,2025-07-22 07:00:00,Tuen Mun,0,1
20250722-0901,2025-07-22 08:00:00,Tuen Mun,0,6
20250722-1002,2025-07-22 09:00:00,,0,0
20250722-1102,2025-07-22 10:00:00,,0,0
20250722-1202,2025-07-22 11:00:00,Tai Po,0,1
20250722-1301,2025-07-22 12:00:00,North District,0,4
20250722-1301,2025-07-22 12:00:00,Tai Po,0,1
20250722-1402,2025-07-22 13:00:00,North District,0,2
20250722-1502,2025-07-22 14:00:00,North District,0,3
20250722-1502,2025-07-22 14:00:00,Tai Po,0,3
20250722-1502,2025-07-22 14:00:00,Sai Kung,0,1
20250722-1601,2025-07-22 15:00:00,Kwun Tong,7,16
20250722-1601,2025-07-22 15:00:00,Wong Tai Sin,0,6
20250722-1601,2025-07-22 15:00:00,Sai Kung,0,37
20250722-1601,2025-07-22 15:00:00,Tai Po,0,20
20250722-1601,2025-07-22 15:00:00,North District,0,12
20250722-1601,2025-07-22 15:00:00,Sha Tin,0,12
20250722-1601,2025-07-22 15:00:00,Eastern District,0,1
20250722-1601,2025-07-22 15:00:00,Kowloon City,0,1
20250722-1701,2025-07-22 16:00:00,Wong Tai Sin,1,14
20250722-1701,2025-07-22 16:00:00,Kwun Tong,0,6
20250722-1701,2025-07-22 16:00:00,Tai Po,0,36
20250722-1701,2025-07-22 16:00:00,Sha Tin,0,27
20250722-1701,2025-07-22 16:00:00,North District,0,15
20250722-1802,2025-07-22 17:00:00,Sha Tin,0,4
20250722-1802,2025-07-22 17:00:00,Tai Po,0,3
20250722-1802,2025-07-22 17:00:00,North District,0,13
20250722-1802,2025-07-22 17:00:00,Sai Kung,0,1
20250722-1902,2025-07-22 18:00:00,Sha Tin,0,9
20250722-1902,2025-07-22 18:00:00,Wong Tai Sin,0,6
20250722-1902,2025-07-22 18:00:00,North District,0,3
20250722-1902,2025-07-22 18:00:00,Tai Po,0,10
20250722-1902,2025-07-22 18:00:00,Kwun Tong,0,1
20250722-2002,2025-07-22 19:00:00,Eastern District,9,11
20250722-2002,2025-07-22 19:00:00,Wan Chai,5,9
20250722-2002,2025-07-22 19:00:00,Wong Tai Sin,5,7
20250722-2002,2025-07-22 19:00:00,Kowloon City,3,5
20250722-2002,2025-07-22 19:00:00,Kwun Tong,3,4
20250722-2002,2025-07-22 19:00:00,Sham Shui Po,2,5
20250722-2002,2025-07-22 19:00:00,Yau Tsim Mong,2,3
20250722-2002,2025-07-22 19:00:00,Southern District,1,13
20250722-2002,2025-07-22 19:00:00,Central & Western District,0,6
20250722-2002,2025-07-22 19:00:00,Sha Tin,0,6
20250722-2002,2025-07-22 19:00:00,North District,0,4
20250722-2002,2025-07-22 19:00:00,Kwai Tsing,0,3
20250722-2002,2025-07-22 19:00:00,Sai Kung,0,3
20250722-2002,2025-07-22 19:00:00,Tsuen Wan,0,2
20250722-2002,2025-07-22 19:00:00,Tai Po,0,17
20250722-2002,2025-07-22 19:00:00,Islands District,0,12
20250722-2002,2025-07-22 19:00:00,Tuen Mun,0,1
20250722-2002,2025-07-22 19:00:00,Yuen Long,0,1
20250722-2101,2025-07-22 20:00:00,Sham Shui Po,9,11
20250722-2101,2025-07-22 20:00:00,Central & Western District,6,30
20250722-2101,2025-07-22 20:00:00,Kwai Tsing,5,12
20250722-2101,2025-07-22 20:00:00,Wan Chai,23,26
20250722-2101,2025-07-22 20:00:00,Southern District,19,29
20250722-2101,2025-07-22 20:00:00,Yau Tsim Mong,12,14
20250722-2101,2025-07-22 20:00:00,Eastern District,11,27
20250722-2101,2025-07-22 20:00:00,Kwun Tong,10,14
20250722-2101,2025-07-22 20:00:00,Kowloon City,10,13
20250722-2101,2025-07-22 20:00:00,Wong Tai Sin,10,11
20250722-2101,2025-07-22 20:00:00,North District,0,37
20250722-2101,2025-07-22 20:00:00,Islands District,0,30
20250722-2101,2025-07-22 20:00:00,Yuen Long,0,28
20250722-2101,2025-07-22 20:00:00,Tai Po,0,17
20250722-2101,2025-07-22 20:00:00,Sha Tin,0,15
20250722-2101,2025-07-22 20:00:00,Sai Kung,0,12
20250722-2101,2025-07-22 20:00:00,Tsuen Wan,0,12
20250722-2202,2025-07-22 21:00:00,Southern District,9,35
20250722-2202,2025-07-22 21:00:00,Kwai Tsing,9,20
20250722-2202,2025-07-22 21:00:00,Tsuen Wan,7,16
20250722-2202,2025-07-22 21:00:00,Wong Tai Sin,6,14
20250722-2202,2025-07-22 21:00:00,Kowloon City,5,19
20250722-2202,2025-07-22 21:00:00,Sha Tin,4,17
20250722-2202,2025-07-22 21:00:00,Kwun Tong,2,4
20250722-2202,2025-07-22 21:00:00,Yau Tsim Mong,19,20
20250722-2202,2025-07-22 21:00:00,Wan Chai,17,29
20250722-2202,2025-07-22 21:00:00,Sham Shui Po,16,21
20250722-2202,2025-07-22 21:00:00,Central & Western District,12,29
20250722-2202,2025-07-22 21:00:00,Yuen Long,1,10
20250722-2202,2025-07-22 21:00:00,North District,0,29
20250722-2202,2025-07-22 21:00:00,Islands District,0,23
20250722-2202,2025-07-22 21:00:00,Tai Po,0,18
20250722-2202,2025-07-22 21:00:00,Eastern District,0,11
20250722-2202,2025-07-22 21:00:00,Tuen Mun,0,11
20250722-2202,2025-07-22 21:00:00,Sai Kung,0,10
20250722-2302,2025-07-22 22:00:00,Wan Chai,36,44
20250722-2302,2025-07-22 22:00:00,Yau Tsim Mong,31,41
20250722-2302,2025-07-22 22:00:00,Southern District,3,24
20250722-2302,2025-07-22 22:00:00,Sha Tin,3,21
20250722-2302,2025-07-22 22:00:00,Sham Shui Po,22,29
20250722-2302,2025-07-22 22:00:00,Eastern District,19,51
20250722-2302,2025-07-22 22:00:00,Wong Tai Sin,19,25
20250722-2302,2025-07-22 22:00:00,Kowloon City,18,33
20250722-2302,2025-07-22 22:00:00,Kwun Tong,17,24
20250722-2302,2025-07-22 22:00:00,Central & Western District,14,39
20250722-2302,2025-07-22 22:00:00,Kwai Tsing,11,25
20250722-2302,2025-07-22 22:00:00,Tsuen Wan,1,13
20250722-2302,2025-07-22 22:00:00,Yuen Long,0,9
20250722-2302,2025-07-22 22:00:00,Tai Po,0,7
20250722-2302,2025-07-22 22:00:00,Tuen Mun,0,6
20250722-2302,2025-07-22 22:00:00,North District,0,26
20250722-2302,2025-07-22 22:00:00,Sai Kung,0,26
20250722-2302,2025-07-22 22:00:00,Islands District,0,14
20250723-0002,2025-07-22 23:00:00,Yau Tsim Mong,6,9
20250723-0002,2025-07-22 23:00:00,Central & Western District,5,23
20250723-0002,2025-07-22 23:00:00,Kwai Tsing,22,37
20250723-0002,2025-07-22 23:00:00,Tsuen Wan,16,36
20250723-0002,2025-07-22 23:00:00,Sham Shui Po,15,32
20250723-0002,2025-07-22 23:00:00,Wong Tai Sin,1,7
20250723-0002,2025-07-22 23:00:00,Sha Tin,1,14
20250723-0002,2025-07-22 23:00:00,Islands District,0,9
20250723-0002,2025-07-22 23:00:00,Kowloon City,0,8
20250723-0002,2025-07-22 23:00:00,Kwun Tong,0,4
20250723-0002,2025-07-22 23:00:00,Yuen Long,0,32
20250723-0002,2025-07-22 23:00:00,Tai Po,0,31
20250723-0002,2025-07-22 23:00:00,Sai Kung,0,3
20250723-0002,2025-07-22 23:00:00,Wan Chai,0,3
20250723-0002,2025-07-22 23:00:00,North District,0,20
20250723-0002,2025-07-22 23:00:00,Tuen Mun,0,17
20250723-0002,2025-07-22 23:00:00,Southern District,0,16
20250723-0102,2025-07-23 00:00:00,Central & Western District,2,5
20250723-0102,2025-07-23 00:00:00,Tuen Mun,2,13
20250723-0102,2025-07-23 00:00:00,Kwai Tsing,1,2
20250723-0102,2025-07-23 00:00:00,Yuen Long,1,13
20250723-0102,2025-07-23 00:00:00,Southern District,0,8
20250723-0102,2025-07-23 00:00:00,Tsuen Wan,0,7
20250723-0102,2025-07-23 00:00:00,Tai Po,0,6
20250723-0102,2025-07-23 00:00:00,Sha Tin,0,5
20250723-0102,2025-07-23 00:00:00,Wong Tai Sin,0,5
20250723-0102,2025-07-23 00:00:00,Islands District,0,4
20250723-0102,2025-07-23 00:00:00,North District,0,2
20250723-0102,2025-07-23 00:00:00,Sai Kung,0,2
20250723-0102,2025-07-23 00:00:00,Sham Shui Po,0,2
20250723-0102,2025-07-23 00:00:00,Eastern District,0,1
20250723-0102,2025-07-23 00:00:00,Kowloon City,0,1
20250723-0102,2025-07-23 00:00:00,Kwun Tong,0,1
20250723-0102,2025-07-23 00:00:00,Yau Tsim Mong,0,1
20250723-0202,2025-07-23 01:00:00,Kwun Tong,2,4
20250723-0202,2025-07-23 01:00:00,Wong Tai Sin,1,4
20250723-0202,2025-07-23 01:00:00,Islands District,0,7
20250723-0202,2025-07-23 01:00:00,Central & Western District,0,4
20250723-0202,2025-07-23 01:00:00,Sai Kung,0,4
20250723-0202,2025-07-23 01:00:00,Sha Tin,0,4
20250723-0202,2025-07-23 01:00:00,Tsuen Wan,0,4
20250723-0202,2025-07-23 01:00:00,Tuen Mun,0,3
20250723-0202,2025-07-23 01:00:00,Kwai Tsing,0,2
20250723-0202,2025-07-23 01:00:00,Yuen Long,0,2
20250723-0202,2025-07-23 01:00:00,Kowloon City,0,1
20250723-0202,2025-07-23 01:00:00,North District,0,1
20250723-0202,2025-07-23 01:00:00,Tai Po,0,1
20250723-0302,2025-07-23 02:00:00,Tsuen Wan,0,8
20250723-0302,2025-07-23 02:00:00,Islands District,0,5
20250723-0302,2025-07-23 02:00:00,Yuen Long,0,4
20250723-0302,2025-07-23 02:00:00,Southern District,0,2
20250723-0302,2025-07-23 02:00:00,Tai Po,0,2
20250723-0302,2025-07-23 02:00:00,Central & Western District,0,1
20250723-0302,2025-07-23 02:00:00,Kwai Tsing,0,1
20250723-0302,2025-07-23 02:00:00,Sha Tin,0,1
20250723-0402,2025-07-23 03:00:00,Sha Tin,0,5
20250723-0402,2025-07-23 03:00:00,Wong Tai Sin,0,5
20250723-0402,2025-07-23 03:00:00,Sai Kung,0,4
20250723-0402,2025-07-23 03:00:00,Tai Po,0,4
20250723-0402,2025-07-23 03:00:00,Islands District,0,3
20250723-0402,2025-07-23 03:00:00,North District,0,3
20250723-0402,2025-07-23 03:00:00,Kwun Tong,0,1
20250723-0502,2025-07-23 04:00:00,Kwun Tong,2,4
20250723-0502,2025-07-23 04:00:00,Wong Tai Sin,1,4
20250723-0502,2025-07-23 04:00:00,Sai Kung,0,7
20250723-0502,2025-07-23 04:00:00,Sha Tin,0,5
20250723-0502,2025-07-23 04:00:00,North District,0,3
20250723-0502,2025-07-23 04:00:00,Tai Po,0,2
20250723-0502,2025-07-23 04:00:00,Yuen Long,0,2
20250723-0502,2025-07-23 04:00:00,Kowloon City,0,1
20250723-0502,2025-07-23 04:00:00,Kwai Tsing,0,1
20250723-0502,2025-07-23 04:00:00,Tsuen Wan,0,1
20250723-0502,2025-07-23 04:00:00,Yau Tsim Mong,0,1
20250723-0602,2025-07-23 05:00:00,Sha Tin,0,4
20250723-0602,2025-07-23 05:00:00,Wong Tai Sin,0,3
20250723-0602,2025-07-23 05:00:00,Tai Po,0,2
20250723-0602,2025-07-23 05:00:00,Kwai Tsing,0,1
20250723-0602,2025-07-23 05:00:00,North District,0,1
20250723-0602,2025-07-23 05:00:00,Sham Shui Po,0,1
20250723-0602,2025-07-23 05:00:00,Tsuen Wan,0,1
20250723-0602,2025-07-23 05:00:00,Yuen Long,0,1
20250723-0701,2025-07-23 06:00:00,Sai Kung,0,7
20250723-0701,2025-07-23 06:00:00,Islands District,0,2
20250723-0701,2025-07-23 06:00:00,Eastern District,0,1
20250723-0701,2025-07-23 06:00:00,North District,0,1
20250723-0802,2025-07-23 07:00:00,Kwun Tong,2,5
20250723-0802,2025-07-23 07:00:00,Kowloon City,2,3
20250723-0802,2025-07-23 07:00:00,Eastern District,1,4
20250723-0802,2025-07-23 07:00:00,Kwai Tsing,1,4
20250723-0802,2025-07-23 07:00:00,Wong Tai Sin,1,3
20250723-0802,2025-07-23 07:00:00,Sham Shui Po,1,2
20250723-0802,2025-07-23 07:00:00,Yau Tsim Mong,1,2
20250723-0802,2025-07-23 07:00:00,Sai Kung,0,6
20250723-0802,2025-07-23 07:00:00,Sha Tin,0,4
20250723-0802,2025-07-23 07:00:00,Tsuen Wan,0,4
20250723-0802,2025-07-23 07:00:00,Tai Po,0,2
20250723-0802,2025-07-23 07:00:00,Yuen Long,0,2
20250723-0802,2025-07-23 07:00:00,Central & Western District,0,1
20250723-0802,2025-07-23 07:00:00,Southern District,0,1
20250723-0802,2025-07-23 07:00:00,Tuen Mun,0,1
20250723-0802,2025-07-23 07:00:00,Wan Chai,0,1
20250723-0902,2025-07-23 08:00:00,Yuen Long,0,3
20250723-0902,2025-07-23 08:00:00,Islands District,0,2
20250723-1001,2025-07-23 09:00:00,Islands District,0,1
20250723-1102,2025-07-23 10:00:00,,0,0
20250723-1202,2025-07-23 11:00:00,,0,0
20250723-1301,2025-07-23 12:00:00,,0,0
20250723-1401,2025-07-23 13:00:00,Tuen Mun,0,1
20250723-1502,2025-07-23 14:00:00,,0,0
20250723-1602,2025-07-23 15:00:00,,0,0
20250723-1701,2025-07-23 16:00:00,,0,0
20250723-1802,2025-07-23 17:00:00,,0,0
20250723-1902,2025-07-23 18:00:00,,0,0
20250723-2002,2025-07-23 19:00:00,,0,0
20250723-2101,2025-07-23 20:00:00,,0,0
20250723-2201,2025-07-23 21:00:00,,0,0
20250723-2301,2025-07-23 22:00:00,,0,0
20250724-0001,2025-07-23 23:00:00,,0,0
20250724-0101,2025-07-24 00:00:00,,0,0
20250724-0202,2025-07-24 01:00:00,,0,0
20250724-0302,2025-07-24 02:00:00,,0,0
20250724-0402,2025-07-24 03:00:00,,0,0
20250724-0502,2025-07-24 04:00:00,,0,0
20250724-0601,2025-07-24 05:00:00,,0,0
20250724-0702,2025-07-24 06:00:00,,0,0
20250724-0801,2025-07-24 07:00:00,,0,0
20250724-0902,2025-07-24 08:00:00,,0,0
20250724-1001,2025-07-24 09:00:00,,0,0
20250724-1102,2025-07-24 10:00:00,,0,0
20250724-1201,2025-07-24 11:00:00,,0,0
20250724-1301,2025-07-24 12:00:00,,0,0
20250724-1401,2025-07-24 13:00:00,Southern District,0,4
20250724-1502,2025-07-24 14:00:00,Yuen Long,0,5
20250724-1502,2025-07-24 14:00:00,Tsuen Wan,0,4
20250724-1502,2025-07-24 14:00:00,Tai Po,0,1
20250724-1502,2025-07-24 14:00:00,Tuen Mun,0,1
20250724-1602,2025-07-24 15:00:00,,0,0
20250724-1702,2025-07-24 16:00:00,,0,0
20250724-1802,2025-07-24 17:00:00,Tsuen Wan,4,9
20250724-1802,2025-07-24 17:00:00,Kwai Tsing,0,7
20250724-1802,2025-07-24 17:00:00,Sha Tin,0,3
20250724-1802,2025-07-24 17:00:00,Sham Shui Po,0,3
20250724-1802,2025-07-24 17:00:00,Tai Po,0,28
20250724-1802,2025-07-24 17:00:00,North District,0,2
20250724-1802,2025-07-24 17:00:00,Yuen Long,0,15
20250724-1802,2025-07-24 17:00:00,Islands District,0,1
20250724-1802,2025-07-24 17:00:00,Tuen Mun,0,1
20250724-1902,2025-07-24 18:00:00,Islands District,0,7
20250724-1902,2025-07-24 18:00:00,Tuen Mun,0,6
20250724-1902,2025-07-24 18:00:00,Tsuen Wan,0,2
20250724-1902,2025-07-24 18:00:00,Central & Western District,0,1
20250724-2002,2025-07-24 19:00:00,North District,0,2
20250724-2102,2025-07-24 20:00:00,Tuen Mun,0,2
20250724-2201,2025-07-24 21:00:00,,0,0
20250724-2302,2025-07-24 22:00:00,,0,0
20250725-0001,2025-07-24 23:00:00,,0,0
20250725-0102,2025-07-25 00:00:00,,0,0
20250725-0201,2025-07-25 01:00:00,Sai Kung,0,1
20250725-0302,2025-07-25 02:00:00,,0,0
20250725-0402,2025-07-25 03:00:00,,0,0
20250725-0502,2025-07-25 04:00:00,,0,0
20250725-0602,2025-07-25 05:00:00,,0,0
20250725-0701,2025-07-25 06:00:00,,0,0
20250725-0802,2025-07-25 07:00:00,,0,0
20250725-0902,2025-07-25 08:00:00,,0,0
20250725-1001,2025-07-25 09:00:00,,0,0
20250725-1101,2025-07-25 10:00:00,,0,0
20250725-1202,2025-07-25 11:00:00,,0,0
20250725-1301,2025-07-25 12:00:00,,0,0
20250725-1402,2025-07-25 13:00:00,,0,0
20250725-1501,2025-07-25 14:00:00,,0,0
20250725-1601,2025-07-25 15:00:00,Sham Shui Po,1,5
20250725-1601,2025-07-25 15:00:00,Southern District,0,6
20250725-1601,2025-07-25 15:00:00,Central & Western District,0,5
20250725-1601,2025-07-25 15:00:00,Sha Tin,0,5
20250725-1601,2025-07-25 15:00:00,Wan Chai,0,4
20250725-1601,2025-07-25 15:00:00,Kwai Tsing,0,3
20250725-1601,2025-07-25 15:00:00,Kowloon City,0,2
20250725-1601,2025-07-25 15:00:00,North District,0,2
20250725-1601,2025-07-25 15:00:00,Tai Po,0,2
20250725-1601,2025-07-25 15:00:00,Yuen Long,0,11
20250725-1701,2025-07-25 16:00:00,Yuen Long,0,9
20250725-1701,2025-07-25 16:00:00,Tsuen Wan,0,7
20250725-1701,2025-07-25 16:00:00,Kwai Tsing,0,3
20250725-1701,2025-07-25 16:00:00,Sha Tin,0,3
20250725-1701,2025-07-25 16:00:00,Tai Po,0,2
20250725-1701,2025-07-25 16:00:00,North District,0,10
20250725-1802,2025-07-25 17:00:00,,0,0
20250725-1902,2025-07-25 18:00:00,,0,0
20250725-2002,2025-07-25 19:00:00,Tai Po,0,9
20250725-2002,2025-07-25 19:00:00,Sai Kung,0,30
20250725-2002,2025-07-25 19:00:00,Sha Tin,0,2
20250725-2002,2025-07-25 19:00:00,North District,0,12
20250725-2101,2025-07-25 20:00:00,Eastern District,8,18
20250725-2101,2025-07-25 20:00:00,North District,7,25
20250725-2101,2025-07-25 20:00:00,Sai Kung,4,85
20250725-2101,2025-07-25 20:00:00,Tai Po,3,53
20250725-2101,2025-07-25 20:00:00,Southern District,3,22
20250725-2101,2025-07-25 20:00:00,Sha Tin,29,46
20250725-2101,2025-07-25 20:00:00,Kowloon City,29,41
20250725-2101,2025-07-25 20:00:00,Wong Tai Sin,27,44
20250725-2101,2025-07-25 20:00:00,Yau Tsim Mong,26,33
20250725-2101,2025-07-25 20:00:00,Sham Shui Po,24,36
20250725-2101,2025-07-25 20:00:00,Kwun Tong,22,42
20250725-2101,2025-07-25 20:00:00,Kwai Tsing,2,21
20250725-2101,2025-07-25 20:00:00,Central & Western District,18,38
20250725-2101,2025-07-25 20:00:00,Wan Chai,12,26
20250725-2101,2025-07-25 20:00:00,Islands District,0,8
20250725-2101,2025-07-25 20:00:00,Yuen Long,0,18
20250725-2101,2025-07-25 20:00:00,Tsuen Wan,0,11
20250725-2202,2025-07-25 21:00:00,Tsuen Wan,8,32
20250725-2202,2025-07-25 21:00:00,Central & Western District,8,15
20250725-2202,2025-07-25 21:00:00,Wan Chai,7,11
20250725-2202,2025-07-25 21:00:00,Sham Shui Po,6,8
20250725-2202,2025-07-25 21:00:00,Wong Tai Sin,4,6
20250725-2202,2025-07-25 21:00:00,Sha Tin,4,10
20250725-2202,2025-07-25 21:00:00,Kowloon City,3,6
20250725-2202,2025-07-25 21:00:00,Yau Tsim Mong,3,4
20250725-2202,2025-07-25 21:00:00,Eastern District,2,8
20250725-2202,2025-07-25 21:00:00,Kwun Tong,2,8
20250725-2202,2025-07-25 21:00:00,Kwai Tsing,13,17
20250725-2202,2025-07-25 21:00:00,Yuen Long,1,23
20250725-2202,2025-07-25 21:00:00,Southern District,1,12
20250725-2202,2025-07-25 21:00:00,Sai Kung,0,5
20250725-2202,2025-07-25 21:00:00,Tuen Mun,0,30
20250725-2202,2025-07-25 21:00:00,Islands District,0,26
20250725-2202,2025-07-25 21:00:00,Tai Po,0,16
20250725-2202,2025-07-25 21:00:00,North District,0,13
20250725-2301,2025-07-25 22:00:00,Eastern District,1,1
20250725-2301,2025-07-25 22:00:00,Kwun Tong,1,1
20250725-2301,2025-07-25 22:00:00,Wan Chai,1,1
20250725-2301,2025-07-25 22:00:00,Islands District,0,2
20250725-2301,2025-07-25 22:00:00,Central & Western District,0,1
20250725-2301,2025-07-25 22:00:00,Kowloon City,0,1
20250725-2301,2025-07-25 22:00:00,Sai Kung,0,1
20250725-2301,2025-07-25 22:00:00,Southern District,0,1
20250725-2301,2025-07-25 22:00:00,Tai Po,0,1
20250725-2301,2025-07-25 22:00:00,Wong Tai Sin,0,1
20250726-0002,2025-07-25 23:00:00,,0,0
20250726-0102,2025-07-26 00:00:00,,0,0
20250726-0202,2025-07-26 01:00:00,Sai Kung,0,1
20250726-0301,2025-07-26 02:00:00,,0,0
20250726-0402,2025-07-26 03:00:00,,0,0
20250726-0502,2025-07-26 04:00:00,,0,0
20250726-0601,2025-07-26 05:00:00,,0,0
20250726-0702,2025-07-26 06:00:00,,0,0
20250726-0802,2025-07-26 07:00:00,,0,0
20250726-0901,2025-07-26 08:00:00,,0,0
20250726-1001,2025-07-26 09:00:00,,0,0
20250726-1101,2025-07-26 10:00:00,,0,0
20250726-1202,2025-07-26 11:00:00,,0,0
20250726-1301,2025-07-26 12:00:00,,0,0
20250726-1401,2025-07-26 13:00:00,,0,0
20250726-1501,2025-07-26 14:00:00,,0,0
20250726-1601,2025-07-26 15:00:00,,0,0
20250726-1701,2025-07-26 16:00:00,,0,0
20250726-1801,2025-07-26 17:00:00,,0,0
20250726-1902,2025-07-26 18:00:00,,0,0
20250726-2002,2025-07-26 19:00:00,,0,0
20250726-2101,2025-07-26 20:00:00,,0,0
20250726-2202,2025-07-26 21:00:00,,0,0
20250726-2302,2025-07-26 22:00:00,,0,0
20250727-0001,2025-07-26 23:00:00,,0,0
20250727-0102,2025-07-27 00:00:00,,0,0
20250727-0202,2025-07-27 01:00:00,,0,0
20250727-0302,2025-07-27 02:00:00,,0,0
20250727-0401,2025-07-27 03:00:00,,0,0
20250727-0502,2025-07-27 04:00:00,,0,0
20250727-0601,2025-07-27 05:00:00,,0,0
20250727-0702,2025-07-27 06:00:00,,0,0
20250727-0801,2025-07-27 07:00:00,,0,0
20250727-0901,2025-07-27 08:00:00,,0,0
20250727-1001,2025-07-27 09:00:00,,0,0
20250727-1101,2025-07-27 10:00:00,,0,0
20250727-1202,2025-07-27 11:00:00,,0,0
20250727-1301,2025-07-27 12:00:00,,0,0
20250727-1401,2025-07-27 13:00:00,,0,0
20250727-1501,2025-07-27 14:00:00,,0,0
20250727-1601,2025-07-27 15:00:00,,0,0
20250727-1701,2025-07-27 16:00:00,,0,0
20250727-1802,2025-07-27 17:00:00,,0,0
20250727-1902,2025-07-27 18:00:00,,0,0
20250727-2002,2025-07-27 19:00:00,,0,0
20250727-2102,2025-07-27 20:00:00,,0,0
20250727-2202,2025-07-27 21:00:00,,0,0
20250727-2302,2025-07-27 22:00:00,,0,0
20250728-0001,2025-07-27 23:00:00,,0,0
20250728-0102,2025-07-28 00:00:00,,0,0
20250728-0202,2025-07-28 01:00:00,,0,0
20250728-0301,2025-07-28 02:00:00,,0,0
20250728-0402,2025-07-28 03:00:00,,0,0
20250728-0501,2025-07-28 04:00:00,,0,0
20250728-0601,2025-07-28 05:00:00,,0,0
20250728-0702,2025-07-28 06:00:00,,0,0
20250728-0802,2025-07-28 07:00:00,,0,0
20250728-0902,2025-07-28 08:00:00,,0,0
20250728-1002,2025-07-28 09:00:00,,0,0
20250728-1102,2025-07-28 10:00:00,,0,0
20250728-1202,2025-07-28 11:00:00,,0,0
20250728-1301,2025-07-28 12:00:00,,0,0
20250728-1401,2025-07-28 13:00:00,,0,0
20250728-1501,2025-07-28 14:00:00,,0,0
20250728-1601,2025-07-28 15:00:00,,0,0
20250728-1701,2025-07-28 16:00:00,,0,0
20250728-1801,2025-07-28 17:00:00,Tai Po,0,5
20250728-1801,2025-07-28 17:00:00,Sha Tin,0,2
20250728-1801,2025-07-28 17:00:00,North District,0,1
20250728-1901,2025-07-28 18:00:00,Sha Tin,0,7
20250728-1901,2025-07-28 18:00:00,Islands District,0,6
20250728-1901,2025-07-28 18:00:00,Kowloon City,0,5
20250728-1901,2025-07-28 18:00:00,Wong Tai Sin,0,3
20250728-1901,2025-07-28 18:00:00,Sai Kung,0,2
20250728-1901,2025-07-28 18:00:00,Tsuen Wan,0,1
20250728-1901,2025-07-28 18:00:00,Tuen Mun,0,1
20250728-2002,2025-07-28 19:00:00,Islands District,0,7
20250728-2002,2025-07-28 19:00:00,Central & Western District,0,3
20250728-2002,2025-07-28 19:00:00,Southern District,0,14
20250728-2102,2025-07-28 20:00:00,Islands District,0,7
20250728-2102,2025-07-28 20:00:00,Southern District,0,4
20250728-2202,2025-07-28 21:00:00,North District,0,13
20250728-2202,2025-07-28 21:00:00,Yuen Long,0,1
20250728-2301,2025-07-28 22:00:00,Tai Po,0,5
20250728-2301,2025-07-28 22:00:00,North District,0,3
20250728-2301,2025-07-28 22:00:00,Tsuen Wan,0,2
20250728-2301,2025-07-28 22:00:00,Yuen Long,0,2
20250728-2301,2025-07-28 22:00:00,Islands District,0,1
20250729-0002,2025-07-28 23:00:00,Kwai Tsing,1,1
20250729-0002,2025-07-28 23:00:00,Sha Tin,1,1
20250729-0002,2025-07-28 23:00:00,Sham Shui Po,1,1
20250729-0002,2025-07-28 23:00:00,Tai Po,0,2
20250729-0002,2025-07-28 23:00:00,Central & Western District,0,1
20250729-0002,2025-07-28 23:00:00,Islands District,0,1
20250729-0002,2025-07-28 23:00:00,Kowloon City,0,1
20250729-0002,2025-07-28 23:00:00,Kwun Tong,0,1
20250729-0002,2025-07-28 23:00:00,Sai Kung,0,1
20250729-0002,2025-07-28 23:00:00,Southern District,0,1
20250729-0002,2025-07-28 23:00:00,Tsuen Wan,0,1
20250729-0002,2025-07-28 23:00:00,Wong Tai Sin,0,1
20250729-0102,2025-07-29 00:00:00,,0,0
20250729-0202,2025-07-29 01:00:00,,0,0
20250729-0301,2025-07-29 02:00:00,,0,0
20250729-0402,2025-07-29 03:00:00,,0,0
20250729-0502,2025-07-29 04:00:00,Sham Shui Po,5,9
20250729-0502,2025-07-29 04:00:00,Yau Tsim Mong,1,7
20250729-0502,2025-07-29 04:00:00,Southern District,0,7
20250729-0502,2025-07-29 04:00:00,Eastern District,0,6
20250729-0502,2025-07-29 04:00:00,Wong Tai Sin,0,3
20250729-0502,2025-07-29 04:00:00,Central & Western District,0,2
20250729-0502,2025-07-29 04:00:00,Islands District,0,2
20250729-0502,2025-07-29 04:00:00,Kowloon City,0,2
20250729-0502,2025-07-29 04:00:00,Tsuen Wan,0,16
20250729-0502,2025-07-29 04:00:00,Kwai Tsing,0,13
20250729-0502,2025-07-29 04:00:00,Sha Tin,0,10
20250729-0601,2025-07-29 05:00:00,Eastern District,7,16
20250729-0601,2025-07-29 05:00:00,Kowloon City,7,16
20250729-0601,2025-07-29 05:00:00,Yau Tsim Mong,4,7
20250729-0601,2025-07-29 05:00:00,Wan Chai,2,5
20250729-0601,2025-07-29 05:00:00,Wong Tai Sin,14,18
20250729-0601,2025-07-29 05:00:00,Kwun Tong,12,17
20250729-0601,2025-07-29 05:00:00,Southern District,1,7
20250729-0601,2025-07-29 05:00:00,Central & Western District,0,5
20250729-0601,2025-07-29 05:00:00,Kwai Tsing,0,4
20250729-0601,2025-07-29 05:00:00,Tsuen Wan,0,4
20250729-0601,2025-07-29 05:00:00,Islands District,0,28
20250729-0601,2025-07-29 05:00:00,Sai Kung,0,22
20250729-0601,2025-07-29 05:00:00,Sha Tin,0,13
20250729-0601,2025-07-29 05:00:00,Sham Shui Po,0,1
20250729-0701,2025-07-29 06:00:00,Southern District,2,9
20250729-0701,2025-07-29 06:00:00,Wan Chai,2,4
20250729-0701,2025-07-29 06:00:00,Eastern District,2,12
20250729-0701,2025-07-29 06:00:00,Central & Western District,1,5
20250729-0701,2025-07-29 06:00:00,Islands District,0,8
20250729-0701,2025-07-29 06:00:00,Yau Tsim Mong,0,4
20250729-0701,2025-07-29 06:00:00,Kowloon City,0,2
20250729-0701,2025-07-29 06:00:00,Kwun Tong,0,13
20250729-0701,2025-07-29 06:00:00,Sai Kung,0,12
20250729-0701,2025-07-29 06:00:00,Sha Tin,0,1
20250729-0802,2025-07-29 07:00:00,Islands District,0,9
20250729-0802,2025-07-29 07:00:00,Sai Kung,0,3
20250729-0902,2025-07-29 08:00:00,Kwun Tong,6,25
20250729-0902,2025-07-29 08:00:00,Kowloon City,2,17
20250729-0902,2025-07-29 08:00:00,Yau Tsim Mong,12,19
20250729-0902,2025-07-29 08:00:00,Eastern District,1,8
20250729-0902,2025-07-29 08:00:00,Wong Tai Sin,1,8
20250729-0902,2025-07-29 08:00:00,Wan Chai,1,2
20250729-0902,2025-07-29 08:00:00,Sham Shui Po,1,17
20250729-0902,2025-07-29 08:00:00,Central & Western District,1,15
20250729-0902,2025-07-29 08:00:00,Kwai Tsing,0,5
20250729-0902,2025-07-29 08:00:00,Southern District,0,5
20250729-0902,2025-07-29 08:00:00,Sha Tin,0,2
20250729-0902,2025-07-29 08:00:00,Tai Po,0,2
20250729-0902,2025-07-29 08:00:00,Sai Kung,0,16
20250729-0902,2025-07-29 08:00:00,Islands District,0,15
20250729-0902,2025-07-29 08:00:00,Tsuen Wan,0,1
20250729-0902,2025-07-29 08:00:00,Yuen Long,0,1
20250729-1001,2025-07-29 09:00:00,Central & Western District,8,38
20250729-1001,2025-07-29 09:00:00,Kowloon City,7,42
20250729-1001,2025-07-29 09:00:00,Eastern District,62,94
20250729-1001,2025-07-29 09:00:00,Wong Tai Sin,5,23
20250729-1001,2025-07-29 09:00:00,Wan Chai,47,61
20250729-1001,2025-07-29 09:00:00,Southern District,29,58
20250729-1001,2025-07-29 09:00:00,Kwun Tong,27,75
20250729-1001,2025-07-29 09:00:00,Yau Tsim Mong,24,48
20250729-1001,2025-07-29 09:00:00,Sham Shui Po,2,5
20250729-1001,2025-07-29 09:00:00,Islands District,0,73
20250729-1001,2025-07-29 09:00:00,Sai Kung,0,72
20250729-1001,2025-07-29 09:00:00,Kwai Tsing,0,7
20250729-1001,2025-07-29 09:00:00,Tsuen Wan,0,4
20250729-1001,2025-07-29 09:00:00,North District,0,3
20250729-1001,2025-07-29 09:00:00,Sha Tin,0,10
20250729-1001,2025-07-29 09:00:00,Yuen Long,0,1
20250729-1102,2025-07-29 10:00:00,Southern District,6,92
20250729-1102,2025-07-29 10:00:00,Wan Chai,47,61
20250729-1102,2025-07-29 10:00:00,Yau Tsim Mong,3,7
20250729-1102,2025-07-29 10:00:00,Sham Shui Po,3,5
20250729-1102,2025-07-29 10:00:00,Wong Tai Sin,3,18
20250729-1102,2025-07-29 10:00:00,Eastern District,24,74
20250729-1102,2025-07-29 10:00:00,Kwun Tong,11,29
20250729-1102,2025-07-29 10:00:00,Central & Western District,1,28
20250729-1102,2025-07-29 10:00:00,Kowloon City,1,12
20250729-1102,2025-07-29 10:00:00,Sai Kung,0,64
20250729-1102,2025-07-29 10:00:00,Kwai Tsing,0,6
20250729-1102,2025-07-29 10:00:00,Sha Tin,0,6
20250729-1102,2025-07-29 10:00:00,Tai Po,0,6
20250729-1102,2025-07-29 10:00:00,North District,0,2
20250729-1102,2025-07-29 10:00:00,Tsuen Wan,0,2
20250729-1102,2025-07-29 10:00:00,Yuen Long,0,2
20250729-1102,2025-07-29 10:00:00,Islands District,0,116
20250729-1202,2025-07-29 11:00:00,Yau Tsim Mong,9,14
20250729-1202,2025-07-29 11:00:00,Wong Tai Sin,7,25
20250729-1202,2025-07-29 11:00:00,Southern District,6,94
20250729-1202,2025-07-29 11:00:00,Wan Chai,50,72
20250729-1202,2025-07-29 11:00:00,Eastern District,48,99
20250729-1202,2025-07-29 11:00:00,Sham Shui Po,2,3
20250729-1202,2025-07-29 11:00:00,Kwun Tong,19,50
20250729-1202,2025-07-29 11:00:00,Central & Western District,1,56
20250729-1202,2025-07-29 11:00:00,Sai Kung,1,46
20250729-1202,2025-07-29 11:00:00,Kowloon City,1,26
20250729-1202,2025-07-29 11:00:00,Sha Tin,0,7
20250729-1202,2025-07-29 11:00:00,Tai Po,0,7
20250729-1202,2025-07-29 11:00:00,Islands District,0,22
20250729-1202,2025-07-29 11:00:00,Kwai Tsing,0,1
20250729-1202,2025-07-29 11:00:00,North District,0,1
20250729-1302,2025-07-29 12:00:00,Wan Chai,6,9
20250729-1302,2025-07-29 12:00:00,Eastern District,6,27
20250729-1302,2025-07-29 12:00:00,Sha Tin,0,9
20250729-1302,2025-07-29 12:00:00,Kwun Tong,0,5
20250729-1302,2025-07-29 12:00:00,Southern District,0,44
20250729-1302,2025-07-29 12:00:00,Tsuen Wan,0,4
20250729-1302,2025-07-29 12:00:00,Sai Kung,0,34
20250729-1302,2025-07-29 12:00:00,Islands District,0,29
20250729-1302,2025-07-29 12:00:00,North District,0,24
20250729-1302,2025-07-29 12:00:00,Kwai Tsing,0,2
20250729-1302,2025-07-29 12:00:00,Tai Po,0,17
20250729-1302,2025-07-29 12:00:00,Central & Western District,0,13
20250729-1302,2025-07-29 12:00:00,Yuen Long,0,13
20250729-1302,2025-07-29 12:00:00,Kowloon City,0,1
20250729-1302,2025-07-29 12:00:00,Sham Shui Po,0,1
20250729-1302,2025-07-29 12:00:00,Tuen Mun,0,1
20250729-1302,2025-07-29 12:00:00,Yau Tsim Mong,0,1
20250729-1402,2025-07-29 13:00:00,Eastern District,9,26
20250729-1402,2025-07-29 13:00:00,Kwun Tong,8,17
20250729-1402,2025-07-29 13:00:00,Wong Tai Sin,8,14
20250729-1402,2025-07-29 13:00:00,Sha Tin,4,17
20250729-1402,2025-07-29 13:00:00,Wan Chai,4,17
20250729-1402,2025-07-29 13:00:00,Kowloon City,4,13
20250729-1402,2025-07-29 13:00:00,Yau Tsim Mong,1,7
20250729-1402,2025-07-29 13:00:00,Tai Po,1,55
20250729-1402,2025-07-29 13:00:00,Sham Shui Po,1,5
20250729-1402,2025-07-29 13:00:00,Tsuen Wan,0,6
20250729-1402,2025-07-29 13:00:00,Kwai Tsing,0,4
20250729-1402,2025-07-29 13:00:00,Islands District,0,22
20250729-1402,2025-07-29 13:00:00,North District,0,20
20250729-1402,2025-07-29 13:00:00,Central & Western District,0,2
20250729-1402,2025-07-29 13:00:00,Yuen Long,0,18
20250729-1402,2025-07-29 13:00:00,Southern District,0,17
20250729-1402,2025-07-29 13:00:00,Sai Kung,0,14
20250729-1502,2025-07-29 14:00:00,Kwun Tong,2,3
20250729-1502,2025-07-29 14:00:00,Sha Tin,2,28
20250729-1502,2025-07-29 14:00:00,Wong Tai Sin,1,7
20250729-1502,2025-07-29 14:00:00,Sham Shui Po,1,1
20250729-1502,2025-07-29 14:00:00,North District,0,78
20250729-1502,2025-07-29 14:00:00,Sai Kung,0,7
20250729-1502,2025-07-29 14:00:00,Tsuen Wan,0,7
20250729-1502,2025-07-29 14:00:00,Tai Po,0,62
20250729-1502,2025-07-29 14:00:00,Eastern District,0,5
20250729-1502,2025-07-29 14:00:00,Southern District,0,4
20250729-1502,2025-07-29 14:00:00,Kwai Tsing,0,3
20250729-1502,2025-07-29 14:00:00,Islands District,0,2
20250729-1502,2025-07-29 14:00:00,Yuen Long,0,15
20250729-1502,2025-07-29 14:00:00,Kowloon City,0,1
20250729-1602,2025-07-29 15:00:00,North District,0,6
20250729-1602,2025-07-29 15:00:00,Sha Tin,0,4
20250729-1602,2025-07-29 15:00:00,Yuen Long,0,15
20250729-1602,2025-07-29 15:00:00,Tai Po,0,10
20250729-1602,2025-07-29 15:00:00,Tsuen Wan,0,10
20250729-1602,2025-07-29 15:00:00,Kowloon City,0,1
20250729-1602,2025-07-29 15:00:00,Kwai Tsing,0,1
20250729-1602,2025-07-29 15:00:00,Sai Kung,0,1
20250729-1602,2025-07-29 15:00:00,Sham Shui Po,0,1
20250729-1602,2025-07-29 15:00:00,Wong Tai Sin,0,1
20250729-1702,2025-07-29 16:00:00,,0,0
20250729-1801,2025-07-29 17:00:00,,0,0
20250729-1902,2025-07-29 18:00:00,,0,0
20250729-2002,2025-07-29 19:00:00,Tai Po,0,1
20250729-2002,2025-07-29 19:00:00,Tsuen Wan,0,1
20250729-2002,2025-07-29 19:00:00,Yuen Long,0,1
20250729-2102,2025-07-29 20:00:00,,0,0
20250729-2201,2025-07-29 21:00:00,,0,0
20250729-2302,2025-07-29 22:00:00,,0,0
20250730-0002,2025-07-29 23:00:00,,0,0
20250730-0102,2025-07-30 00:00:00,,0,0
20250730-0201,2025-07-30 01:00:00,,0,0
20250730-0302,2025-07-30 02:00:00,,0,0
20250730-0402,2025-07-30 03:00:00,,0,0
20250730-0502,2025-07-30 04:00:00,,0,0
20250730-0601,2025-07-30 05:00:00,,0,0
20250730-0702,2025-07-30 06:00:00,,0,0
20250730-0802,2025-07-30 07:00:00,,0,0
20250730-0901,2025-07-30 08:00:00,,0,0
20250730-1002,2025-07-30 09:00:00,,0,0
20250730-1101,2025-07-30 10:00:00,,0,0
20250730-1202,2025-07-30 11:00:00,,0,0
20250730-1302,2025-07-30 12:00:00,,0,0
20250730-1401,2025-07-30 13:00:00,,0,0
20250730-1501,2025-07-30 14:00:00,,0,0
20250730-1602,2025-07-30 15:00:00,,0,0
20250730-1702,2025-07-30 16:00:00,,0,0
20250730-1802,2025-07-30 17:00:00,,0,0
20250730-1902,2025-07-30 18:00:00,,0,0
20250730-2002,2025-07-30 19:00:00,,0,0
20250730-2102,2025-07-30 20:00:00,,0,0
20250730-2202,2025-07-30 21:00:00,,0,0
20250730-2301,2025-07-30 22:00:00,,0,0
20250731-0002,2025-07-30 23:00:00,,0,0
20250731-0102,2025-07-31 00:00:00,,0,0
20250731-0202,2025-07-31 01:00:00,Central & Western District,0,3
20250731-0202,2025-07-31 01:00:00,Tsuen Wan,0,3
20250731-0202,2025-07-31 01:00:00,Islands District,0,1
20250731-0202,2025-07-31 01:00:00,Yau Tsim Mong,0,1
20250731-0301,2025-07-31 02:00:00,Sai Kung,0,6
20250731-0301,2025-07-31 02:00:00,Eastern District,0,3
20250731-0301,2025-07-31 02:00:00,Islands District,0,2
20250731-0301,2025-07-31 02:00:00,Kwun Tong,0,2
20250731-0402,2025-07-31 03:00:00,Sai Kung,0,8
20250731-0402,2025-07-31 03:00:00,North District,0,7
20250731-0402,2025-07-31 03:00:00,Sha Tin,0,6
20250731-0402,2025-07-31 03:00:00,Islands District,0,3
20250731-0402,2025-07-31 03:00:00,Yuen Long,0,17
20250731-0402,2025-07-31 03:00:00,Tai Po,0,10
20250731-0402,2025-07-31 03:00:00,Tsuen Wan,0,1
20250731-0501,2025-07-31 04:00:00,Tsuen Wan,0,7
20250731-0501,2025-07-31 04:00:00,Kwai Tsing,0,4
20250731-0501,2025-07-31 04:00:00,North District,0,22
20250731-0501,2025-07-31 04:00:00,Tai Po,0,17
20250731-0501,2025-07-31 04:00:00,Sai Kung,0,16
20250731-0501,2025-07-31 04:00:00,Islands District,0,12
20250731-0501,2025-07-31 04:00:00,Sha Tin,0,1
20250731-0501,2025-07-31 04:00:00,Sham Shui Po,0,1
20250731-0501,2025-07-31 04:00:00,Yuen Long,0,1
20250731-0601,2025-07-31 05:00:00,Kwai Tsing,2,6
20250731-0601,2025-07-31 05:00:00,Sham Shui Po,1,7
20250731-0601,2025-07-31 05:00:00,Tai Po,0,8
20250731-0601,2025-07-31 05:00:00,Tsuen Wan,0,7
20250731-0601,2025-07-31 05:00:00,Kowloon City,0,6
20250731-0601,2025-07-31 05:00:00,Islands District,0,4
20250731-0601,2025-07-31 05:00:00,Sai Kung,0,4
20250731-0601,2025-07-31 05:00:00,Wong Tai Sin,0,4
20250731-0601,2025-07-31 05:00:00,Sha Tin,0,14
20250731-0601,2025-07-31 05:00:00,North District,0,12
20250731-0601,2025-07-31 05:00:00,Yuen Long,0,11
20250731-0701,2025-07-31 06:00:00,North District,0,4
20250731-0701,2025-07-31 06:00:00,Yuen Long,0,4
20250731-0701,2025-07-31 06:00:00,Central & Western District,0,2
20250731-0701,2025-07-31 06:00:00,Tuen Mun,0,2
20250731-0701,2025-07-31 06:00:00,Sai Kung,0,1
20250731-0701,2025-07-31 06:00:00,Tai Po,0,1
20250731-0801,2025-07-31 07:00:00,,0,0
20250731-0902,2025-07-31 08:00:00,,0,0
20250731-1001,2025-07-31 09:00:00,,0,0
20250731-1101,2025-07-31 10:00:00,,0,0
20250731-1201,2025-07-31 11:00:00,North District,0,3
20250731-1302,2025-07-31 12:00:00,Yuen Long,0,9
20250731-1302,2025-07-31 12:00:00,North District,0,7
20250731-1302,2025-07-31 12:00:00,Tuen Mun,0,2
20250731-1302,2025-07-31 12:00:00,Tai Po,0,12
20250731-1402,2025-07-31 13:00:00,North District,0,6
20250731-1402,2025-07-31 13:00:00,Tsuen Wan,0,5
20250731-1402,2025-07-31 13:00:00,Kwai Tsing,0,3
20250731-1402,2025-07-31 13:00:00,Sha Tin,0,21
20250731-1402,2025-07-31 13:00:00,Tuen Mun,0,2
20250731-1402,2025-07-31 13:00:00,Tai Po,0,17
20250731-1402,2025-07-31 13:00:00,Yuen Long,0,11
20250731-1502,2025-07-31 14:00:00,Sai Kung,0,6
20250731-1502,2025-07-31 14:00:00,Tai Po,0,2
20250731-1502,2025-07-31 14:00:00,Sha Tin,0,1
20250731-1502,2025-07-31 14:00:00,Yuen Long,0,1
20250731-1602,2025-07-31 15:00:00,Central & Western District,0,3
20250731-1602,2025-07-31 15:00:00,Eastern District,0,1
20250731-1702,2025-07-31 16:00:00,Tai Po,0,3
20250731-1802,2025-07-31 17:00:00,,0,0
20250731-1902,2025-07-31 18:00:00,,0,0
20250731-2001,2025-07-31 19:00:00,,0,0
20250731-2102,2025-07-31 20:00:00,Central & Western District,0,1
20250731-2201,2025-07-31 21:00:00,Eastern District,0,5
20250731-2201,2025-07-31 21:00:00,Kwun Tong,0,5
20250731-2201,2025-07-31 21:00:00,Southern District,0,2
20250731-2201,2025-07-31 21:00:00,Kowloon City,0,1
20250731-2201,2025-07-31 21:00:00,Sai Kung,0,1
20250731-2301,2025-07-31 22:00:00,Sai Kung,0,2
20250801-0001,2025-07-31 23:00:00,,0,0
20250801-0102,2025-08-01 00:00:00,,0,0
20250801-0202,2025-08-01 01:00:00,Eastern District,0,5
20250801-0202,2025-08-01 01:00:00,Sai Kung,0,3
20250801-0202,2025-08-01 01:00:00,Southern District,0,2
20250801-0302,2025-08-01 02:00:00,Kwun Tong,0,7
20250801-0302,2025-08-01 02:00:00,Sai Kung,0,7
20250801-0302,2025-08-01 02:00:00,Islands District,0,4
20250801-0302,2025-08-01 02:00:00,Kowloon City,0,3
20250801-0302,2025-08-01 02:00:00,Yau Tsim Mong,0,3
20250801-0302,2025-08-01 02:00:00,Central & Western District,0,1
20250801-0402,2025-08-01 03:00:00,,0,0
20250801-0502,2025-08-01 04:00:00,,0,0
20250801-0602,2025-08-01 05:00:00,North District,0,9
20250801-0602,2025-08-01 05:00:00,Yuen Long,0,3
20250801-0602,2025-08-01 05:00:00,Tuen Mun,0,1
20250801-0701,2025-08-01 06:00:00,Tai Po,0,1
20250801-0802,2025-08-01 07:00:00,Islands District,0,4
20250801-0802,2025-08-01 07:00:00,North District,0,1
20250801-0902,2025-08-01 08:00:00,Eastern District,0,4
20250801-0902,2025-08-01 08:00:00,Southern District,0,2
20250801-1002,2025-08-01 09:00:00,,0,0
20250801-1102,2025-08-01 10:00:00,,0,0
20250801-1202,2025-08-01 11:00:00,,0,0
20250801-1302,2025-08-01 12:00:00,North District,0,1
20250801-1402,2025-08-01 13:00:00,,0,0
20250801-1502,2025-08-01 14:00:00,,0,0
20250801-1602,2025-08-01 15:00:00,North District,0,39
20250801-1602,2025-08-01 15:00:00,Tsuen Wan,0,17
20250801-1602,2025-08-01 15:00:00,Tuen Mun,0,12
20250801-1602,2025-08-01 15:00:00,Tai Po,0,11
20250801-1602,2025-08-01 15:00:00,Yuen Long,0,1
20250801-1701,2025-08-01 16:00:00,Kwai Tsing,2,16
20250801-1701,2025-08-01 16:00:00,Tsuen Wan,1,23
20250801-1701,2025-08-01 16:00:00,Sha Tin,0,8
20250801-1701,2025-08-01 16:00:00,Islands District,0,6
20250801-1701,2025-08-01 16:00:00,North District,0,56
20250801-1701,2025-08-01 16:00:00,Tai Po,0,25
20250801-1701,2025-08-01 16:00:00,Tuen Mun,0,18
20250801-1701,2025-08-01 16:00:00,Yuen Long,0,17
20250801-1701,2025-08-01 16:00:00,Sai Kung,0,1
20250801-1801,2025-08-01 17:00:00,Islands District,0,4
20250801-1801,2025-08-01 17:00:00,Sha Tin,0,4
20250801-1801,2025-08-01 17:00:00,Tai Po,0,3
20250801-1801,2025-08-01 17:00:00,Yau Tsim Mong,0,3
20250801-1801,2025-08-01 17:00:00,Wong Tai Sin,0,2
20250801-1801,2025-08-01 17:00:00,Eastern District,0,1
20250801-1801,2025-08-01 17:00:00,Kwai Tsing,0,1
20250801-1801,2025-08-01 17:00:00,Tsuen Wan,0,1
20250801-1901,2025-08-01 18:00:00,,0,0
20250801-2002,2025-08-01 19:00:00,,0,0
20250801-2102,2025-08-01 20:00:00,,0,0
20250801-2202,2025-08-01 21:00:00,,0,0
20250801-2302,2025-08-01 22:00:00,,0,0
20250802-0002,2025-08-01 23:00:00,,0,0
20250802-0102,2025-08-02 00:00:00,,0,0
20250802-0201,2025-08-02 01:00:00,Southern District,0,3
20250802-0201,2025-08-02 01:00:00,Sai Kung,0,2
20250802-0201,2025-08-02 01:00:00,Eastern District,0,15
20250802-0201,2025-08-02 01:00:00,Kwun Tong,0,15
20250802-0302,2025-08-02 02:00:00,Kwun Tong,0,9
20250802-0302,2025-08-02 02:00:00,Islands District,0,6
20250802-0302,2025-08-02 02:00:00,Kwai Tsing,0,3
20250802-0302,2025-08-02 02:00:00,Sai Kung,0,14
20250802-0402,2025-08-02 03:00:00,Sai Kung,0,6
20250802-0402,2025-08-02 03:00:00,Southern District,0,3
20250802-0402,2025-08-02 03:00:00,Eastern District,0,1
20250802-0502,2025-08-02 04:00:00,Sai Kung,0,9
20250802-0502,2025-08-02 04:00:00,Islands District,0,3
20250802-0502,2025-08-02 04:00:00,Tai Po,0,2
20250802-0602,2025-08-02 05:00:00,Islands District,0,1
20250802-0602,2025-08-02 05:00:00,Tai Po,0,1
20250802-0701,2025-08-02 06:00:00,Wong Tai Sin,4,8
20250802-0701,2025-08-02 06:00:00,Yau Tsim Mong,1,2
20250802-0701,2025-08-02 06:00:00,Eastern District,0,8
20250802-0701,2025-08-02 06:00:00,Islands District,0,8
20250802-0701,2025-08-02 06:00:00,Sai Kung,0,8
20250802-0701,2025-08-02 06:00:00,Central & Western District,0,3
20250802-0701,2025-08-02 06:00:00,Southern District,0,3
20250802-0701,2025-08-02 06:00:00,Kowloon City,0,2
20250802-0701,2025-08-02 06:00:00,Kwun Tong,0,1
20250802-0701,2025-08-02 06:00:00,Wan Chai,0,1
20250802-0802,2025-08-02 07:00:00,Eastern District,8,15
20250802-0802,2025-08-02 07:00:00,Yau Tsim Mong,5,7
20250802-0802,2025-08-02 07:00:00,Central & Western District,5,17
20250802-0802,2025-08-02 07:00:00,Kowloon City,3,6
20250802-0802,2025-08-02 07:00:00,Wong Tai Sin,3,4
20250802-0802,2025-08-02 07:00:00,Sham Shui Po,2,5
20250802-0802,2025-08-02 07:00:00,Sai Kung,2,15
20250802-0802,2025-08-02 07:00:00,Wan Chai,11,22
20250802-0802,2025-08-02 07:00:00,Kwun Tong,1,17
20250802-0802,2025-08-02 07:00:00,Kwai Tsing,0,7
20250802-0802,2025-08-02 07:00:00,Tsuen Wan,0,6
20250802-0802,2025-08-02 07:00:00,Tuen Mun,0,6
20250802-0802,2025-08-02 07:00:00,Yuen Long,0,5
20250802-0802,2025-08-02 07:00:00,Islands District,0,25
20250802-0802,2025-08-02 07:00:00,Southern District,0,24
20250802-0802,2025-08-02 07:00:00,Tai Po,0,2
20250802-0802,2025-08-02 07:00:00,Sha Tin,0,10
20250802-0902,2025-08-02 08:00:00,Yau Tsim Mong,8,8
20250802-0902,2025-08-02 08:00:00,Kowloon City,7,20
20250802-0902,2025-08-02 08:00:00,Sham Shui Po,5,7
20250802-0902,2025-08-02 08:00:00,Kwai Tsing,3,11
20250802-0902,2025-08-02 08:00:00,Eastern District,25,50
20250802-0902,2025-08-02 08:00:00,Wan Chai,20,27
20250802-0902,2025-08-02 08:00:00,Kwun Tong,20,26
20250802-0902,2025-08-02 08:00:00,Sai Kung,11,38
20250802-0902,2025-08-02 08:00:00,Central & Western District,11,19
20250802-0902,2025-08-02 08:00:00,Wong Tai Sin,11,19
20250802-0902,2025-08-02 08:00:00,Sha Tin,1,12
20250802-0902,2025-08-02 08:00:00,Tai Po,0,8
20250802-0902,2025-08-02 08:00:00,Southern District,0,55
20250802-0902,2025-08-02 08:00:00,Islands District,0,22
20250802-0902,2025-08-02 08:00:00,North District,0,2
20250802-0902,2025-08-02 08:00:00,Tsuen Wan,0,2
20250802-0902,2025-08-02 08:00:00,Tuen Mun,0,1
20250802-0902,2025-08-02 08:00:00,Yuen Long,0,1
20250802-1001,2025-08-02 09:00:00,Kowloon City,8,22
20250802-1001,2025-08-02 09:00:00,Yau Tsim Mong,8,13
20250802-1001,2025-08-02 09:00:00,Wan Chai,7,17
20250802-1001,2025-08-02 09:00:00,Central & Western District,7,15
20250802-1001,2025-08-02 09:00:00,Wong Tai Sin,6,10
20250802-1001,2025-08-02 09:00:00,Sham Shui Po,3,9
20250802-1001,2025-08-02 09:00:00,Kwun Tong,14,28
20250802-1001,2025-08-02 09:00:00,Eastern District,13,50
20250802-1001,2025-08-02 09:00:00,Kwai Tsing,0,9
20250802-1001,2025-08-02 09:00:00,Yuen Long,0,8
20250802-1001,2025-08-02 09:00:00,Sai Kung,0,74
20250802-1001,2025-08-02 09:00:00,Tuen Mun,0,3
20250802-1001,2025-08-02 09:00:00,Southern District,0,29
20250802-1001,2025-08-02 09:00:00,Islands District,0,28
20250802-1001,2025-08-02 09:00:00,North District,0,2
20250802-1001,2025-08-02 09:00:00,Tsuen Wan,0,1
20250802-1101,2025-08-02 10:00:00,Kwun Tong,9,66
20250802-1101,2025-08-02 10:00:00,Wong Tai Sin,73,88
20250802-1101,2025-08-02 10:00:00,Kwai Tsing,57,78
20250802-1101,2025-08-02 10:00:00,Sham Shui Po,41,65
20250802-1101,2025-08-02 10:00:00,Kowloon City,36,77
20250802-1101,2025-08-02 10:00:00,Sha Tin,27,61
20250802-1101,2025-08-02 10:00:00,Yau Tsim Mong,25,78
20250802-1101,2025-08-02 10:00:00,Tsuen Wan,24,61
20250802-1101,2025-08-02 10:00:00,Tuen Mun,1,54
20250802-1101,2025-08-02 10:00:00,Wan Chai,1,4
20250802-1101,2025-08-02 10:00:00,Sai Kung,0,74
20250802-1101,2025-08-02 10:00:00,Southern District,0,7
20250802-1101,2025-08-02 10:00:00,Islands District,0,64
20250802-1101,2025-08-02 10:00:00,Tai Po,0,23
20250802-1101,2025-08-02 10:00:00,Yuen Long,0,23
20250802-1101,2025-08-02 10:00:00,Eastern District,0,22
20250802-1101,2025-08-02 10:00:00,Central & Western District,0,19
20250802-1201,2025-08-02 11:00:00,Sham Shui Po,8,11
20250802-1201,2025-08-02 11:00:00,Yau Tsim Mong,8,11
20250802-1201,2025-08-02 11:00:00,North District,6,16
20250802-1201,2025-08-02 11:00:00,Kwun Tong,6,11
20250802-1201,2025-08-02 11:00:00,Tai Po,5,32
20250802-1201,2025-08-02 11:00:00,Tsuen Wan,5,23
20250802-1201,2025-08-02 11:00:00,Kowloon City,5,11
20250802-1201,2025-08-02 11:00:00,Wan Chai,4,5
20250802-1201,2025-08-02 11:00:00,Yuen Long,4,22
20250802-1201,2025-08-02 11:00:00,Tuen Mun,4,15
20250802-1201,2025-08-02 11:00:00,Eastern District,2,7
20250802-1201,2025-08-02 11:00:00,Central & Western District,2,10
20250802-1201,2025-08-02 11:00:00,Sha Tin,10,28
20250802-1201,2025-08-02 11:00:00,Kwai Tsing,10,17
20250802-1201,2025-08-02 11:00:00,Wong Tai Sin,10,15
20250802-1201,2025-08-02 11:00:00,Southern District,0,3
20250802-1201,2025-08-02 11:00:00,Sai Kung,0,25
20250802-1201,2025-08-02 11:00:00,Islands District,0,21
20250802-1301,2025-08-02 12:00:00,Kwai Tsing,7,16
20250802-1301,2025-08-02 12:00:00,Wan Chai,7,13
20250802-1301,2025-08-02 12:00:00,Kowloon City,6,22
20250802-1301,2025-08-02 12:00:00,Sha Tin,4,18
20250802-1301,2025-08-02 12:00:00,Kwun Tong,3,10
20250802-1301,2025-08-02 12:00:00,Yau Tsim Mong,14,21
20250802-1301,2025-08-02 12:00:00,Sham Shui Po,13,18
20250802-1301,2025-08-02 12:00:00,Wong Tai Sin,13,18
20250802-1301,2025-08-02 12:00:00,Central & Western District,10,18
20250802-1301,2025-08-02 12:00:00,Tai Po,1,5
20250802-1301,2025-08-02 12:00:00,Tsuen Wan,1,4
20250802-1301,2025-08-02 12:00:00,Yuen Long,1,3
20250802-1301,2025-08-02 12:00:00,Tuen Mun,1,1
20250802-1301,2025-08-02 12:00:00,Eastern District,0,9
20250802-1301,2025-08-02 12:00:00,Sai Kung,0,6
20250802-1301,2025-08-02 12:00:00,Islands District,0,32
20250802-1301,2025-08-02 12:00:00,Southern District,0,20
20250802-1301,2025-08-02 12:00:00,North District,0,2
20250802-1402,2025-08-02 13:00:00,Sham Shui Po,8,9
20250802-1402,2025-08-02 13:00:00,Wong Tai Sin,7,9
20250802-1402,2025-08-02 13:00:00,Central & Western District,6,8
20250802-1402,2025-08-02 13:00:00,Southern District,6,14
20250802-1402,2025-08-02 13:00:00,Eastern District,5,9
20250802-1402,2025-08-02 13:00:00,Kowloon City,5,9
20250802-1402,2025-08-02 13:00:00,Wan Chai,5,8
20250802-1402,2025-08-02 13:00:00,Kwun Tong,5,6
20250802-1402,2025-08-02 13:00:00,Yau Tsim Mong,4,7
20250802-1402,2025-08-02 13:00:00,Kwai Tsing,4,10
20250802-1402,2025-08-02 13:00:00,Tsuen Wan,2,5
20250802-1402,2025-08-02 13:00:00,Sai Kung,2,13
20250802-1402,2025-08-02 13:00:00,Sha Tin,2,10
20250802-1402,2025-08-02 13:00:00,Tai Po,1,3
20250802-1402,2025-08-02 13:00:00,Islands District,1,28
20250802-1402,2025-08-02 13:00:00,Tuen Mun,0,2
20250802-1402,2025-08-02 13:00:00,Yuen Long,0,2
20250802-1402,2025-08-02 13:00:00,North District,0,1
20250802-1502,2025-08-02 14:00:00,Kwai Tsing,9,13
20250802-1502,2025-08-02 14:00:00,Wong Tai Sin,9,11
20250802-1502,2025-08-02 14:00:00,Sha Tin,7,12
20250802-1502,2025-08-02 14:00:00,Central & Western District,6,7
20250802-1502,2025-08-02 14:00:00,Eastern District,6,7
20250802-1502,2025-08-02 14:00:00,Wan Chai,6,7
20250802-1502,2025-08-02 14:00:00,Sai Kung,6,12
20250802-1502,2025-08-02 14:00:00,Kowloon City,6,10
20250802-1502,2025-08-02 14:00:00,Kwun Tong,5,9
20250802-1502,2025-08-02 14:00:00,Tsuen Wan,5,12
20250802-1502,2025-08-02 14:00:00,Yau Tsim Mong,5,10
20250802-1502,2025-08-02 14:00:00,Southern District,4,11
20250802-1502,2025-08-02 14:00:00,Islands District,2,14
20250802-1502,2025-08-02 14:00:00,Sham Shui Po,11,12
20250802-1502,2025-08-02 14:00:00,Tuen Mun,1,6
20250802-1502,2025-08-02 14:00:00,Tai Po,1,10
20250802-1502,2025-08-02 14:00:00,Yuen Long,0,5
20250802-1502,2025-08-02 14:00:00,North District,0,1
20250802-1602,2025-08-02 15:00:00,Wong Tai Sin,6,7
20250802-1602,2025-08-02 15:00:00,Yau Tsim Mong,5,8
20250802-1602,2025-08-02 15:00:00,Kwun Tong,5,6
20250802-1602,2025-08-02 15:00:00,Wan Chai,5,6
20250802-1602,2025-08-02 15:00:00,Sha Tin,5,10
20250802-1602,2025-08-02 15:00:00,Central & Western District,4,9
20250802-1602,2025-08-02 15:00:00,Kowloon City,4,11
20250802-1602,2025-08-02 15:00:00,Eastern District,3,5
20250802-1602,2025-08-02 15:00:00,Southern District,3,5
20250802-1602,2025-08-02 15:00:00,Tsuen Wan,3,11
20250802-1602,2025-08-02 15:00:00,Tuen Mun,2,6
20250802-1602,2025-08-02 15:00:00,Sai Kung,2,5
20250802-1602,2025-08-02 15:00:00,Islands District,2,16
20250802-1602,2025-08-02 15:00:00,Sham Shui Po,13,13
20250802-1602,2025-08-02 15:00:00,Kwai Tsing,10,13
20250802-1602,2025-08-02 15:00:00,Tai Po,1,6
20250802-1602,2025-08-02 15:00:00,Yuen Long,0,5
20250802-1602,2025-08-02 15:00:00,North District,0,4
20250802-1701,2025-08-02 16:00:00,Wan Chai,6,9
20250802-1701,2025-08-02 16:00:00,Wong Tai Sin,6,9
20250802-1701,2025-08-02 16:00:00,Yau Tsim Mong,5,7
20250802-1701,2025-08-02 16:00:00,Kowloon City,5,6
20250802-1701,2025-08-02 16:00:00,Central & Western District,5,12
20250802-1701,2025-08-02 16:00:00,Kwun Tong,4,6
20250802-1701,2025-08-02 16:00:00,Sham Shui Po,4,5
20250802-1701,2025-08-02 16:00:00,Sha Tin,3,7
20250802-1701,2025-08-02 16:00:00,Kwai Tsing,3,4
20250802-1701,2025-08-02 16:00:00,Tsuen Wan,2,3
20250802-1701,2025-08-02 16:00:00,Tuen Mun,2,3
20250802-1701,2025-08-02 16:00:00,Tai Po,1,9
20250802-1701,2025-08-02 16:00:00,Sai Kung,1,8
20250802-1701,2025-08-02 16:00:00,Eastern District,1,7
20250802-1701,2025-08-02 16:00:00,Yuen Long,1,3
20250802-1701,2025-08-02 16:00:00,Islands District,1,20
20250802-1701,2025-08-02 16:00:00,Southern District,1,13
20250802-1701,2025-08-02 16:00:00,North District,0,2
20250802-1801,2025-08-02 17:00:00,Wan Chai,2,4
20250802-1801,2025-08-02 17:00:00,Eastern District,2,3
20250802-1801,2025-08-02 17:00:00,Central & Western District,1,3
20250802-1801,2025-08-02 17:00:00,Kwun Tong,1,3
20250802-1801,2025-08-02 17:00:00,Islands District,0,4
20250802-1801,2025-08-02 17:00:00,Southern District,0,3
20250802-1801,2025-08-02 17:00:00,Sai Kung,0,2
20250802-1801,2025-08-02 17:00:00,Tai Po,0,2
20250802-1801,2025-08-02 17:00:00,Kowloon City,0,1
20250802-1801,2025-08-02 17:00:00,North District,0,1
20250802-1801,2025-08-02 17:00:00,Sha Tin,0,1
20250802-1801,2025-08-02 17:00:00,Wong Tai Sin,0,1
20250802-1801,2025-08-02 17:00:00,Yau Tsim Mong,0,1
20250802-1801,2025-08-02 17:00:00,Yuen Long,0,1
20250802-1902,2025-08-02 18:00:00,Islands District,0,8
20250802-1902,2025-08-02 18:00:00,Tsuen Wan,0,2
20250802-1902,2025-08-02 18:00:00,Tuen Mun,0,2
20250802-1902,2025-08-02 18:00:00,Central & Western District,0,1
20250802-1902,2025-08-02 18:00:00,Kowloon City,0,1
20250802-1902,2025-08-02 18:00:00,Kwai Tsing,0,1
20250802-1902,2025-08-02 18:00:00,Sha Tin,0,1
20250802-1902,2025-08-02 18:00:00,Sham Shui Po,0,1
20250802-1902,2025-08-02 18:00:00,Southern District,0,1
20250802-2002,2025-08-02 19:00:00,Wong Tai Sin,3,6
20250802-2002,2025-08-02 19:00:00,Yau Tsim Mong,3,5
20250802-2002,2025-08-02 19:00:00,Kowloon City,2,5
20250802-2002,2025-08-02 19:00:00,Central & Western District,1,3
20250802-2002,2025-08-02 19:00:00,Kwai Tsing,1,3
20250802-2002,2025-08-02 19:00:00,Sham Shui Po,1,3
20250802-2002,2025-08-02 19:00:00,Kwun Tong,0,5
20250802-2002,2025-08-02 19:00:00,Sai Kung,0,4
20250802-2002,2025-08-02 19:00:00,Islands District,0,3
20250802-2002,2025-08-02 19:00:00,Tai Po,0,3
20250802-2002,2025-08-02 19:00:00,Tsuen Wan,0,3
20250802-2002,2025-08-02 19:00:00,Wan Chai,0,3
20250802-2002,2025-08-02 19:00:00,Yuen Long,0,3
20250802-2002,2025-08-02 19:00:00,Tuen Mun,0,2
20250802-2002,2025-08-02 19:00:00,Eastern District,0,1
20250802-2002,2025-08-02 19:00:00,Sha Tin,0,1
20250802-2002,2025-08-02 19:00:00,Southern District,0,1
20250802-2101,2025-08-02 20:00:00,Eastern District,0,4
20250802-2101,2025-08-02 20:00:00,Tuen Mun,0,4
20250802-2101,2025-08-02 20:00:00,Sha Tin,0,3
20250802-2101,2025-08-02 20:00:00,Kwun Tong,0,2
20250802-2101,2025-08-02 20:00:00,Sai Kung,0,2
20250802-2101,2025-08-02 20:00:00,Tai Po,0,2
20250802-2101,2025-08-02 20:00:00,Wong Tai Sin,0,2
20250802-2101,2025-08-02 20:00:00,Yuen Long,0,2
20250802-2101,2025-08-02 20:00:00,Islands District,0,1
20250802-2101,2025-08-02 20:00:00,Kwai Tsing,0,1
20250802-2101,2025-08-02 20:00:00,North District,0,1
20250802-2101,2025-08-02 20:00:00,Southern District,0,1
20250802-2101,2025-08-02 20:00:00,Tsuen Wan,0,1
20250802-2202,2025-08-02 21:00:00,North District,0,6
20250802-2202,2025-08-02 21:00:00,Tuen Mun,0,4
20250802-2202,2025-08-02 21:00:00,Islands District,0,3
20250802-2202,2025-08-02 21:00:00,Yuen Long,0,15
20250802-2202,2025-08-02 21:00:00,Tsuen Wan,0,12
20250802-2202,2025-08-02 21:00:00,Tai Po,0,11
20250802-2202,2025-08-02 21:00:00,Kwun Tong,0,1
20250802-2202,2025-08-02 21:00:00,Sai Kung,0,1
20250802-2202,2025-08-02 21:00:00,Sha Tin,0,1
20250802-2202,2025-08-02 21:00:00,Sham Shui Po,0,1
20250802-2202,2025-08-02 21:00:00,Wong Tai Sin,0,1
20250802-2302,2025-08-02 22:00:00,Tuen Mun,3,12
20250802-2302,2025-08-02 22:00:00,Tsuen Wan,2,33
20250802-2302,2025-08-02 22:00:00,North District,1,20
20250802-2302,2025-08-02 22:00:00,Yuen Long,1,19
20250802-2302,2025-08-02 22:00:00,Kwai Tsing,0,6
20250802-2302,2025-08-02 22:00:00,Tai Po,0,30
20250802-2302,2025-08-02 22:00:00,Islands District,0,10
20250802-2302,2025-08-02 22:00:00,Sai Kung,0,1
20250802-2302,2025-08-02 22:00:00,Sha Tin,0,1
20250803-0002,2025-08-02 23:00:00,North District,3,53
20250803-0002,2025-08-02 23:00:00,Yuen Long,1,55
20250803-0002,2025-08-02 23:00:00,Tsuen Wan,1,47
20250803-0002,2025-08-02 23:00:00,Kwai Tsing,1,3
20250803-0002,2025-08-02 23:00:00,Central & Western District,1,2
20250803-0002,2025-08-02 23:00:00,Tai Po,0,95
20250803-0002,2025-08-02 23:00:00,Islands District,0,3
20250803-0002,2025-08-02 23:00:00,Sai Kung,0,2
20250803-0002,2025-08-02 23:00:00,Tuen Mun,0,16
20250803-0002,2025-08-02 23:00:00,Sha Tin,0,1
20250803-0002,2025-08-02 23:00:00,Sham Shui Po,0,1
20250803-0002,2025-08-02 23:00:00,Southern District,0,1
20250803-0002,2025-08-02 23:00:00,Wan Chai,0,1
20250803-0002,2025-08-02 23:00:00,Wong Tai Sin,0,1
20250803-0002,2025-08-02 23:00:00,Yau Tsim Mong,0,1
20250803-0102,2025-08-03 00:00:00,Kwai Tsing,7,16
20250803-0102,2025-08-03 00:00:00,Sha Tin,3,11
20250803-0102,2025-08-03 00:00:00,Sham Shui Po,1,4
20250803-0102,2025-08-03 00:00:00,Kwun Tong,1,3
20250803-0102,2025-08-03 00:00:00,Tai Po,1,22
20250803-0102,2025-08-03 00:00:00,Wong Tai Sin,1,2
20250803-0102,2025-08-03 00:00:00,Kowloon City,1,1
20250803-0102,2025-08-03 00:00:00,Wan Chai,1,1
20250803-0102,2025-08-03 00:00:00,Yau Tsim Mong,1,1
20250803-0102,2025-08-03 00:00:00,Sai Kung,0,5
20250803-0102,2025-08-03 00:00:00,North District,0,27
20250803-0102,2025-08-03 00:00:00,Eastern District,0,2
20250803-0102,2025-08-03 00:00:00,Islands District,0,11
20250803-0102,2025-08-03 00:00:00,Tsuen Wan,0,10
20250803-0102,2025-08-03 00:00:00,Central & Western District,0,1
20250803-0102,2025-08-03 00:00:00,Tuen Mun,0,1
20250803-0102,2025-08-03 00:00:00,Yuen Long,0,1
20250803-0201,2025-08-03 01:00:00,Kwai Tsing,3,11
20250803-0201,2025-08-03 01:00:00,Eastern District,1,3
20250803-0201,2025-08-03 01:00:00,Sha Tin,1,2
20250803-0201,2025-08-03 01:00:00,Sham Shui Po,1,2
20250803-0201,2025-08-03 01:00:00,Wan Chai,1,2
20250803-0201,2025-08-03 01:00:00,Tsuen Wan,1,11
20250803-0201,2025-08-03 01:00:00,Central & Western District,1,1
20250803-0201,2025-08-03 01:00:00,Wong Tai Sin,1,1
20250803-0201,2025-08-03 01:00:00,Islands District,0,4
20250803-0201,2025-08-03 01:00:00,Kwun Tong,0,3
20250803-0201,2025-08-03 01:00:00,North District,0,3
20250803-0201,2025-08-03 01:00:00,Sai Kung,0,3
20250803-0201,2025-08-03 01:00:00,Southern District,0,2
20250803-0201,2025-08-03 01:00:00,Tai Po,0,14
20250803-0201,2025-08-03 01:00:00,Kowloon City,0,1
20250803-0201,2025-08-03 01:00:00,Tuen Mun,0,1
20250803-0201,2025-08-03 01:00:00,Yau Tsim Mong,0,1
20250803-0201,2025-08-03 01:00:00,Yuen Long,0,1
20250803-0301,2025-08-03 02:00:00,North District,0,6
20250803-0301,2025-08-03 02:00:00,Tsuen Wan,0,5
20250803-0301,2025-08-03 02:00:00,Kwun Tong,0,3
20250803-0301,2025-08-03 02:00:00,Kwai Tsing,0,2
20250803-0301,2025-08-03 02:00:00,Tai Po,0,16
20250803-0301,2025-08-03 02:00:00,Sai Kung,0,15
20250803-0301,2025-08-03 02:00:00,Eastern District,0,1
20250803-0301,2025-08-03 02:00:00,Sha Tin,0,1
20250803-0301,2025-08-03 02:00:00,Sham Shui Po,0,1
20250803-0401,2025-08-03 03:00:00,Wan Chai,3,4
20250803-0401,2025-08-03 03:00:00,Kwun Tong,0,5
20250803-0401,2025-08-03 03:00:00,Eastern District,0,4
20250803-0401,2025-08-03 03:00:00,Sha Tin,0,3
20250803-0401,2025-08-03 03:00:00,Southern District,0,3
20250803-0401,2025-08-03 03:00:00,Tai Po,0,3
20250803-0401,2025-08-03 03:00:00,Sham Shui Po,0,2
20250803-0401,2025-08-03 03:00:00,Tsuen Wan,0,2
20250803-0401,2025-08-03 03:00:00,Sai Kung,0,17
20250803-0401,2025-08-03 03:00:00,Kwai Tsing,0,1
20250803-0401,2025-08-03 03:00:00,North District,0,1
20250803-0502,2025-08-03 04:00:00,Wong Tai Sin,2,5
20250803-0502,2025-08-03 04:00:00,Sham Shui Po,1,5
20250803-0502,2025-08-03 04:00:00,Southern District,0,6
20250803-0502,2025-08-03 04:00:00,Yau Tsim Mong,0,5
20250803-0502,2025-08-03 04:00:00,Tai Po,0,4
20250803-0502,2025-08-03 04:00:00,Central & Western District,0,3
20250803-0502,2025-08-03 04:00:00,Eastern District,0,2
20250803-0502,2025-08-03 04:00:00,Islands District,0,2
20250803-0502,2025-08-03 04:00:00,Tsuen Wan,0,2
20250803-0502,2025-08-03 04:00:00,Tuen Mun,0,2
20250803-0502,2025-08-03 04:00:00,Sai Kung,0,13
20250803-0502,2025-08-03 04:00:00,Kowloon City,0,12
20250803-0502,2025-08-03 04:00:00,Sha Tin,0,12
20250803-0502,2025-08-03 04:00:00,Kwun Tong,0,1
20250803-0502,2025-08-03 04:00:00,Wan Chai,0,1
20250803-0502,2025-08-03 04:00:00,Yuen Long,0,1
20250803-0602,2025-08-03 05:00:00,Tuen Mun,3,17
20250803-0602,2025-08-03 05:00:00,Wong Tai Sin,1,9
20250803-0602,2025-08-03 05:00:00,Eastern District,0,4
20250803-0602,2025-08-03 05:00:00,Kowloon City,0,4
20250803-0602,2025-08-03 05:00:00,North District,0,4
20250803-0602,2025-08-03 05:00:00,Tsuen Wan,0,4
20250803-0602,2025-08-03 05:00:00,Sha Tin,0,2
20250803-0602,2025-08-03 05:00:00,Sai Kung,0,17
20250803-0602,2025-08-03 05:00:00,Tai Po,0,11
20250803-0602,2025-08-03 05:00:00,Yuen Long,0,11
20250803-0602,2025-08-03 05:00:00,Kwun Tong,0,1
20250803-0602,2025-08-03 05:00:00,Southern District,0,1
20250803-0602,2025-08-03 05:00:00,Yau Tsim Mong,0,1
20250803-0701,2025-08-03 06:00:00,Tsuen Wan,2,8
20250803-0701,2025-08-03 06:00:00,North District,2,15
20250803-0701,2025-08-03 06:00:00,Kwai Tsing,2,12
20250803-0701,2025-08-03 06:00:00,Kwun Tong,1,5
20250803-0701,2025-08-03 06:00:00,Wan Chai,1,4
20250803-0701,2025-08-03 06:00:00,Sai Kung,0,8
20250803-0701,2025-08-03 06:00:00,Kowloon City,0,5
20250803-0701,2025-08-03 06:00:00,Southern District,0,5
20250803-0701,2025-08-03 06:00:00,Islands District,0,42
20250803-0701,2025-08-03 06:00:00,Eastern District,0,4
20250803-0701,2025-08-03 06:00:00,Sha Tin,0,3
20250803-0701,2025-08-03 06:00:00,Yuen Long,0,20
20250803-0701,2025-08-03 06:00:00,Central & Western District,0,2
20250803-0701,2025-08-03 06:00:00,Tai Po,0,19
20250803-0701,2025-08-03 06:00:00,Tuen Mun,0,14
20250803-0701,2025-08-03 06:00:00,Sham Shui Po,0,1
20250803-0802,2025-08-03 07:00:00,Sham Shui Po,8,21
20250803-0802,2025-08-03 07:00:00,Sha Tin,7,11
20250803-0802,2025-08-03 07:00:00,Wan Chai,22,31
20250803-0802,2025-08-03 07:00:00,Wong Tai Sin,22,27
20250803-0802,2025-08-03 07:00:00,Eastern District,21,33
20250803-0802,2025-08-03 07:00:00,Kowloon City,14,27
20250803-0802,2025-08-03 07:00:00,Yau Tsim Mong,13,24
20250803-0802,2025-08-03 07:00:00,Kwun Tong,11,36
20250803-0802,2025-08-03 07:00:00,Central & Western District,11,21
20250803-0802,2025-08-03 07:00:00,Kwai Tsing,0,7
20250803-0802,2025-08-03 07:00:00,Sai Kung,0,39
20250803-0802,2025-08-03 07:00:00,Yuen Long,0,3
20250803-0802,2025-08-03 07:00:00,Southern District,0,25
20250803-0802,2025-08-03 07:00:00,Tai Po,0,19
20250803-0802,2025-08-03 07:00:00,Islands District,0,12
20250803-0802,2025-08-03 07:00:00,North District,0,1
20250803-0802,2025-08-03 07:00:00,Tsuen Wan,0,1
20250803-0901,2025-08-03 08:00:00,Wong Tai Sin,7,9
20250803-0901,2025-08-03 08:00:00,Eastern District,0,9
20250803-0901,2025-08-03 08:00:00,Southern District,0,6
20250803-0901,2025-08-03 08:00:00,Kowloon City,0,5
20250803-0901,2025-08-03 08:00:00,Yau Tsim Mong,0,5
20250803-0901,2025-08-03 08:00:00,Sham Shui Po,0,3
20250803-0901,2025-08-03 08:00:00,Kwun Tong,0,2
20250803-0901,2025-08-03 08:00:00,Sai Kung,0,17
20250803-1002,2025-08-03 09:00:00,Sai Kung,0,7
20250803-1002,2025-08-03 09:00:00,Sham Shui Po,0,7
20250803-1002,2025-08-03 09:00:00,Eastern District,0,2
20250803-1002,2025-08-03 09:00:00,Kwun Tong,0,2
20250803-1002,2025-08-03 09:00:00,Kowloon City,0,1
20250803-1002,2025-08-03 09:00:00,Wong Tai Sin,0,1
20250803-1101,2025-08-03 10:00:00,Wong Tai Sin,3,8
20250803-1101,2025-08-03 10:00:00,Sham Shui Po,2,6
20250803-1101,2025-08-03 10:00:00,Islands District,0,7
20250803-1101,2025-08-03 10:00:00,Sai Kung,0,6
20250803-1101,2025-08-03 10:00:00,Yau Tsim Mong,0,2
20250803-1101,2025-08-03 10:00:00,Kowloon City,0,10
20250803-1202,2025-08-03 11:00:00,Kowloon City,9,15
20250803-1202,2025-08-03 11:00:00,Sham Shui Po,8,15
20250803-1202,2025-08-03 11:00:00,Wan Chai,6,9
20250803-1202,2025-08-03 11:00:00,Kwun Tong,6,16
20250803-1202,2025-08-03 11:00:00,Wong Tai Sin,3,11
20250803-1202,2025-08-03 11:00:00,Yau Tsim Mong,13,16
20250803-1202,2025-08-03 11:00:00,Central & Western District,10,27
20250803-1202,2025-08-03 11:00:00,Kwai Tsing,1,7
20250803-1202,2025-08-03 11:00:00,Tsuen Wan,1,6
20250803-1202,2025-08-03 11:00:00,Eastern District,0,9
20250803-1202,2025-08-03 11:00:00,Tai Po,0,4
20250803-1202,2025-08-03 11:00:00,Sha Tin,0,2
20250803-1202,2025-08-03 11:00:00,Islands District,0,18
20250803-1202,2025-08-03 11:00:00,Sai Kung,0,17
20250803-1202,2025-08-03 11:00:00,Southern District,0,12
20250803-1301,2025-08-03 12:00:00,Sham Shui Po,8,12
20250803-1301,2025-08-03 12:00:00,Yau Tsim Mong,8,12
20250803-1301,2025-08-03 12:00:00,Wong Tai Sin,16,23
20250803-1301,2025-08-03 12:00:00,Sha Tin,12,26
20250803-1301,2025-08-03 12:00:00,Kowloon City,11,16
20250803-1301,2025-08-03 12:00:00,Kwun Tong,1,28
20250803-1301,2025-08-03 12:00:00,Kwai Tsing,1,18
20250803-1301,2025-08-03 12:00:00,Islands District,0,7
20250803-1301,2025-08-03 12:00:00,Tsuen Wan,0,4
20250803-1301,2025-08-03 12:00:00,Central & Western District,0,3
20250803-1301,2025-08-03 12:00:00,Sai Kung,0,27
20250803-1301,2025-08-03 12:00:00,Tai Po,0,11
20250803-1301,2025-08-03 12:00:00,Yuen Long,0,1
20250803-1402,2025-08-03 13:00:00,Sha Tin,2,17
20250803-1402,2025-08-03 13:00:00,Tai Po,0,28
20250803-1402,2025-08-03 13:00:00,Kwai Tsing,0,2
20250803-1402,2025-08-03 13:00:00,Sai Kung,0,2
20250803-1402,2025-08-03 13:00:00,Tsuen Wan,0,2
20250803-1402,2025-08-03 13:00:00,Yuen Long,0,2
20250803-1402,2025-08-03 13:00:00,North District,0,1
20250803-1501,2025-08-03 14:00:00,North District,0,7
20250803-1501,2025-08-03 14:00:00,Tai Po,0,7
20250803-1501,2025-08-03 14:00:00,Yuen Long,0,3
20250803-1501,2025-08-03 14:00:00,Sai Kung,0,16
20250803-1501,2025-08-03 14:00:00,Sha Tin,0,1
20250803-1602,2025-08-03 15:00:00,,0,0
20250803-1702,2025-08-03 16:00:00,Sai Kung,0,1
20250803-1802,2025-08-03 17:00:00,Tai Po,0,9
20250803-1802,2025-08-03 17:00:00,Islands District,0,4
20250803-1802,2025-08-03 17:00:00,Kwai Tsing,0,4
20250803-1802,2025-08-03 17:00:00,Sai Kung,0,4
20250803-1802,2025-08-03 17:00:00,Tsuen Wan,0,4
20250803-1802,2025-08-03 17:00:00,North District,0,1
20250803-1902,2025-08-03 18:00:00,Sha Tin,3,9
20250803-1902,2025-08-03 18:00:00,Sham Shui Po,1,3
20250803-1902,2025-08-03 18:00:00,Southern District,0,5
20250803-1902,2025-08-03 18:00:00,Tai Po,0,5
20250803-1902,2025-08-03 18:00:00,North District,0,4
20250803-1902,2025-08-03 18:00:00,Kwai Tsing,0,3
20250803-1902,2025-08-03 18:00:00,Sai Kung,0,3
20250803-1902,2025-08-03 18:00:00,Islands District,0,1
20250803-1902,2025-08-03 18:00:00,Kowloon City,0,1
20250803-1902,2025-08-03 18:00:00,Tsuen Wan,0,1
20250803-2001,2025-08-03 19:00:00,Sham Shui Po,1,1
20250803-2001,2025-08-03 19:00:00,Sha Tin,0,6
20250803-2001,2025-08-03 19:00:00,Tai Po,0,4
20250803-2001,2025-08-03 19:00:00,Central & Western District,0,3
20250803-2001,2025-08-03 19:00:00,Kowloon City,0,1
20250803-2102,2025-08-03 20:00:00,Sha Tin,0,6
20250803-2102,2025-08-03 20:00:00,Eastern District,0,5
20250803-2102,2025-08-03 20:00:00,Sai Kung,0,4
20250803-2102,2025-08-03 20:00:00,Tai Po,0,4
20250803-2102,2025-08-03 20:00:00,Kwun Tong,0,1
20250803-2102,2025-08-03 20:00:00,Tsuen Wan,0,1
20250803-2202,2025-08-03 21:00:00,Sham Shui Po,1,3
20250803-2202,2025-08-03 21:00:00,Kwai Tsing,0,5
20250803-2202,2025-08-03 21:00:00,Sha Tin,0,5
20250803-2202,2025-08-03 21:00:00,Sai Kung,0,3
20250803-2202,2025-08-03 21:00:00,Central & Western District,0,1
20250803-2202,2025-08-03 21:00:00,Tai Po,0,1
20250803-2302,2025-08-03 22:00:00,Sha Tin,1,9
20250803-2302,2025-08-03 22:00:00,Sai Kung,0,5
20250803-2302,2025-08-03 22:00:00,Tai Po,0,5
20250803-2302,2025-08-03 22:00:00,Kwun Tong,0,4
20250803-2302,2025-08-03 22:00:00,Kwai Tsing,0,3
20250803-2302,2025-08-03 22:00:00,Kowloon City,0,1
20250803-2302,2025-08-03 22:00:00,Yau Tsim Mong,0,1
20250804-0002,2025-08-03 23:00:00,Sham Shui Po,9,14
20250804-0002,2025-08-03 23:00:00,Wong Tai Sin,2,9
20250804-0002,2025-08-03 23:00:00,Kwai Tsing,2,5
20250804-0002,2025-08-03 23:00:00,Yau Tsim Mong,1,7
20250804-0002,2025-08-03 23:00:00,Islands District,0,7
20250804-0002,2025-08-03 23:00:00,Tsuen Wan,0,5
20250804-0002,2025-08-03 23:00:00,Central & Western District,0,4
20250804-0002,2025-08-03 23:00:00,North District,0,4
20250804-0002,2025-08-03 23:00:00,Sha Tin,0,4
20250804-0002,2025-08-03 23:00:00,Kwun Tong,0,2
20250804-0002,2025-08-03 23:00:00,Sai Kung,0,2
20250804-0002,2025-08-03 23:00:00,Tai Po,0,17
20250804-0002,2025-08-03 23:00:00,Kowloon City,0,12
20250804-0102,2025-08-04 00:00:00,Sham Shui Po,8,11
20250804-0102,2025-08-04 00:00:00,Sha Tin,2,20
20250804-0102,2025-08-04 00:00:00,Yau Tsim Mong,2,10
20250804-0102,2025-08-04 00:00:00,Wong Tai Sin,12,19
20250804-0102,2025-08-04 00:00:00,Islands District,0,8
20250804-0102,2025-08-04 00:00:00,Kwai Tsing,0,7
20250804-0102,2025-08-04 00:00:00,Kwun Tong,0,5
20250804-0102,2025-08-04 00:00:00,Central & Western District,0,3
20250804-0102,2025-08-04 00:00:00,Tai Po,0,15
20250804-0102,2025-08-04 00:00:00,North District,0,12
20250804-0102,2025-08-04 00:00:00,Sai Kung,0,12
20250804-0102,2025-08-04 00:00:00,Kowloon City,0,11
20250804-0102,2025-08-04 00:00:00,Tsuen Wan,0,1
20250804-0202,2025-08-04 01:00:00,Sha Tin,2,7
20250804-0202,2025-08-04 01:00:00,Wong Tai Sin,1,6
20250804-0202,2025-08-04 01:00:00,Kwai Tsing,0,9
20250804-0202,2025-08-04 01:00:00,Kowloon City,0,5
20250804-0202,2025-08-04 01:00:00,Sham Shui Po,0,4
20250804-0202,2025-08-04 01:00:00,Tai Po,0,17
20250804-0202,2025-08-04 01:00:00,Sai Kung,0,11
20250804-0202,2025-08-04 01:00:00,Islands District,0,1
20250804-0202,2025-08-04 01:00:00,Tsuen Wan,0,1
20250804-0202,2025-08-04 01:00:00,Yuen Long,0,1
20250804-0301,2025-08-04 02:00:00,Southern District,0,5
20250804-0301,2025-08-04 02:00:00,Tai Po,0,5
20250804-0301,2025-08-04 02:00:00,Sai Kung,0,3
20250804-0301,2025-08-04 02:00:00,Kwai Tsing,0,1
20250804-0301,2025-08-04 02:00:00,Sha Tin,0,1
20250804-0301,2025-08-04 02:00:00,Sham Shui Po,0,1
20250804-0401,2025-08-04 03:00:00,Wong Tai Sin,7,42
20250804-0401,2025-08-04 03:00:00,Sham Shui Po,19,29
20250804-0401,2025-08-04 03:00:00,Kwai Tsing,0,8
20250804-0401,2025-08-04 03:00:00,Sha Tin,0,8
20250804-0401,2025-08-04 03:00:00,Yau Tsim Mong,0,5
20250804-0401,2025-08-04 03:00:00,Kowloon City,0,45
20250804-0401,2025-08-04 03:00:00,Southern District,0,4
20250804-0401,2025-08-04 03:00:00,Tai Po,0,4
20250804-0401,2025-08-04 03:00:00,Sai Kung,0,19
20250804-0401,2025-08-04 03:00:00,Islands District,0,1
20250804-0502,2025-08-04 04:00:00,Wong Tai Sin,0,7
20250804-0502,2025-08-04 04:00:00,Tai Po,0,37
20250804-0502,2025-08-04 04:00:00,Sha Tin,0,3
20250804-0502,2025-08-04 04:00:00,Sai Kung,0,17
20250804-0502,2025-08-04 04:00:00,Kowloon City,0,1
20250804-0502,2025-08-04 04:00:00,Kwai Tsing,0,1
20250804-0502,2025-08-04 04:00:00,Sham Shui Po,0,1
20250804-0602,2025-08-04 05:00:00,Wong Tai Sin,1,1
20250804-0602,2025-08-04 05:00:00,Sai Kung,0,8
20250804-0602,2025-08-04 05:00:00,Sha Tin,0,6
20250804-0602,2025-08-04 05:00:00,Tai Po,0,22
20250804-0602,2025-08-04 05:00:00,Central & Western District,0,1
20250804-0602,2025-08-04 05:00:00,Kowloon City,0,1
20250804-0602,2025-08-04 05:00:00,Kwun Tong,0,1
20250804-0602,2025-08-04 05:00:00,North District,0,1
20250804-0602,2025-08-04 05:00:00,Sham Shui Po,0,1
20250804-0602,2025-08-04 05:00:00,Yau Tsim Mong,0,1
20250804-0702,2025-08-04 06:00:00,Wong Tai Sin,3,5
20250804-0702,2025-08-04 06:00:00,Kowloon City,2,7
20250804-0702,2025-08-04 06:00:00,Kwun Tong,2,10
20250804-0702,2025-08-04 06:00:00,Yau Tsim Mong,1,3
20250804-0702,2025-08-04 06:00:00,Sham Shui Po,1,1
20250804-0702,2025-08-04 06:00:00,Tai Po,0,5
20250804-0702,2025-08-04 06:00:00,Central & Western District,0,4
20250804-0702,2025-08-04 06:00:00,Eastern District,0,3
20250804-0702,2025-08-04 06:00:00,Wan Chai,0,3
20250804-0702,2025-08-04 06:00:00,Sai Kung,0,20
20250804-0702,2025-08-04 06:00:00,Southern District,0,1
20250804-0801,2025-08-04 07:00:00,Wan Chai,1,5
20250804-0801,2025-08-04 07:00:00,Eastern District,1,4
20250804-0801,2025-08-04 07:00:00,Sham Shui Po,1,2
20250804-0801,2025-08-04 07:00:00,Central & Western District,0,4
20250804-0801,2025-08-04 07:00:00,Tai Po,0,4
20250804-0801,2025-08-04 07:00:00,Kwai Tsing,0,3
20250804-0801,2025-08-04 07:00:00,Sha Tin,0,3
20250804-0801,2025-08-04 07:00:00,Islands District,0,22
20250804-0801,2025-08-04 07:00:00,Sai Kung,0,10
20250804-0801,2025-08-04 07:00:00,Southern District,0,10
20250804-0801,2025-08-04 07:00:00,Kowloon City,0,1
20250804-0901,2025-08-04 08:00:00,Sai Kung,9,38
20250804-0901,2025-08-04 08:00:00,Eastern District,8,18
20250804-0901,2025-08-04 08:00:00,Southern District,6,22
20250804-0901,2025-08-04 08:00:00,Central & Western District,6,18
20250804-0901,2025-08-04 08:00:00,Wan Chai,15,21
20250804-0901,2025-08-04 08:00:00,Kwun Tong,11,29
20250804-0901,2025-08-04 08:00:00,Wong Tai Sin,11,14
20250804-0901,2025-08-04 08:00:00,Sham Shui Po,11,12
20250804-0901,2025-08-04 08:00:00,Yau Tsim Mong,10,19
20250804-0901,2025-08-04 08:00:00,Kowloon City,10,18
20250804-0901,2025-08-04 08:00:00,Sha Tin,1,3
20250804-0901,2025-08-04 08:00:00,Kwai Tsing,0,5
20250804-0901,2025-08-04 08:00:00,Tai Po,0,28
20250804-0901,2025-08-04 08:00:00,Islands District,0,24
20250804-1002,2025-08-04 09:00:00,Wan Chai,7,13
20250804-1002,2025-08-04 09:00:00,Eastern District,3,16
20250804-1002,2025-08-04 09:00:00,Kwun Tong,2,8
20250804-1002,2025-08-04 09:00:00,Southern District,2,11
20250804-1002,2025-08-04 09:00:00,Yau Tsim Mong,1,3
20250804-1002,2025-08-04 09:00:00,Central & Western District,0,7
20250804-1002,2025-08-04 09:00:00,Tai Po,0,6
20250804-1002,2025-08-04 09:00:00,Kowloon City,0,4
20250804-1002,2025-08-04 09:00:00,Sai Kung,0,21
20250804-1002,2025-08-04 09:00:00,Islands District,0,2
20250804-1002,2025-08-04 09:00:00,Tsuen Wan,0,2
20250804-1002,2025-08-04 09:00:00,Wong Tai Sin,0,2
20250804-1101,2025-08-04 10:00:00,Southern District,0,5
20250804-1101,2025-08-04 10:00:00,Sai Kung,0,4
20250804-1101,2025-08-04 10:00:00,Tai Po,0,4
20250804-1101,2025-08-04 10:00:00,Eastern District,0,3
20250804-1101,2025-08-04 10:00:00,Kwai Tsing,0,2
20250804-1101,2025-08-04 10:00:00,Islands District,0,18
20250804-1101,2025-08-04 10:00:00,Central & Western District,0,1
20250804-1101,2025-08-04 10:00:00,Kwun Tong,0,1
20250804-1101,2025-08-04 10:00:00,North District,0,1
20250804-1101,2025-08-04 10:00:00,Tsuen Wan,0,1
20250804-1101,2025-08-04 10:00:00,Wan Chai,0,1
20250804-1101,2025-08-04 10:00:00,Yuen Long,0,1
20250804-1201,2025-08-04 11:00:00,Kwai Tsing,7,17
20250804-1201,2025-08-04 11:00:00,Wan Chai,4,6
20250804-1201,2025-08-04 11:00:00,Eastern District,4,5
20250804-1201,2025-08-04 11:00:00,Kowloon City,4,48
20250804-1201,2025-08-04 11:00:00,Sham Shui Po,39,56
20250804-1201,2025-08-04 11:00:00,Central & Western District,3,5
20250804-1201,2025-08-04 11:00:00,Yau Tsim Mong,3,32
20250804-1201,2025-08-04 11:00:00,Kwun Tong,3,14
20250804-1201,2025-08-04 11:00:00,Sha Tin,3,12
20250804-1201,2025-08-04 11:00:00,Sai Kung,3,11
20250804-1201,2025-08-04 11:00:00,Wong Tai Sin,28,41
20250804-1201,2025-08-04 11:00:00,Southern District,2,5
20250804-1201,2025-08-04 11:00:00,Tsuen Wan,1,7
20250804-1201,2025-08-04 11:00:00,Tai Po,1,16
20250804-1201,2025-08-04 11:00:00,Yuen Long,0,4
20250804-1201,2025-08-04 11:00:00,North District,0,20
20250804-1201,2025-08-04 11:00:00,Islands District,0,18
20250804-1302,2025-08-04 12:00:00,Tuen Mun,5,16
20250804-1302,2025-08-04 12:00:00,Wong Tai Sin,4,20
20250804-1302,2025-08-04 12:00:00,Tsuen Wan,4,13
20250804-1302,2025-08-04 12:00:00,Kwun Tong,3,7
20250804-1302,2025-08-04 12:00:00,Sai Kung,3,27
20250804-1302,2025-08-04 12:00:00,Yuen Long,3,23
20250804-1302,2025-08-04 12:00:00,Tai Po,3,17
20250804-1302,2025-08-04 12:00:00,Eastern District,3,10
20250804-1302,2025-08-04 12:00:00,Wan Chai,3,3
20250804-1302,2025-08-04 12:00:00,Yau Tsim Mong,2,6
20250804-1302,2025-08-04 12:00:00,Kowloon City,2,15
20250804-1302,2025-08-04 12:00:00,Kwai Tsing,15,24
20250804-1302,2025-08-04 12:00:00,Sha Tin,11,24
20250804-1302,2025-08-04 12:00:00,Sham Shui Po,10,19
20250804-1302,2025-08-04 12:00:00,Southern District,1,8
20250804-1302,2025-08-04 12:00:00,North District,1,5
20250804-1302,2025-08-04 12:00:00,Central & Western District,1,3
20250804-1302,2025-08-04 12:00:00,Islands District,1,14
20250804-1401,2025-08-04 13:00:00,Tai Po,9,67
20250804-1401,2025-08-04 13:00:00,Tsuen Wan,8,41
20250804-1401,2025-08-04 13:00:00,Sham Shui Po,7,9
20250804-1401,2025-08-04 13:00:00,Wong Tai Sin,6,24
20250804-1401,2025-08-04 13:00:00,Yuen Long,6,22
20250804-1401,2025-08-04 13:00:00,Sai Kung,5,41
20250804-1401,2025-08-04 13:00:00,Eastern District,5,18
20250804-1401,2025-08-04 13:00:00,Wan Chai,3,5
20250804-1401,2025-08-04 13:00:00,Kwun Tong,3,10
20250804-1401,2025-08-04 13:00:00,Sha Tin,27,56
20250804-1401,2025-08-04 13:00:00,Tuen Mun,2,6
20250804-1401,2025-08-04 13:00:00,Kowloon City,2,15
20250804-1401,2025-08-04 13:00:00,Kwai Tsing,13,36
20250804-1401,2025-08-04 13:00:00,North District,13,24
20250804-1401,2025-08-04 13:00:00,Yau Tsim Mong,1,6
20250804-1401,2025-08-04 13:00:00,Islands District,1,23
20250804-1401,2025-08-04 13:00:00,Central & Western District,1,2
20250804-1401,2025-08-04 13:00:00,Southern District,1,13
20250804-1502,2025-08-04 14:00:00,Sham Shui Po,7,8
20250804-1502,2025-08-04 14:00:00,Wong Tai Sin,6,7
20250804-1502,2025-08-04 14:00:00,Kowloon City,3,8
20250804-1502,2025-08-04 14:00:00,Kwai Tsing,3,8
20250804-1502,2025-08-04 14:00:00,Yau Tsim Mong,3,8
20250804-1502,2025-08-04 14:00:00,Sha Tin,2,9
20250804-1502,2025-08-04 14:00:00,North District,2,7
20250804-1502,2025-08-04 14:00:00,Tsuen Wan,2,3
20250804-1502,2025-08-04 14:00:00,Tai Po,2,23
20250804-1502,2025-08-04 14:00:00,Sai Kung,1,7
20250804-1502,2025-08-04 14:00:00,Central & Western District,1,5
20250804-1502,2025-08-04 14:00:00,Kwun Tong,1,4
20250804-1502,2025-08-04 14:00:00,Wan Chai,1,2
20250804-1502,2025-08-04 14:00:00,Yuen Long,1,2
20250804-1502,2025-08-04 14:00:00,Eastern District,0,2
20250804-1502,2025-08-04 14:00:00,Islands District,0,2
20250804-1502,2025-08-04 14:00:00,Tuen Mun,0,2
20250804-1502,2025-08-04 14:00:00,Southern District,0,1
20250804-1602,2025-08-04 15:00:00,Sha Tin,2,11
20250804-1602,2025-08-04 15:00:00,North District,1,7
20250804-1602,2025-08-04 15:00:00,Sham Shui Po,1,4
20250804-1602,2025-08-04 15:00:00,Sai Kung,0,9
20250804-1602,2025-08-04 15:00:00,Kwai Tsing,0,5
20250804-1602,2025-08-04 15:00:00,Yuen Long,0,5
20250804-1602,2025-08-04 15:00:00,Tai Po,0,36
20250804-1602,2025-08-04 15:00:00,Kwun Tong,0,2
20250804-1602,2025-08-04 15:00:00,Wong Tai Sin,0,2
20250804-1602,2025-08-04 15:00:00,Central & Western District,0,1
20250804-1602,2025-08-04 15:00:00,Kowloon City,0,1
20250804-1602,2025-08-04 15:00:00,Tsuen Wan,0,1
20250804-1602,2025-08-04 15:00:00,Tuen Mun,0,1
20250804-1602,2025-08-04 15:00:00,Wan Chai,0,1
20250804-1702,2025-08-04 16:00:00,Tai Po,1,9
20250804-1702,2025-08-04 16:00:00,Kwai Tsing,1,2
20250804-1702,2025-08-04 16:00:00,North District,1,1
20250804-1702,2025-08-04 16:00:00,Sha Tin,0,5
20250804-1702,2025-08-04 16:00:00,Eastern District,0,2
20250804-1702,2025-08-04 16:00:00,Kwun Tong,0,2
20250804-1702,2025-08-04 16:00:00,Sai Kung,0,11
20250804-1702,2025-08-04 16:00:00,Islands District,0,1
20250804-1702,2025-08-04 16:00:00,Kowloon City,0,1
20250804-1702,2025-08-04 16:00:00,Sham Shui Po,0,1
20250804-1702,2025-08-04 16:00:00,Tsuen Wan,0,1
20250804-1702,2025-08-04 16:00:00,Tuen Mun,0,1
20250804-1702,2025-08-04 16:00:00,Wan Chai,0,1
20250804-1702,2025-08-04 16:00:00,Wong Tai Sin,0,1
20250804-1702,2025-08-04 16:00:00,Yuen Long,0,1
20250804-1802,2025-08-04 17:00:00,Kwai Tsing,0,4
20250804-1802,2025-08-04 17:00:00,Sha Tin,0,4
20250804-1802,2025-08-04 17:00:00,Eastern District,0,3
20250804-1802,2025-08-04 17:00:00,Sai Kung,0,13
20250804-1802,2025-08-04 17:00:00,North District,0,1
20250804-1802,2025-08-04 17:00:00,Sham Shui Po,0,1
20250804-1802,2025-08-04 17:00:00,Southern District,0,1
20250804-1802,2025-08-04 17:00:00,Yuen Long,0,1
20250804-1901,2025-08-04 18:00:00,Sai Kung,0,5
20250804-1901,2025-08-04 18:00:00,Sha Tin,0,4
20250804-1901,2025-08-04 18:00:00,Kwun Tong,0,1
20250804-1901,2025-08-04 18:00:00,Tai Po,0,1
20250804-1901,2025-08-04 18:00:00,Tsuen Wan,0,1
20250804-2002,2025-08-04 19:00:00,Sha Tin,0,3
20250804-2102,2025-08-04 20:00:00,Sai Kung,0,3
20250804-2102,2025-08-04 20:00:00,Sha Tin,0,2
20250804-2202,2025-08-04 21:00:00,Sai Kung,0,7
20250804-2202,2025-08-04 21:00:00,Islands District,0,2
20250804-2202,2025-08-04 21:00:00,Kwai Tsing,0,1
20250804-2202,2025-08-04 21:00:00,Kwun Tong,0,1
20250804-2202,2025-08-04 21:00:00,Sha Tin,0,1
20250804-2202,2025-08-04 21:00:00,Tsuen Wan,0,1
20250804-2302,2025-08-04 22:00:00,Sham Shui Po,5,11
20250804-2302,2025-08-04 22:00:00,Kwai Tsing,26,50
20250804-2302,2025-08-04 22:00:00,Sai Kung,0,7
20250804-2302,2025-08-04 22:00:00,Southern District,0,6
20250804-2302,2025-08-04 22:00:00,Tsuen Wan,0,41
20250804-2302,2025-08-04 22:00:00,Eastern District,0,3
20250804-2302,2025-08-04 22:00:00,Sha Tin,0,23
20250804-2302,2025-08-04 22:00:00,Tai Po,0,11
20250804-2302,2025-08-04 22:00:00,Islands District,0,10
20250804-2302,2025-08-04 22:00:00,Kowloon City,0,1
20250804-2302,2025-08-04 22:00:00,Yuen Long,0,1
20250805-0002,2025-08-04 23:00:00,Wan Chai,9,14
20250805-0002,2025-08-04 23:00:00,Eastern District,4,20
20250805-0002,2025-08-04 23:00:00,Kwun Tong,4,17
20250805-0002,2025-08-04 23:00:00,Sai Kung,3,24
20250805-0002,2025-08-04 23:00:00,Sham Shui Po,19,32
20250805-0002,2025-08-04 23:00:00,Sha Tin,18,71
20250805-0002,2025-08-04 23:00:00,Wong Tai Sin,1,7
20250805-0002,2025-08-04 23:00:00,Kwai Tsing,1,52
20250805-0002,2025-08-04 23:00:00,Southern District,1,11
20250805-0002,2025-08-04 23:00:00,Central & Western District,0,8
20250805-0002,2025-08-04 23:00:00,Tsuen Wan,0,3
20250805-0002,2025-08-04 23:00:00,Tai Po,0,27
20250805-0002,2025-08-04 23:00:00,Yau Tsim Mong,0,2
20250805-0002,2025-08-04 23:00:00,Kowloon City,0,12
20250805-0002,2025-08-04 23:00:00,Islands District,0,11
20250805-0102,2025-08-05 00:00:00,Wan Chai,55,69
20250805-0102,2025-08-05 00:00:00,Kwai Tsing,3,16
20250805-0102,2025-08-05 00:00:00,Central & Western District,25,71
20250805-0102,2025-08-05 00:00:00,Sha Tin,2,21
20250805-0102,2025-08-05 00:00:00,Eastern District,18,59
20250805-0102,2025-08-05 00:00:00,Kowloon City,18,31
20250805-0102,2025-08-05 00:00:00,Yau Tsim Mong,16,27
20250805-0102,2025-08-05 00:00:00,Wong Tai Sin,16,20
20250805-0102,2025-08-05 00:00:00,Sham Shui Po,15,24
20250805-0102,2025-08-05 00:00:00,Kwun Tong,14,68
20250805-0102,2025-08-05 00:00:00,Tai Po,1,19
20250805-0102,2025-08-05 00:00:00,Sai Kung,0,87
20250805-0102,2025-08-05 00:00:00,Southern District,0,66
20250805-0102,2025-08-05 00:00:00,North District,0,6
20250805-0102,2025-08-05 00:00:00,Islands District,0,54
20250805-0102,2025-08-05 00:00:00,Tsuen Wan,0,2
20250805-0102,2025-08-05 00:00:00,Tuen Mun,0,1
20250805-0102,2025-08-05 00:00:00,Yuen Long,0,1
20250805-0201,2025-08-05 01:00:00,Sai Kung,6,57
20250805-0201,2025-08-05 01:00:00,Southern District,6,47
20250805-0201,2025-08-05 01:00:00,Kwai Tsing,5,16
20250805-0201,2025-08-05 01:00:00,Eastern District,42,54
20250805-0201,2025-08-05 01:00:00,Wan Chai,41,47
20250805-0201,2025-08-05 01:00:00,Sha Tin,4,8
20250805-0201,2025-08-05 01:00:00,Tsuen Wan,4,6
20250805-0201,2025-08-05 01:00:00,Central & Western District,37,51
20250805-0201,2025-08-05 01:00:00,Yuen Long,3,10
20250805-0201,2025-08-05 01:00:00,Kwun Tong,28,55
20250805-0201,2025-08-05 01:00:00,Tai Po,2,7
20250805-0201,2025-08-05 01:00:00,Yau Tsim Mong,17,38
20250805-0201,2025-08-05 01:00:00,Wong Tai Sin,11,22
20250805-0201,2025-08-05 01:00:00,Kowloon City,10,35
20250805-0201,2025-08-05 01:00:00,Sham Shui Po,10,18
20250805-0201,2025-08-05 01:00:00,North District,1,11
20250805-0201,2025-08-05 01:00:00,Tuen Mun,1,10
20250805-0201,2025-08-05 01:00:00,Islands District,0,37
20250805-0301,2025-08-05 02:00:00,Sha Tin,9,18
20250805-0301,2025-08-05 02:00:00,Sham Shui Po,9,15
20250805-0301,2025-08-05 02:00:00,Kwai Tsing,7,12
20250805-0301,2025-08-05 02:00:00,Wong Tai Sin,41,76
20250805-0301,2025-08-05 02:00:00,Yau Tsim Mong,40,52
20250805-0301,2025-08-05 02:00:00,North District,4,7
20250805-0301,2025-08-05 02:00:00,Tai Po,4,28
20250805-0301,2025-08-05 02:00:00,Wan Chai,4,12
20250805-0301,2025-08-05 02:00:00,Central & Western District,3,31
20250805-0301,2025-08-05 02:00:00,Yuen Long,3,12
20250805-0301,2025-08-05 02:00:00,Tsuen Wan,3,10
20250805-0301,2025-08-05 02:00:00,Kwun Tong,28,60
20250805-0301,2025-08-05 02:00:00,Kowloon City,24,60
20250805-0301,2025-08-05 02:00:00,Tuen Mun,2,12
20250805-0301,2025-08-05 02:00:00,Sai Kung,1,72
20250805-0301,2025-08-05 02:00:00,Islands District,0,6
20250805-0301,2025-08-05 02:00:00,Southern District,0,6
20250805-0301,2025-08-05 02:00:00,Eastern District,0,27
20250805-0401,2025-08-05 03:00:00,North District,6,37
20250805-0401,2025-08-05 03:00:00,Tsuen Wan,4,21
20250805-0401,2025-08-05 03:00:00,Yuen Long,2,25
20250805-0401,2025-08-05 03:00:00,Tai Po,10,40
20250805-0401,2025-08-05 03:00:00,Sha Tin,1,8
20250805-0401,2025-08-05 03:00:00,Kwai Tsing,1,3
20250805-0401,2025-08-05 03:00:00,Wong Tai Sin,1,3
20250805-0401,2025-08-05 03:00:00,Kowloon City,1,2
20250805-0401,2025-08-05 03:00:00,Kwun Tong,1,2
20250805-0401,2025-08-05 03:00:00,Wan Chai,1,2
20250805-0401,2025-08-05 03:00:00,Yau Tsim Mong,1,2
20250805-0401,2025-08-05 03:00:00,Tuen Mun,1,17
20250805-0401,2025-08-05 03:00:00,Central & Western District,1,1
20250805-0401,2025-08-05 03:00:00,Sham Shui Po,1,1
20250805-0401,2025-08-05 03:00:00,Islands District,0,6
20250805-0401,2025-08-05 03:00:00,Eastern District,0,2
20250805-0401,2025-08-05 03:00:00,Sai Kung,0,15
20250805-0401,2025-08-05 03:00:00,Southern District,0,1
20250805-0502,2025-08-05 04:00:00,Sham Shui Po,8,15
20250805-0502,2025-08-05 04:00:00,Kwai Tsing,3,11
20250805-0502,2025-08-05 04:00:00,Sha Tin,2,9
20250805-0502,2025-08-05 04:00:00,Kwun Tong,1,5
20250805-0502,2025-08-05 04:00:00,Tsuen Wan,1,4
20250805-0502,2025-08-05 04:00:00,Kowloon City,1,2
20250805-0502,2025-08-05 04:00:00,Wong Tai Sin,1,2
20250805-0502,2025-08-05 04:00:00,North District,1,17
20250805-0502,2025-08-05 04:00:00,Tai Po,1,17
20250805-0502,2025-08-05 04:00:00,Yau Tsim Mong,1,1
20250805-0502,2025-08-05 04:00:00,Islands District,0,5
20250805-0502,2025-08-05 04:00:00,Sai Kung,0,12
20250805-0502,2025-08-05 04:00:00,Central & Western District,0,1
20250805-0502,2025-08-05 04:00:00,Eastern District,0,1
20250805-0502,2025-08-05 04:00:00,Southern District,0,1
20250805-0502,2025-08-05 04:00:00,Tuen Mun,0,1
20250805-0502,2025-08-05 04:00:00,Wan Chai,0,1
20250805-0502,2025-08-05 04:00:00,Yuen Long,0,1
20250805-0602,2025-08-05 05:00:00,Tai Po,8,79
20250805-0602,2025-08-05 05:00:00,Sha Tin,7,18
20250805-0602,2025-08-05 05:00:00,Sham Shui Po,3,8
20250805-0602,2025-08-05 05:00:00,Kwai Tsing,11,22
20250805-0602,2025-08-05 05:00:00,Tsuen Wan,1,23
20250805-0602,2025-08-05 05:00:00,Kowloon City,0,4
20250805-0602,2025-08-05 05:00:00,North District,0,25
20250805-0602,2025-08-05 05:00:00,Yuen Long,0,20
20250805-0602,2025-08-05 05:00:00,Islands District,0,2
20250805-0602,2025-08-05 05:00:00,Kwun Tong,0,2
20250805-0602,2025-08-05 05:00:00,Sai Kung,0,18
20250805-0602,2025-08-05 05:00:00,Tuen Mun,0,11
20250805-0602,2025-08-05 05:00:00,Wong Tai Sin,0,1
20250805-0702,2025-08-05 06:00:00,Sham Shui Po,8,13
20250805-0702,2025-08-05 06:00:00,North District,7,101
20250805-0702,2025-08-05 06:00:00,Wong Tai Sin,6,15
20250805-0702,2025-08-05 06:00:00,Tuen Mun,35,53
20250805-0702,2025-08-05 06:00:00,Tsuen Wan,29,85
20250805-0702,2025-08-05 06:00:00,Yuen Long,29,45
20250805-0702,2025-08-05 06:00:00,Sha Tin,27,50
20250805-0702,2025-08-05 06:00:00,Kwai Tsing,26,52
20250805-0702,2025-08-05 06:00:00,Tai Po,22,107
20250805-0702,2025-08-05 06:00:00,Yau Tsim Mong,2,4
20250805-0702,2025-08-05 06:00:00,Kowloon City,1,7
20250805-0702,2025-08-05 06:00:00,Sai Kung,0,53
20250805-0702,2025-08-05 06:00:00,Kwun Tong,0,5
20250805-0702,2025-08-05 06:00:00,Central & Western District,0,4
20250805-0702,2025-08-05 06:00:00,Islands District,0,24
20250805-0702,2025-08-05 06:00:00,Eastern District,0,1
20250805-0702,2025-08-05 06:00:00,Wan Chai,0,1
20250805-0802,2025-08-05 07:00:00,North District,7,42
20250805-0802,2025-08-05 07:00:00,Sham Shui Po,62,73
20250805-0802,2025-08-05 07:00:00,Kwai Tsing,60,68
20250805-0802,2025-08-05 07:00:00,Tai Po,48,77
20250805-0802,2025-08-05 07:00:00,Wong Tai Sin,44,48
20250805-0802,2025-08-05 07:00:00,Central & Western District,42,59
20250805-0802,2025-08-05 07:00:00,Islands District,4,84
20250805-0802,2025-08-05 07:00:00,Sha Tin,38,62
20250805-0802,2025-08-05 07:00:00,Wan Chai,38,52
20250805-0802,2025-08-05 07:00:00,Yau Tsim Mong,37,49
20250805-0802,2025-08-05 07:00:00,Kowloon City,36,52
20250805-0802,2025-08-05 07:00:00,Tsuen Wan,34,67
20250805-0802,2025-08-05 07:00:00,Kwun Tong,30,43
20250805-0802,2025-08-05 07:00:00,Sai Kung,24,63
20250805-0802,2025-08-05 07:00:00,Eastern District,23,42
20250805-0802,2025-08-05 07:00:00,Yuen Long,21,53
20250805-0802,2025-08-05 07:00:00,Southern District,19,43
20250805-0802,2025-08-05 07:00:00,Tuen Mun,17,31
20250805-0902,2025-08-05 08:00:00,Islands District,7,50
20250805-0902,2025-08-05 08:00:00,Sai Kung,5,39
20250805-0902,2025-08-05 08:00:00,Sha Tin,5,10
20250805-0902,2025-08-05 08:00:00,Tsuen Wan,4,15
20250805-0902,2025-08-05 08:00:00,Southern District,27,60
20250805-0902,2025-08-05 08:00:00,Wan Chai,24,38
20250805-0902,2025-08-05 08:00:00,Eastern District,22,36
20250805-0902,2025-08-05 08:00:00,Central & Western District,20,28
20250805-0902,2025-08-05 08:00:00,Tai Po,2,6
20250805-0902,2025-08-05 08:00:00,Yuen Long,2,3
20250805-0902,2025-08-05 08:00:00,Yau Tsim Mong,15,16
20250805-0902,2025-08-05 08:00:00,Kowloon City,13,15
20250805-0902,2025-08-05 08:00:00,Kwun Tong,12,27
20250805-0902,2025-08-05 08:00:00,Sham Shui Po,12,13
20250805-0902,2025-08-05 08:00:00,Kwai Tsing,11,17
20250805-0902,2025-08-05 08:00:00,Wong Tai Sin,10,13
20250805-0902,2025-08-05 08:00:00,North District,1,7
20250805-0902,2025-08-05 08:00:00,Tuen Mun,1,13
20250805-1001,2025-08-05 09:00:00,Southern District,9,61
20250805-1001,2025-08-05 09:00:00,Sai Kung,9,53
20250805-1001,2025-08-05 09:00:00,Sha Tin,8,19
20250805-1001,2025-08-05 09:00:00,Islands District,6,90
20250805-1001,2025-08-05 09:00:00,Kwun Tong,51,57
20250805-1001,2025-08-05 09:00:00,Yau Tsim Mong,45,59
20250805-1001,2025-08-05 09:00:00,Central & Western District,44,76
20250805-1001,2025-08-05 09:00:00,Wan Chai,43,59
20250805-1001,2025-08-05 09:00:00,Eastern District,42,56
20250805-1001,2025-08-05 09:00:00,Wong Tai Sin,40,59
20250805-1001,2025-08-05 09:00:00,Tai Po,3,8
20250805-1001,2025-08-05 09:00:00,Kowloon City,29,59
20250805-1001,2025-08-05 09:00:00,Sham Shui Po,16,25
20250805-1001,2025-08-05 09:00:00,Kwai Tsing,12,23
20250805-1001,2025-08-05 09:00:00,Tuen Mun,10,39
20250805-1001,2025-08-05 09:00:00,Tsuen Wan,10,30
20250805-1001,2025-08-05 09:00:00,North District,1,7
20250805-1001,2025-08-05 09:00:00,Yuen Long,1,17
20250805-1101,2025-08-05 10:00:00,Islands District,9,65
20250805-1101,2025-08-05 10:00:00,Tai Po,7,22
20250805-1101,2025-08-05 10:00:00,Yuen Long,6,13
20250805-1101,2025-08-05 10:00:00,Kwun Tong,50,61
20250805-1101,2025-08-05 10:00:00,Tuen Mun,5,20
20250805-1101,2025-08-05 10:00:00,North District,5,15
20250805-1101,2025-08-05 10:00:00,Wan Chai,47,72
20250805-1101,2025-08-05 10:00:00,Central & Western District,38,68
20250805-1101,2025-08-05 10:00:00,Yau Tsim Mong,33,49
20250805-1101,2025-08-05 10:00:00,Sai Kung,32,62
20250805-1101,2025-08-05 10:00:00,Eastern District,31,68
20250805-1101,2025-08-05 10:00:00,Wong Tai Sin,31,44
20250805-1101,2025-08-05 10:00:00,Kowloon City,26,49
20250805-1101,2025-08-05 10:00:00,Southern District,20,58
20250805-1101,2025-08-05 10:00:00,Sham Shui Po,16,22
20250805-1101,2025-08-05 10:00:00,Kwai Tsing,13,19
20250805-1101,2025-08-05 10:00:00,Sha Tin,11,20
20250805-1101,2025-08-05 10:00:00,Tsuen Wan,10,24
20250805-1201,2025-08-05 11:00:00,Yuen Long,9,22
20250805-1201,2025-08-05 11:00:00,Wong Tai Sin,62,69
20250805-1201,2025-08-05 11:00:00,Tai Po,6,43
20250805-1201,2025-08-05 11:00:00,North District,6,18
20250805-1201,2025-08-05 11:00:00,Southern District,5,26
20250805-1201,2025-08-05 11:00:00,Yau Tsim Mong,46,65
20250805-1201,2025-08-05 11:00:00,Sham Shui Po,41,58
20250805-1201,2025-08-05 11:00:00,Kwun Tong,36,51
20250805-1201,2025-08-05 11:00:00,Kowloon City,33,69
20250805-1201,2025-08-05 11:00:00,Islands District,3,26
20250805-1201,2025-08-05 11:00:00,Central & Western District,29,46
20250805-1201,2025-08-05 11:00:00,Wan Chai,23,29
20250805-1201,2025-08-05 11:00:00,Sha Tin,20,43
20250805-1201,2025-08-05 11:00:00,Kwai Tsing,20,25
20250805-1201,2025-08-05 11:00:00,Sai Kung,19,56
20250805-1201,2025-08-05 11:00:00,Eastern District,17,33
20250805-1201,2025-08-05 11:00:00,Tsuen Wan,12,24
20250805-1201,2025-08-05 11:00:00,Tuen Mun,12,22
20250805-1302,2025-08-05 12:00:00,Kwun Tong,9,26
20250805-1302,2025-08-05 12:00:00,Southern District,8,29
20250805-1302,2025-08-05 12:00:00,Wong Tai Sin,7,8
20250805-1302,2025-08-05 12:00:00,Yau Tsim Mong,7,10
20250805-1302,2025-08-05 12:00:00,Central & Western District,6,27
20250805-1302,2025-08-05 12:00:00,Sai Kung,5,29
20250805-1302,2025-08-05 12:00:00,Kowloon City,5,16
20250805-1302,2025-08-05 12:00:00,Sham Shui Po,4,5
20250805-1302,2025-08-05 12:00:00,Tuen Mun,3,4
20250805-1302,2025-08-05 12:00:00,Wan Chai,24,37
20250805-1302,2025-08-05 12:00:00,North District,2,5
20250805-1302,2025-08-05 12:00:00,Kwai Tsing,2,4
20250805-1302,2025-08-05 12:00:00,Tsuen Wan,2,4
20250805-1302,2025-08-05 12:00:00,Islands District,2,30
20250805-1302,2025-08-05 12:00:00,Sha Tin,2,3
20250805-1302,2025-08-05 12:00:00,Yuen Long,2,3
20250805-1302,2025-08-05 12:00:00,Eastern District,18,27
20250805-1302,2025-08-05 12:00:00,Tai Po,1,8
20250805-1402,2025-08-05 13:00:00,Wan Chai,8,11
20250805-1402,2025-08-05 13:00:00,Kwun Tong,7,8
20250805-1402,2025-08-05 13:00:00,Wong Tai Sin,7,8
20250805-1402,2025-08-05 13:00:00,Eastern District,7,15
20250805-1402,2025-08-05 13:00:00,Kowloon City,5,7
20250805-1402,2025-08-05 13:00:00,Yau Tsim Mong,3,8
20250805-1402,2025-08-05 13:00:00,Sai Kung,3,17
20250805-1402,2025-08-05 13:00:00,North District,2,4
20250805-1402,2025-08-05 13:00:00,Southern District,2,30
20250805-1402,2025-08-05 13:00:00,Central & Western District,1,5
20250805-1402,2025-08-05 13:00:00,Sham Shui Po,1,4
20250805-1402,2025-08-05 13:00:00,Tai Po,1,4
20250805-1402,2025-08-05 13:00:00,Tsuen Wan,1,4
20250805-1402,2025-08-05 13:00:00,Kwai Tsing,1,3
20250805-1402,2025-08-05 13:00:00,Sha Tin,1,3
20250805-1402,2025-08-05 13:00:00,Yuen Long,1,3
20250805-1402,2025-08-05 13:00:00,Tuen Mun,1,2
20250805-1402,2025-08-05 13:00:00,Islands District,0,21
20250805-1501,2025-08-05 14:00:00,Sai Kung,8,43
20250805-1501,2025-08-05 14:00:00,Eastern District,7,54
20250805-1501,2025-08-05 14:00:00,Kwai Tsing,6,9
20250805-1501,2025-08-05 14:00:00,Sha Tin,6,13
20250805-1501,2025-08-05 14:00:00,Wan Chai,29,37
20250805-1501,2025-08-05 14:00:00,Wong Tai Sin,23,24
20250805-1501,2025-08-05 14:00:00,Kowloon City,22,26
20250805-1501,2025-08-05 14:00:00,Southern District,2,37
20250805-1501,2025-08-05 14:00:00,Kwun Tong,17,46
20250805-1501,2025-08-05 14:00:00,Yau Tsim Mong,17,21
20250805-1501,2025-08-05 14:00:00,Central & Western District,14,41
20250805-1501,2025-08-05 14:00:00,Sham Shui Po,13,20
20250805-1501,2025-08-05 14:00:00,North District,0,7
20250805-1501,2025-08-05 14:00:00,Tsuen Wan,0,6
20250805-1501,2025-08-05 14:00:00,Yuen Long,0,4
20250805-1501,2025-08-05 14:00:00,Tuen Mun,0,3
20250805-1501,2025-08-05 14:00:00,Tai Po,0,24
20250805-1501,2025-08-05 14:00:00,Islands District,0,22
20250805-1602,2025-08-05 15:00:00,Kwai Tsing,9,17
20250805-1602,2025-08-05 15:00:00,Wan Chai,8,10
20250805-1602,2025-08-05 15:00:00,Tsuen Wan,7,25
20250805-1602,2025-08-05 15:00:00,Wong Tai Sin,6,8
20250805-1602,2025-08-05 15:00:00,Sha Tin,5,17
20250805-1602,2025-08-05 15:00:00,Tai Po,4,21
20250805-1602,2025-08-05 15:00:00,Kowloon City,4,16
20250805-1602,2025-08-05 15:00:00,Yau Tsim Mong,3,9
20250805-1602,2025-08-05 15:00:00,North District,3,7
20250805-1602,2025-08-05 15:00:00,Sham Shui Po,3,4
20250805-1602,2025-08-05 15:00:00,Central & Western District,2,11
20250805-1602,2025-08-05 15:00:00,Sai Kung,18,59
20250805-1602,2025-08-05 15:00:00,Kwun Tong,17,29
20250805-1602,2025-08-05 15:00:00,Eastern District,13,33
20250805-1602,2025-08-05 15:00:00,Tuen Mun,1,3
20250805-1602,2025-08-05 15:00:00,Yuen Long,0,7
20250805-1602,2025-08-05 15:00:00,Islands District,0,6
20250805-1602,2025-08-05 15:00:00,Southern District,0,25
20250805-1702,2025-08-05 16:00:00,Sha Tin,7,51
20250805-1702,2025-08-05 16:00:00,North District,2,8
20250805-1702,2025-08-05 16:00:00,Yuen Long,2,8
20250805-1702,2025-08-05 16:00:00,Sham Shui Po,10,11
20250805-1702,2025-08-05 16:00:00,Tsuen Wan,1,6
20250805-1702,2025-08-05 16:00:00,Sai Kung,1,5
20250805-1702,2025-08-05 16:00:00,Tai Po,1,33
20250805-1702,2025-08-05 16:00:00,Tuen Mun,0,6
20250805-1702,2025-08-05 16:00:00,Islands District,0,3
20250805-1702,2025-08-05 16:00:00,Kwai Tsing,0,3
20250805-1702,2025-08-05 16:00:00,Eastern District,0,2
20250805-1702,2025-08-05 16:00:00,Kowloon City,0,1
20250805-1702,2025-08-05 16:00:00,Kwun Tong,0,1
20250805-1702,2025-08-05 16:00:00,Southern District,0,1
20250805-1702,2025-08-05 16:00:00,Wong Tai Sin,0,1
20250805-1802,2025-08-05 17:00:00,Tsuen Wan,0,6
20250805-1802,2025-08-05 17:00:00,Kwai Tsing,0,2
20250805-1802,2025-08-05 17:00:00,Sai Kung,0,2
20250805-1802,2025-08-05 17:00:00,Tai Po,0,11
20250805-1802,2025-08-05 17:00:00,North District,0,10
20250805-1802,2025-08-05 17:00:00,Islands District,0,1
20250805-1802,2025-08-05 17:00:00,Kwun Tong,0,1
20250805-1802,2025-08-05 17:00:00,Sha Tin,0,1
20250805-1802,2025-08-05 17:00:00,Wong Tai Sin,0,1
20250805-1802,2025-08-05 17:00:00,Yuen Long,0,1
20250805-1902,2025-08-05 18:00:00,Tai Po,0,6
20250805-1902,2025-08-05 18:00:00,North District,0,5
20250805-1902,2025-08-05 18:00:00,Sai Kung,0,4
20250805-1902,2025-08-05 18:00:00,Kwun Tong,0,1
20250805-1902,2025-08-05 18:00:00,Tsuen Wan,0,1
20250805-1902,2025-08-05 18:00:00,Yuen Long,0,1
20250805-2002,2025-08-05 19:00:00,North District,0,2
20250805-2002,2025-08-05 19:00:00,Sha Tin,0,1
20250805-2102,2025-08-05 20:00:00,North District,0,1
20250805-2102,2025-08-05 20:00:00,Tai Po,0,1
20250805-2202,2025-08-05 21:00:00,Kowloon City,0,1
20250805-2202,2025-08-05 21:00:00,North District,0,1
20250805-2202,2025-08-05 21:00:00,Tuen Mun,0,1
20250805-2302,2025-08-05 22:00:00,Islands District,0,1
20250805-2302,2025-08-05 22:00:00,Kwun Tong,0,1
20250805-2302,2025-08-05 22:00:00,North District,0,1
20250806-0002,2025-08-05 23:00:00,Tai Po,0,5
20250806-0002,2025-08-05 23:00:00,Sai Kung,0,3
20250806-0002,2025-08-05 23:00:00,North District,0,1
20250806-0002,2025-08-05 23:00:00,Yuen Long,0,1
20250806-0102,2025-08-06 00:00:00,Sham Shui Po,7,13
20250806-0102,2025-08-06 00:00:00,Kwai Tsing,6,13
20250806-0102,2025-08-06 00:00:00,Tsuen Wan,5,15
20250806-0102,2025-08-06 00:00:00,Tuen Mun,2,17
20250806-0102,2025-08-06 00:00:00,Yuen Long,2,15
20250806-0102,2025-08-06 00:00:00,Sha Tin,2,11
20250806-0102,2025-08-06 00:00:00,Central & Western District,0,6
20250806-0102,2025-08-06 00:00:00,Southern District,0,5
20250806-0102,2025-08-06 00:00:00,North District,0,22
20250806-0102,2025-08-06 00:00:00,Kowloon City,0,2
20250806-0102,2025-08-06 00:00:00,Wong Tai Sin,0,2
20250806-0102,2025-08-06 00:00:00,Islands District,0,14
20250806-0102,2025-08-06 00:00:00,Tai Po,0,10
20250806-0102,2025-08-06 00:00:00,Sai Kung,0,1
20250806-0102,2025-08-06 00:00:00,Yau Tsim Mong,0,1
20250806-0202,2025-08-06 01:00:00,Yau Tsim Mong,9,10
20250806-0202,2025-08-06 01:00:00,Kowloon City,8,11
20250806-0202,2025-08-06 01:00:00,Wong Tai Sin,8,10
20250806-0202,2025-08-06 01:00:00,Sha Tin,7,13
20250806-0202,2025-08-06 01:00:00,Sham Shui Po,7,10
20250806-0202,2025-08-06 01:00:00,Kwun Tong,6,11
20250806-0202,2025-08-06 01:00:00,Wan Chai,6,11
20250806-0202,2025-08-06 01:00:00,Central & Western District,5,9
20250806-0202,2025-08-06 01:00:00,Kwai Tsing,5,9
20250806-0202,2025-08-06 01:00:00,Tai Po,4,18
20250806-0202,2025-08-06 01:00:00,Eastern District,1,9
20250806-0202,2025-08-06 01:00:00,Yuen Long,1,5
20250806-0202,2025-08-06 01:00:00,Tuen Mun,1,2
20250806-0202,2025-08-06 01:00:00,North District,1,10
20250806-0202,2025-08-06 01:00:00,Sai Kung,1,10
20250806-0202,2025-08-06 01:00:00,Southern District,0,5
20250806-0202,2025-08-06 01:00:00,Islands District,0,4
20250806-0202,2025-08-06 01:00:00,Tsuen Wan,0,10
20250806-0301,2025-08-06 02:00:00,,0,0
20250806-0401,2025-08-06 03:00:00,North District,0,1
20250806-0502,2025-08-06 04:00:00,Wong Tai Sin,1,1
20250806-0502,2025-08-06 04:00:00,Yau Tsim Mong,1,1
20250806-0502,2025-08-06 04:00:00,Kwun Tong,0,7
20250806-0502,2025-08-06 04:00:00,Eastern District,0,5
20250806-0502,2025-08-06 04:00:00,Sai Kung,0,4
20250806-0502,2025-08-06 04:00:00,Islands District,0,2
20250806-0502,2025-08-06 04:00:00,Kwai Tsing,0,2
20250806-0502,2025-08-06 04:00:00,Sha Tin,0,2
20250806-0502,2025-08-06 04:00:00,Southern District,0,2
20250806-0502,2025-08-06 04:00:00,Tai Po,0,2
20250806-0502,2025-08-06 04:00:00,Central & Western District,0,1
20250806-0502,2025-08-06 04:00:00,Kowloon City,0,1
20250806-0502,2025-08-06 04:00:00,Sham Shui Po,0,1
20250806-0502,2025-08-06 04:00:00,Tsuen Wan,0,1
20250806-0502,2025-08-06 04:00:00,Tuen Mun,0,1
20250806-0502,2025-08-06 04:00:00,Wan Chai,0,1
20250806-0502,2025-08-06 04:00:00,Yuen Long,0,1
20250806-0602,2025-08-06 05:00:00,Islands District,0,2
20250806-0602,2025-08-06 05:00:00,Tai Po,0,2
20250806-0602,2025-08-06 05:00:00,Kwai Tsing,0,1
20250806-0602,2025-08-06 05:00:00,North District,0,1
20250806-0602,2025-08-06 05:00:00,Sha Tin,0,1
20250806-0602,2025-08-06 05:00:00,Tsuen Wan,0,1
20250806-0602,2025-08-06 05:00:00,Tuen Mun,0,1
20250806-0602,2025-08-06 05:00:00,Wong Tai Sin,0,1
20250806-0702,2025-08-06 06:00:00,Islands District,0,3
20250806-0702,2025-08-06 06:00:00,Tuen Mun,0,1
20250806-0801,2025-08-06 07:00:00,,0,0
20250806-0901,2025-08-06 08:00:00,Tai Po,0,1
20250806-1002,2025-08-06 09:00:00,Yuen Long,0,2
20250806-1002,2025-08-06 09:00:00,North District,0,1
20250806-1002,2025-08-06 09:00:00,Tai Po,0,1
20250806-1102,2025-08-06 10:00:00,Tsuen Wan,0,7
20250806-1102,2025-08-06 10:00:00,Yuen Long,0,4
20250806-1102,2025-08-06 10:00:00,North District,0,1
20250806-1202,2025-08-06 11:00:00,Tai Po,0,7
20250806-1202,2025-08-06 11:00:00,North District,0,3
20250806-1202,2025-08-06 11:00:00,Sai Kung,0,2
20250806-1202,2025-08-06 11:00:00,Sha Tin,0,2
20250806-1202,2025-08-06 11:00:00,Eastern District,0,1
20250806-1202,2025-08-06 11:00:00,Kwun Tong,0,1
20250806-1202,2025-08-06 11:00:00,Tsuen Wan,0,1
20250806-1202,2025-08-06 11:00:00,Yuen Long,0,1
20250806-1302,2025-08-06 12:00:00,Tuen Mun,0,8
20250806-1302,2025-08-06 12:00:00,Tai Po,0,4
20250806-1302,2025-08-06 12:00:00,Tsuen Wan,0,2
20250806-1302,2025-08-06 12:00:00,Yuen Long,0,2
20250806-1302,2025-08-06 12:00:00,North District,0,13
20250806-1302,2025-08-06 12:00:00,Sai Kung,0,1
20250806-1402,2025-08-06 13:00:00,Sham Shui Po,9,12
20250806-1402,2025-08-06 13:00:00,Sha Tin,8,13
20250806-1402,2025-08-06 13:00:00,Wong Tai Sin,6,8
20250806-1402,2025-08-06 13:00:00,Tsuen Wan,5,22
20250806-1402,2025-08-06 13:00:00,Tuen Mun,4,8
20250806-1402,2025-08-06 13:00:00,Yau Tsim Mong,4,6
20250806-1402,2025-08-06 13:00:00,Yuen Long,3,10
20250806-1402,2025-08-06 13:00:00,Central & Western District,2,8
20250806-1402,2025-08-06 13:00:00,Kwun Tong,2,6
20250806-1402,2025-08-06 13:00:00,Tai Po,2,25
20250806-1402,2025-08-06 13:00:00,Kwai Tsing,11,15
20250806-1402,2025-08-06 13:00:00,Sai Kung,1,8
20250806-1402,2025-08-06 13:00:00,Eastern District,1,7
20250806-1402,2025-08-06 13:00:00,Wan Chai,1,2
20250806-1402,2025-08-06 13:00:00,Kowloon City,1,10
20250806-1402,2025-08-06 13:00:00,Southern District,0,5
20250806-1402,2025-08-06 13:00:00,North District,0,21
20250806-1402,2025-08-06 13:00:00,Islands District,0,15
20250806-1502,2025-08-06 14:00:00,Eastern District,2,4
20250806-1502,2025-08-06 14:00:00,Sai Kung,1,13
20250806-1502,2025-08-06 14:00:00,Wan Chai,1,1
20250806-1502,2025-08-06 14:00:00,Southern District,0,6
20250806-1502,2025-08-06 14:00:00,Kwun Tong,0,4
20250806-1502,2025-08-06 14:00:00,Tai Po,0,3
20250806-1502,2025-08-06 14:00:00,North District,0,2
20250806-1502,2025-08-06 14:00:00,Central & Western District,0,1
20250806-1502,2025-08-06 14:00:00,Islands District,0,1
20250806-1502,2025-08-06 14:00:00,Kowloon City,0,1
20250806-1502,2025-08-06 14:00:00,Sha Tin,0,1
20250806-1502,2025-08-06 14:00:00,Yau Tsim Mong,0,1
20250806-1601,2025-08-06 15:00:00,,0,0
20250806-1701,2025-08-06 16:00:00,,0,0
20250806-1802,2025-08-06 17:00:00,,0,0
20250806-1902,2025-08-06 18:00:00,,0,0
20250806-2002,2025-08-06 19:00:00,,0,0
20250806-2101,2025-08-06 20:00:00,,0,0
20250806-2202,2025-08-06 21:00:00,,0,0
20250806-2302,2025-08-06 22:00:00,,0,0
20250807-0002,2025-08-06 23:00:00,,0,0
20250807-0101,2025-08-07 00:00:00,,0,0
20250807-0201,2025-08-07 01:00:00,,0,0
20250807-0301,2025-08-07 02:00:00,,0,0
20250807-0402,2025-08-07 03:00:00,,0,0
20250807-0502,2025-08-07 04:00:00,,0,0
20250807-0602,2025-08-07 05:00:00,,0,0
20250807-0701,2025-08-07 06:00:00,,0,0
20250807-0802,2025-08-07 07:00:00,,0,0
20250807-0901,2025-08-07 08:00:00,,0,0
20250807-1001,2025-08-07 09:00:00,,0,0
20250807-1101,2025-08-07 10:00:00,,0,0
20250807-1201,2025-08-07 11:00:00,,0,0
20250807-1301,2025-08-07 12:00:00,,0,0
20250807-1401,2025-08-07 13:00:00,,0,0
20250807-1501,2025-08-07 14:00:00,,0,0
20250807-1601,2025-08-07 15:00:00,,0,0
20250807-1702,2025-08-07 16:00:00,,0,0
20250807-1802,2025-08-07 17:00:00,,0,0
20250807-1902,2025-08-07 18:00:00,,0,0
20250807-2002,2025-08-07 19:00:00,,0,0
20250807-2101,2025-08-07 20:00:00,,0,0
20250807-2201,2025-08-07 21:00:00,,0,0
20250807-2302,2025-08-07 22:00:00,,0,0
20250808-0002,2025-08-08 00:00:00,,0,0
20250808-0201,2025-08-08 01:00:00,,0,0
20250808-0302,2025-08-08 02:00:00,,0,0
20250808-0402,2025-08-08 03:00:00,,0,0
20250808-0502,2025-08-08 04:00:00,,0,0
20250808-0602,2025-08-08 05:00:00,,0,0
20250808-0701,2025-08-08 06:00:00,,0,0
20250808-0802,2025-08-08 07:00:00,,0,0
20250808-0902,2025-08-08 08:00:00,,0,0
20250808-1001,2025-08-08 09:00:00,,0,0
20250808-1101,2025-08-08 10:00:00,,0,0
20250808-1201,2025-08-08 11:00:00,,0,0
20250808-1301,2025-08-08 12:00:00,,0,0
20250808-1402,2025-08-08 13:00:00,,0,0
20250808-1502,2025-08-08 14:00:00,,0,0
20250808-1602,2025-08-08 15:00:00,,0,0
20250808-1702,2025-08-08 16:00:00,,0,0
20250808-1801,2025-08-08 17:00:00,,0,0
20250808-1901,2025-08-08 18:00:00,,0,0
20250808-2001,2025-08-08 19:00:00,,0,0
20250808-2101,2025-08-08 20:00:00,,0,0
20250808-2202,2025-08-08 21:00:00,,0,0
20250808-2302,2025-08-08 22:00:00,,0,0
20250809-0002,2025-08-08 23:00:00,,0,0
20250809-0102,2025-08-09 00:00:00,,0,0
20250809-0201,2025-08-09 01:00:00,,0,0
20250809-0301,2025-08-09 02:00:00,,0,0
20250809-0401,2025-08-09 03:00:00,,0,0
20250809-0501,2025-08-09 04:00:00,,0,0
20250809-0602,2025-08-09 05:00:00,,0,0
20250809-0702,2025-08-09 06:00:00,,0,0
20250809-0801,2025-08-09 07:00:00,,0,0
20250809-0901,2025-08-09 08:00:00,,0,0
20250809-1001,2025-08-09 09:00:00,,0,0
20250809-1102,2025-08-09 10:00:00,,0,0
20250809-1202,2025-08-09 11:00:00,,0,0
20250809-1301,2025-08-09 12:00:00,,0,0
20250809-1402,2025-08-09 13:00:00,,0,0
20250809-1502,2025-08-09 14:00:00,,0,0
20250809-1602,2025-08-09 15:00:00,,0,0
20250809-1701,2025-08-09 16:00:00,,0,0
20250809-1801,2025-08-09 17:00:00,,0,0
20250809-1902,2025-08-09 19:00:00,,0,0
20250809-2102,2025-08-09 20:00:00,,0,0
20250809-2202,2025-08-09 21:00:00,,0,0
20250809-2302,2025-08-09 22:00:00,,0,0
20250810-0002,2025-08-09 23:00:00,,0,0
20250810-0101,2025-08-10 00:00:00,,0,0
20250810-0202,2025-08-10 01:00:00,,0,0
20250810-0302,2025-08-10 02:00:00,,0,0
20250810-0401,2025-08-10 03:00:00,Islands District,0,2
20250810-0501,2025-08-10 04:00:00,Southern District,0,6
20250810-0501,2025-08-10 04:00:00,Tai Po,0,2
20250810-0601,2025-08-10 05:00:00,Tai Po,0,4
20250810-0601,2025-08-10 05:00:00,Sai Kung,0,2
20250810-0601,2025-08-10 05:00:00,Kwun Tong,0,1
20250810-0601,2025-08-10 05:00:00,Sha Tin,0,1
20250810-0601,2025-08-10 05:00:00,Southern District,0,1
20250810-0601,2025-08-10 05:00:00,Wong Tai Sin,0,1
20250810-0702,2025-08-10 06:00:00,North District,0,2
20250810-0702,2025-08-10 06:00:00,Sha Tin,0,2
20250810-0702,2025-08-10 06:00:00,Tai Po,0,2
20250810-0702,2025-08-10 06:00:00,Tsuen Wan,0,2
20250810-0702,2025-08-10 06:00:00,Islands District,0,1
20250810-0702,2025-08-10 06:00:00,Kwai Tsing,0,1
20250810-0702,2025-08-10 06:00:00,Sham Shui Po,0,1
20250810-0802,2025-08-10 07:00:00,Yuen Long,0,6
20250810-0802,2025-08-10 07:00:00,North District,0,4
20250810-0901,2025-08-10 08:00:00,Tai Po,0,1
20250810-1001,2025-08-10 09:00:00,,0,0
20250810-1101,2025-08-10 10:00:00,,0,0
20250810-1201,2025-08-10 11:00:00,,0,0
20250810-1301,2025-08-10 12:00:00,,0,0
20250810-1402,2025-08-10 13:00:00,,0,0
20250810-1502,2025-08-10 14:00:00,Tsuen Wan,0,1
20250810-1602,2025-08-10 15:00:00,Tsuen Wan,0,3
20250810-1701,2025-08-10 16:00:00,,0,0
20250810-1801,2025-08-10 17:00:00,,0,0
20250810-1901,2025-08-10 18:00:00,,0,0
20250810-2001,2025-08-10 19:00:00,,0,0
20250810-2102,2025-08-10 20:00:00,,0,0
20250810-2201,2025-08-10 21:00:00,,0,0
20250810-2301,2025-08-10 22:00:00,,0,0
20250811-0001,2025-08-10 23:00:00,,0,0
20250811-0101,2025-08-11 00:00:00,,0,0
20250811-0202,2025-08-11 01:00:00,,0,0
20250811-0302,2025-08-11 02:00:00,,0,0
20250811-0401,2025-08-11 03:00:00,,0,0
20250811-0501,2025-08-11 04:00:00,,0,0
20250811-0602,2025-08-11 05:00:00,,0,0
20250811-0702,2025-08-11 06:00:00,,0,0
20250811-0801,2025-08-11 07:00:00,,0,0
20250811-0901,2025-08-11 08:00:00,Islands District,0,2
20250811-1001,2025-08-11 09:00:00,,0,0
20250811-1101,2025-08-11 10:00:00,Islands District,0,1
20250811-1201,2025-08-11 11:00:00,Eastern District,0,3
20250811-1201,2025-08-11 11:00:00,Islands District,0,3
20250811-1201,2025-08-11 11:00:00,Southern District,0,3
20250811-1201,2025-08-11 11:00:00,Tai Po,0,2
20250811-1201,2025-08-11 11:00:00,Central & Western District,0,1
20250811-1201,2025-08-11 11:00:00,Kwun Tong,0,1
20250811-1201,2025-08-11 11:00:00,Sai Kung,0,1
20250811-1201,2025-08-11 11:00:00,Wan Chai,0,1
20250811-1201,2025-08-11 11:00:00,Yuen Long,0,1
20250811-1301,2025-08-11 12:00:00,Tai Po,0,9
20250811-1301,2025-08-11 12:00:00,Sha Tin,0,7
20250811-1301,2025-08-11 12:00:00,Islands District,0,5
20250811-1301,2025-08-11 12:00:00,Tsuen Wan,0,3
20250811-1301,2025-08-11 12:00:00,Eastern District,0,2
20250811-1301,2025-08-11 12:00:00,Sai Kung,0,2
20250811-1301,2025-08-11 12:00:00,Central & Western District,0,1
20250811-1301,2025-08-11 12:00:00,North District,0,1
20250811-1301,2025-08-11 12:00:00,Yuen Long,0,1
20250811-1401,2025-08-11 13:00:00,Tai Po,0,8
20250811-1401,2025-08-11 13:00:00,North District,0,1
20250811-1501,2025-08-11 14:00:00,,0,0
20250811-1602,2025-08-11 15:00:00,,0,0
20250811-1701,2025-08-11 16:00:00,,0,0
20250811-1801,2025-08-11 17:00:00,,0,0
20250811-1902,2025-08-11 18:00:00,,0,0
20250811-2002,2025-08-11 19:00:00,,0,0
20250811-2101,2025-08-11 20:00:00,,0,0
20250811-2202,2025-08-11 21:00:00,,0,0
20250811-2301,2025-08-11 22:00:00,,0,0
20250812-0002,2025-08-11 23:00:00,,0,0
20250812-0101,2025-08-12 00:00:00,,0,0
20250812-0201,2025-08-12 01:00:00,,0,0
20250812-0301,2025-08-12 02:00:00,,0,0
20250812-0401,2025-08-12 03:00:00,,0,0
20250812-0502,2025-08-12 04:00:00,Islands District,0,1
20250812-0601,2025-08-12 05:00:00,Kwun Tong,1,8
20250812-0601,2025-08-12 05:00:00,Eastern District,0,3
20250812-0601,2025-08-12 05:00:00,Islands District,0,1
20250812-0601,2025-08-12 05:00:00,Sai Kung,0,1
20250812-0702,2025-08-12 06:00:00,Sha Tin,0,21
20250812-0702,2025-08-12 06:00:00,Wong Tai Sin,0,2
20250812-0702,2025-08-12 06:00:00,Tuen Mun,0,13
20250812-0702,2025-08-12 06:00:00,Islands District,0,10
20250812-0702,2025-08-12 06:00:00,Eastern District,0,1
20250812-0702,2025-08-12 06:00:00,Sai Kung,0,1
20250812-0802,2025-08-12 07:00:00,Wan Chai,1,5
20250812-0802,2025-08-12 07:00:00,Eastern District,1,17
20250812-0802,2025-08-12 07:00:00,Yuen Long,0,8
20250812-0802,2025-08-12 07:00:00,Kowloon City,0,7
20250812-0802,2025-08-12 07:00:00,Wong Tai Sin,0,5
20250812-0802,2025-08-12 07:00:00,Kwun Tong,0,4
20250812-0802,2025-08-12 07:00:00,Tuen Mun,0,4
20250812-0802,2025-08-12 07:00:00,Islands District,0,21
20250812-0802,2025-08-12 07:00:00,Sai Kung,0,2
20250812-0802,2025-08-12 07:00:00,Sha Tin,0,2
20250812-0802,2025-08-12 07:00:00,Tai Po,0,2
20250812-0802,2025-08-12 07:00:00,Yau Tsim Mong,0,2
20250812-0802,2025-08-12 07:00:00,Southern District,0,11
20250812-0802,2025-08-12 07:00:00,Central & Western District,0,1
20250812-0901,2025-08-12 08:00:00,Kwun Tong,7,19
20250812-0901,2025-08-12 08:00:00,Wong Tai Sin,5,9
20250812-0901,2025-08-12 08:00:00,Kowloon City,2,6
20250812-0901,2025-08-12 08:00:00,Yau Tsim Mong,0,6
20250812-0901,2025-08-12 08:00:00,Islands District,0,5
20250812-0901,2025-08-12 08:00:00,Sha Tin,0,4
20250812-0901,2025-08-12 08:00:00,Tuen Mun,0,3
20250812-0901,2025-08-12 08:00:00,Southern District,0,2
20250812-0901,2025-08-12 08:00:00,Tsuen Wan,0,2
20250812-0901,2025-08-12 08:00:00,Wan Chai,0,2
20250812-0901,2025-08-12 08:00:00,Eastern District,0,15
20250812-0901,2025-08-12 08:00:00,Sai Kung,0,10
20250812-0901,2025-08-12 08:00:00,Central & Western District,0,1
20250812-0901,2025-08-12 08:00:00,Kwai Tsing,0,1
20250812-0901,2025-08-12 08:00:00,Tai Po,0,1
20250812-1001,2025-08-12 09:00:00,Sha Tin,0,2
20250812-1001,2025-08-12 09:00:00,Islands District,0,10
20250812-1102,2025-08-12 10:00:00,Kwai Tsing,0,1
20250812-1102,2025-08-12 10:00:00,North District,0,1
20250812-1203,2025-08-12 12:00:00,Tsuen Wan,0,7
20250812-1203,2025-08-12 12:00:00,Islands District,0,6
20250812-1203,2025-08-12 12:00:00,Kwai Tsing,0,4
20250812-1203,2025-08-12 12:00:00,Tai Po,0,2
20250812-1402,2025-08-12 13:00:00,Tai Po,0,3
20250812-1402,2025-08-12 13:00:00,North District,0,1
20250812-1502,2025-08-12 14:00:00,,0,0
20250812-1601,2025-08-12 15:00:00,,0,0
20250812-1702,2025-08-12 16:00:00,,0,0
20250812-1802,2025-08-12 17:00:00,,0,0
20250812-1901,2025-08-12 18:00:00,,0,0
20250812-2001,2025-08-12 19:00:00,,0,0
20250812-2101,2025-08-12 20:00:00,,0,0
20250812-2202,2025-08-12 21:00:00,,0,0
20250812-2302,2025-08-12 22:00:00,,0,0
20250813-0002,2025-08-12 23:00:00,,0,0
20250813-0101,2025-08-13 00:00:00,,0,0
20250813-0202,2025-08-13 01:00:00,,0,0
20250813-0302,2025-08-13 02:00:00,,0,0
20250813-0401,2025-08-13 03:00:00,,0,0
20250813-0501,2025-08-13 04:00:00,,0,0
20250813-0601,2025-08-13 05:00:00,Islands District,0,2
20250813-0601,2025-08-13 05:00:00,Wan Chai,0,2
20250813-0601,2025-08-13 05:00:00,Central & Western District,0,1
20250813-0601,2025-08-13 05:00:00,Southern District,0,1
20250813-0702,2025-08-13 06:00:00,Islands District,0,1
20250813-0702,2025-08-13 06:00:00,Wan Chai,0,1
20250813-0802,2025-08-13 07:00:00,Islands District,0,15
20250813-0802,2025-08-13 07:00:00,Tuen Mun,0,1
20250813-0901,2025-08-13 08:00:00,Tuen Mun,0,12
20250813-1002,2025-08-13 09:00:00,,0,0
20250813-1102,2025-08-13 10:00:00,,0,0
20250813-1202,2025-08-13 11:00:00,,0,0
20250813-1301,2025-08-13 12:00:00,,0,0
20250813-1401,2025-08-13 13:00:00,,0,0
20250813-1501,2025-08-13 14:00:00,,0,0
20250813-1601,2025-08-13 15:00:00,,0,0
20250813-1702,2025-08-13 16:00:00,,0,0
20250813-1802,2025-08-13 17:00:00,,0,0
20250813-1902,2025-08-13 18:00:00,,0,0
20250813-2002,2025-08-13 19:00:00,,0,0
20250813-2102,2025-08-13 20:00:00,,0,0
20250813-2201,2025-08-13 21:00:00,,0,0
20250813-2302,2025-08-13 22:00:00,,0,0
20250814-0002,2025-08-13 23:00:00,,0,0
20250814-0102,2025-08-14 00:00:00,,0,0
20250814-0201,2025-08-14 01:00:00,,0,0
20250814-0301,2025-08-14 02:00:00,,0,0
20250814-0401,2025-08-14 03:00:00,,0,0
20250814-0502,2025-08-14 04:00:00,,0,0
20250814-0602,2025-08-14 05:00:00,Yau Tsim Mong,2,3
20250814-0602,2025-08-14 05:00:00,Sham Shui Po,1,5
20250814-0602,2025-08-14 05:00:00,Kowloon City,0,9
20250814-0602,2025-08-14 05:00:00,Wong Tai Sin,0,8
20250814-0602,2025-08-14 05:00:00,Kwai Tsing,0,3
20250814-0602,2025-08-14 05:00:00,Eastern District,0,1
20250814-0602,2025-08-14 05:00:00,Sha Tin,0,1
20250814-0602,2025-08-14 05:00:00,Tsuen Wan,0,1
20250814-0602,2025-08-14 05:00:00,Tuen Mun,0,1
20250814-0702,2025-08-14 06:00:00,Wan Chai,6,10
20250814-0702,2025-08-14 06:00:00,Kwun Tong,3,22
20250814-0702,2025-08-14 06:00:00,Eastern District,18,29
20250814-0702,2025-08-14 06:00:00,Yau Tsim Mong,1,6
20250814-0702,2025-08-14 06:00:00,Southern District,0,78
20250814-0702,2025-08-14 06:00:00,Wong Tai Sin,0,5
20250814-0702,2025-08-14 06:00:00,Yuen Long,0,4
20250814-0702,2025-08-14 06:00:00,Islands District,0,33
20250814-0702,2025-08-14 06:00:00,Central & Western District,0,3
20250814-0702,2025-08-14 06:00:00,Kowloon City,0,20
20250814-0702,2025-08-14 06:00:00,Sai Kung,0,20
20250814-0702,2025-08-14 06:00:00,North District,0,1
20250814-0802,2025-08-14 07:00:00,Southern District,5,102
20250814-0802,2025-08-14 07:00:00,Central & Western District,4,20
20250814-0802,2025-08-14 07:00:00,Sham Shui Po,3,8
20250814-0802,2025-08-14 07:00:00,Wan Chai,3,5
20250814-0802,2025-08-14 07:00:00,Eastern District,3,20
20250814-0802,2025-08-14 07:00:00,Kowloon City,2,5
20250814-0802,2025-08-14 07:00:00,Yau Tsim Mong,2,3
20250814-0802,2025-08-14 07:00:00,Tuen Mun,2,11
20250814-0802,2025-08-14 07:00:00,Kwai Tsing,1,9
20250814-0802,2025-08-14 07:00:00,North District,0,8
20250814-0802,2025-08-14 07:00:00,Tai Po,0,8
20250814-0802,2025-08-14 07:00:00,Islands District,0,72
20250814-0802,2025-08-14 07:00:00,Wong Tai Sin,0,7
20250814-0802,2025-08-14 07:00:00,Sha Tin,0,4
20250814-0802,2025-08-14 07:00:00,Yuen Long,0,4
20250814-0802,2025-08-14 07:00:00,Sai Kung,0,30
20250814-0802,2025-08-14 07:00:00,Tsuen Wan,0,11
20250814-0802,2025-08-14 07:00:00,Kwun Tong,0,10
20250814-0902,2025-08-14 08:00:00,Eastern District,9,17
20250814-0902,2025-08-14 08:00:00,Central & Western District,47,89
20250814-0902,2025-08-14 08:00:00,Kwai Tsing,39,89
20250814-0902,2025-08-14 08:00:00,Sham Shui Po,33,60
20250814-0902,2025-08-14 08:00:00,Sha Tin,3,26
20250814-0902,2025-08-14 08:00:00,Yau Tsim Mong,24,37
20250814-0902,2025-08-14 08:00:00,Tuen Mun,20,81
20250814-0902,2025-08-14 08:00:00,Tsuen Wan,19,72
20250814-0902,2025-08-14 08:00:00,Kwun Tong,19,24
20250814-0902,2025-08-14 08:00:00,Wan Chai,17,34
20250814-0902,2025-08-14 08:00:00,Southern District,15,56
20250814-0902,2025-08-14 08:00:00,Kowloon City,15,29
20250814-0902,2025-08-14 08:00:00,Wong Tai Sin,14,26
20250814-0902,2025-08-14 08:00:00,Islands District,1,50
20250814-0902,2025-08-14 08:00:00,Tai Po,1,12
20250814-0902,2025-08-14 08:00:00,North District,0,5
20250814-0902,2025-08-14 08:00:00,Sai Kung,0,23
20250814-0902,2025-08-14 08:00:00,Yuen Long,0,23
20250814-1001,2025-08-14 09:00:00,Central & Western District,47,100
20250814-1001,2025-08-14 09:00:00,Sha Tin,4,30
20250814-1001,2025-08-14 09:00:00,Southern District,33,74
20250814-1001,2025-08-14 09:00:00,Sai Kung,3,42
20250814-1001,2025-08-14 09:00:00,Sham Shui Po,25,47
20250814-1001,2025-08-14 09:00:00,Yau Tsim Mong,23,25
20250814-1001,2025-08-14 09:00:00,Islands District,23,123
20250814-1001,2025-08-14 09:00:00,Wan Chai,22,39
20250814-1001,2025-08-14 09:00:00,Kwai Tsing,20,33
20250814-1001,2025-08-14 09:00:00,Kowloon City,18,25
20250814-1001,2025-08-14 09:00:00,Kwun Tong,15,22
20250814-1001,2025-08-14 09:00:00,Wong Tai Sin,12,31
20250814-1001,2025-08-14 09:00:00,Eastern District,11,20
20250814-1001,2025-08-14 09:00:00,Tuen Mun,10,81
20250814-1001,2025-08-14 09:00:00,Tsuen Wan,10,45
20250814-1001,2025-08-14 09:00:00,North District,0,4
20250814-1001,2025-08-14 09:00:00,Yuen Long,0,24
20250814-1001,2025-08-14 09:00:00,Tai Po,0,19
20250814-1101,2025-08-14 10:00:00,Central & Western District,5,19
20250814-1101,2025-08-14 10:00:00,Eastern District,3,9
20250814-1101,2025-08-14 10:00:00,Kwai Tsing,3,6
20250814-1101,2025-08-14 10:00:00,Tuen Mun,2,68
20250814-1101,2025-08-14 10:00:00,Kwun Tong,2,3
20250814-1101,2025-08-14 10:00:00,Yau Tsim Mong,2,3
20250814-1101,2025-08-14 10:00:00,Southern District,16,64
20250814-1101,2025-08-14 10:00:00,Islands District,12,72
20250814-1101,2025-08-14 10:00:00,Wan Chai,10,16
20250814-1101,2025-08-14 10:00:00,Sham Shui Po,1,3
20250814-1101,2025-08-14 10:00:00,Kowloon City,1,2
20250814-1101,2025-08-14 10:00:00,Wong Tai Sin,1,2
20250814-1101,2025-08-14 10:00:00,Sai Kung,0,7
20250814-1101,2025-08-14 10:00:00,Tsuen Wan,0,20
20250814-1101,2025-08-14 10:00:00,Yuen Long,0,2
20250814-1101,2025-08-14 10:00:00,North District,0,1
20250814-1101,2025-08-14 10:00:00,Sha Tin,0,1
20250814-1101,2025-08-14 10:00:00,Tai Po,0,1
20250814-1201,2025-08-14 11:00:00,Sham Shui Po,3,4
20250814-1201,2025-08-14 11:00:00,Islands District,2,54
20250814-1201,2025-08-14 11:00:00,Central & Western District,2,4
20250814-1201,2025-08-14 11:00:00,Kowloon City,2,3
20250814-1201,2025-08-14 11:00:00,Kwai Tsing,2,3
20250814-1201,2025-08-14 11:00:00,Wong Tai Sin,2,3
20250814-1201,2025-08-14 11:00:00,Yau Tsim Mong,2,3
20250814-1201,2025-08-14 11:00:00,Southern District,1,6
20250814-1201,2025-08-14 11:00:00,Eastern District,1,3
20250814-1201,2025-08-14 11:00:00,Sha Tin,1,3
20250814-1201,2025-08-14 11:00:00,Kwun Tong,1,2
20250814-1201,2025-08-14 11:00:00,Sai Kung,1,2
20250814-1201,2025-08-14 11:00:00,Wan Chai,1,2
20250814-1201,2025-08-14 11:00:00,Tsuen Wan,1,18
20250814-1201,2025-08-14 11:00:00,Tai Po,0,4
20250814-1201,2025-08-14 11:00:00,Yuen Long,0,4
20250814-1201,2025-08-14 11:00:00,Tuen Mun,0,12
20250814-1201,2025-08-14 11:00:00,North District,0,10
20250814-1301,2025-08-14 12:00:00,Tsuen Wan,9,21
20250814-1301,2025-08-14 12:00:00,Sham Shui Po,9,10
20250814-1301,2025-08-14 12:00:00,Yuen Long,7,24
20250814-1301,2025-08-14 12:00:00,Sha Tin,7,12
20250814-1301,2025-08-14 12:00:00,Wong Tai Sin,6,7
20250814-1301,2025-08-14 12:00:00,Yau Tsim Mong,5,7
20250814-1301,2025-08-14 12:00:00,Tuen Mun,5,23
20250814-1301,2025-08-14 12:00:00,Kowloon City,4,8
20250814-1301,2025-08-14 12:00:00,Kwun Tong,4,6
20250814-1301,2025-08-14 12:00:00,Central & Western District,4,5
20250814-1301,2025-08-14 12:00:00,Tai Po,4,25
20250814-1301,2025-08-14 12:00:00,Wan Chai,3,4
20250814-1301,2025-08-14 12:00:00,Eastern District,2,5
20250814-1301,2025-08-14 12:00:00,Sai Kung,2,5
20250814-1301,2025-08-14 12:00:00,Southern District,2,5
20250814-1301,2025-08-14 12:00:00,Kwai Tsing,10,22
20250814-1301,2025-08-14 12:00:00,Islands District,1,18
20250814-1301,2025-08-14 12:00:00,North District,0,26
20250814-1402,2025-08-14 13:00:00,Sham Shui Po,9,16
20250814-1402,2025-08-14 13:00:00,Tsuen Wan,6,29
20250814-1402,2025-08-14 13:00:00,Sha Tin,6,17
20250814-1402,2025-08-14 13:00:00,Tuen Mun,6,12
20250814-1402,2025-08-14 13:00:00,Wong Tai Sin,6,6
20250814-1402,2025-08-14 13:00:00,Kowloon City,5,8
20250814-1402,2025-08-14 13:00:00,Central & Western District,5,6
20250814-1402,2025-08-14 13:00:00,Kwun Tong,5,6
20250814-1402,2025-08-14 13:00:00,Yau Tsim Mong,5,5
20250814-1402,2025-08-14 13:00:00,Sai Kung,4,6
20250814-1402,2025-08-14 13:00:00,Wan Chai,4,6
20250814-1402,2025-08-14 13:00:00,Tai Po,4,11
20250814-1402,2025-08-14 13:00:00,Yuen Long,3,9
20250814-1402,2025-08-14 13:00:00,Eastern District,3,7
20250814-1402,2025-08-14 13:00:00,Southern District,3,5
20250814-1402,2025-08-14 13:00:00,Islands District,3,30
20250814-1402,2025-08-14 13:00:00,Kwai Tsing,18,28
20250814-1402,2025-08-14 13:00:00,North District,0,9
20250814-1501,2025-08-14 14:00:00,Kwai Tsing,9,26
20250814-1501,2025-08-14 14:00:00,Tsuen Wan,7,17
20250814-1501,2025-08-14 14:00:00,Central & Western District,7,13
20250814-1501,2025-08-14 14:00:00,Wong Tai Sin,5,6
20250814-1501,2025-08-14 14:00:00,Yau Tsim Mong,5,5
20250814-1501,2025-08-14 14:00:00,Southern District,4,9
20250814-1501,2025-08-14 14:00:00,Kowloon City,4,6
20250814-1501,2025-08-14 14:00:00,Wan Chai,4,6
20250814-1501,2025-08-14 14:00:00,Eastern District,4,5
20250814-1501,2025-08-14 14:00:00,Kwun Tong,4,5
20250814-1501,2025-08-14 14:00:00,Islands District,3,42
20250814-1501,2025-08-14 14:00:00,Tai Po,3,14
20250814-1501,2025-08-14 14:00:00,Tuen Mun,3,11
20250814-1501,2025-08-14 14:00:00,Sai Kung,2,6
20250814-1501,2025-08-14 14:00:00,Yuen Long,2,5
20250814-1501,2025-08-14 14:00:00,Sha Tin,12,25
20250814-1501,2025-08-14 14:00:00,Sham Shui Po,11,17
20250814-1501,2025-08-14 14:00:00,North District,0,8
20250814-1602,2025-08-14 15:00:00,Kwai Tsing,3,4
20250814-1602,2025-08-14 15:00:00,Islands District,3,34
20250814-1602,2025-08-14 15:00:00,Tuen Mun,2,6
20250814-1602,2025-08-14 15:00:00,Southern District,2,4
20250814-1602,2025-08-14 15:00:00,Tsuen Wan,2,4
20250814-1602,2025-08-14 15:00:00,Central & Western District,2,3
20250814-1602,2025-08-14 15:00:00,Kwun Tong,2,3
20250814-1602,2025-08-14 15:00:00,Sham Shui Po,2,3
20250814-1602,2025-08-14 15:00:00,Wan Chai,2,3
20250814-1602,2025-08-14 15:00:00,Kowloon City,2,2
20250814-1602,2025-08-14 15:00:00,Sha Tin,2,2
20250814-1602,2025-08-14 15:00:00,Wong Tai Sin,2,2
20250814-1602,2025-08-14 15:00:00,Yau Tsim Mong,2,2
20250814-1602,2025-08-14 15:00:00,Sai Kung,1,4
20250814-1602,2025-08-14 15:00:00,Eastern District,1,3
20250814-1602,2025-08-14 15:00:00,Tai Po,1,3
20250814-1602,2025-08-14 15:00:00,Yuen Long,0,3
20250814-1602,2025-08-14 15:00:00,North District,0,2
20250814-1702,2025-08-14 16:00:00,Wan Chai,5,6
20250814-1702,2025-08-14 16:00:00,Tuen Mun,4,6
20250814-1702,2025-08-14 16:00:00,Kwai Tsing,4,4
20250814-1702,2025-08-14 16:00:00,Sham Shui Po,4,4
20250814-1702,2025-08-14 16:00:00,Yau Tsim Mong,4,4
20250814-1702,2025-08-14 16:00:00,Central & Western District,3,6
20250814-1702,2025-08-14 16:00:00,Eastern District,3,5
20250814-1702,2025-08-14 16:00:00,Kowloon City,3,4
20250814-1702,2025-08-14 16:00:00,Southern District,2,5
20250814-1702,2025-08-14 16:00:00,Tsuen Wan,2,5
20250814-1702,2025-08-14 16:00:00,Wong Tai Sin,2,4
20250814-1702,2025-08-14 16:00:00,Kwun Tong,2,3
20250814-1702,2025-08-14 16:00:00,Sha Tin,1,4
20250814-1702,2025-08-14 16:00:00,Sai Kung,1,3
20250814-1702,2025-08-14 16:00:00,Islands District,1,14
20250814-1702,2025-08-14 16:00:00,Yuen Long,0,5
20250814-1702,2025-08-14 16:00:00,Tai Po,0,3
20250814-1702,2025-08-14 16:00:00,North District,0,1
20250814-1802,2025-08-14 17:00:00,Kwai Tsing,4,6
20250814-1802,2025-08-14 17:00:00,Tuen Mun,4,6
20250814-1802,2025-08-14 17:00:00,Tsuen Wan,3,5
20250814-1802,2025-08-14 17:00:00,Sham Shui Po,3,4
20250814-1802,2025-08-14 17:00:00,Central & Western District,2,4
20250814-1802,2025-08-14 17:00:00,Yau Tsim Mong,2,2
20250814-1802,2025-08-14 17:00:00,Wan Chai,1,3
20250814-1802,2025-08-14 17:00:00,Eastern District,1,2
20250814-1802,2025-08-14 17:00:00,Kowloon City,1,2
20250814-1802,2025-08-14 17:00:00,Wong Tai Sin,1,2
20250814-1802,2025-08-14 17:00:00,Kwun Tong,1,1
20250814-1802,2025-08-14 17:00:00,Islands District,0,5
20250814-1802,2025-08-14 17:00:00,Yuen Long,0,5
20250814-1802,2025-08-14 17:00:00,Southern District,0,3
20250814-1802,2025-08-14 17:00:00,Sha Tin,0,2
20250814-1802,2025-08-14 17:00:00,North District,0,1
20250814-1802,2025-08-14 17:00:00,Sai Kung,0,1
20250814-1802,2025-08-14 17:00:00,Tai Po,0,1
20250814-1902,2025-08-14 18:00:00,Tuen Mun,2,5
20250814-1902,2025-08-14 18:00:00,Tsuen Wan,1,4
20250814-1902,2025-08-14 18:00:00,Yuen Long,1,2
20250814-1902,2025-08-14 18:00:00,Islands District,0,5
20250814-1902,2025-08-14 18:00:00,Kwai Tsing,0,2
20250814-1902,2025-08-14 18:00:00,Central & Western District,0,1
20250814-1902,2025-08-14 18:00:00,North District,0,1
20250814-1902,2025-08-14 18:00:00,Sha Tin,0,1
20250814-1902,2025-08-14 18:00:00,Tai Po,0,1
20250814-2002,2025-08-14 19:00:00,Islands District,0,2
20250814-2002,2025-08-14 19:00:00,North District,0,1
20250814-2002,2025-08-14 19:00:00,Tuen Mun,0,1
20250814-2101,2025-08-14 20:00:00,Eastern District,8,23
20250814-2101,2025-08-14 20:00:00,Wong Tai Sin,8,14
20250814-2101,2025-08-14 20:00:00,Sha Tin,7,19
20250814-2101,2025-08-14 20:00:00,Wan Chai,4,7
20250814-2101,2025-08-14 20:00:00,Kowloon City,4,11
20250814-2101,2025-08-14 20:00:00,Yau Tsim Mong,2,3
20250814-2101,2025-08-14 20:00:00,Sai Kung,2,25
20250814-2101,2025-08-14 20:00:00,Southern District,2,19
20250814-2101,2025-08-14 20:00:00,Kwun Tong,10,15
20250814-2101,2025-08-14 20:00:00,Central & Western District,1,3
20250814-2101,2025-08-14 20:00:00,North District,0,3
20250814-2101,2025-08-14 20:00:00,Tsuen Wan,0,3
20250814-2101,2025-08-14 20:00:00,Kwai Tsing,0,2
20250814-2101,2025-08-14 20:00:00,Sham Shui Po,0,2
20250814-2101,2025-08-14 20:00:00,Yuen Long,0,2
20250814-2101,2025-08-14 20:00:00,Islands District,0,16
20250814-2101,2025-08-14 20:00:00,Tai Po,0,14
20250814-2101,2025-08-14 20:00:00,Tuen Mun,0,1
20250814-2201,2025-08-14 21:00:00,Wong Tai Sin,8,18
20250814-2201,2025-08-14 21:00:00,Kowloon City,8,12
20250814-2201,2025-08-14 21:00:00,Wan Chai,6,9
20250814-2201,2025-08-14 21:00:00,Yau Tsim Mong,6,7
20250814-2201,2025-08-14 21:00:00,Sha Tin,5,9
20250814-2201,2025-08-14 21:00:00,Eastern District,5,15
20250814-2201,2025-08-14 21:00:00,Sham Shui Po,5,12
20250814-2201,2025-08-14 21:00:00,Kwai Tsing,4,10
20250814-2201,2025-08-14 21:00:00,Kwun Tong,3,8
20250814-2201,2025-08-14 21:00:00,Yuen Long,2,9
20250814-2201,2025-08-14 21:00:00,Southern District,2,16
20250814-2201,2025-08-14 21:00:00,Central & Western District,2,10
20250814-2201,2025-08-14 21:00:00,Sai Kung,1,3
20250814-2201,2025-08-14 21:00:00,Tuen Mun,1,3
20250814-2201,2025-08-14 21:00:00,Tsuen Wan,1,13
20250814-2201,2025-08-14 21:00:00,Islands District,0,17
20250814-2201,2025-08-14 21:00:00,North District,0,13
20250814-2201,2025-08-14 21:00:00,Tai Po,0,10
20250814-2302,2025-08-14 22:00:00,Tuen Mun,1,6
20250814-2302,2025-08-14 22:00:00,Yuen Long,1,3
20250814-2302,2025-08-14 22:00:00,Kwai Tsing,1,1
20250814-2302,2025-08-14 22:00:00,Kwun Tong,1,1
20250814-2302,2025-08-14 22:00:00,Central & Western District,0,7
20250814-2302,2025-08-14 22:00:00,Sai Kung,0,6
20250814-2302,2025-08-14 22:00:00,Southern District,0,6
20250814-2302,2025-08-14 22:00:00,Tsuen Wan,0,5
20250814-2302,2025-08-14 22:00:00,North District,0,2
20250814-2302,2025-08-14 22:00:00,Sha Tin,0,2
20250814-2302,2025-08-14 22:00:00,Tai Po,0,2
20250814-2302,2025-08-14 22:00:00,Islands District,0,10
20250814-2302,2025-08-14 22:00:00,Eastern District,0,1
20250814-2302,2025-08-14 22:00:00,Wan Chai,0,1
20250814-2302,2025-08-14 22:00:00,Wong Tai Sin,0,1
20250815-0002,2025-08-14 23:00:00,Sha Tin,2,7
20250815-0002,2025-08-14 23:00:00,Tai Po,2,6
20250815-0002,2025-08-14 23:00:00,North District,0,5
20250815-0002,2025-08-14 23:00:00,Sai Kung,0,4
20250815-0002,2025-08-14 23:00:00,Southern District,0,3
20250815-0002,2025-08-14 23:00:00,Tsuen Wan,0,3
20250815-0002,2025-08-14 23:00:00,Wong Tai Sin,0,2
20250815-0002,2025-08-14 23:00:00,Yuen Long,0,2
20250815-0002,2025-08-14 23:00:00,Islands District,0,18
20250815-0002,2025-08-14 23:00:00,Eastern District,0,1
20250815-0002,2025-08-14 23:00:00,Kowloon City,0,1
20250815-0002,2025-08-14 23:00:00,Kwun Tong,0,1
20250815-0002,2025-08-14 23:00:00,Sham Shui Po,0,1
20250815-0002,2025-08-14 23:00:00,Tuen Mun,0,1
20250815-0102,2025-08-15 00:00:00,Sham Shui Po,8,14
20250815-0102,2025-08-15 00:00:00,Wan Chai,8,10
20250815-0102,2025-08-15 00:00:00,Tsuen Wan,4,15
20250815-0102,2025-08-15 00:00:00,Kwai Tsing,4,12
20250815-0102,2025-08-15 00:00:00,Yuen Long,3,13
20250815-0102,2025-08-15 00:00:00,Central & Western District,2,9
20250815-0102,2025-08-15 00:00:00,Sha Tin,2,7
20250815-0102,2025-08-15 00:00:00,Tuen Mun,2,51
20250815-0102,2025-08-15 00:00:00,Wong Tai Sin,2,3
20250815-0102,2025-08-15 00:00:00,Kowloon City,2,13
20250815-0102,2025-08-15 00:00:00,Yau Tsim Mong,10,13
20250815-0102,2025-08-15 00:00:00,Southern District,1,9
20250815-0102,2025-08-15 00:00:00,Kwun Tong,1,3
20250815-0102,2025-08-15 00:00:00,Eastern District,1,14
20250815-0102,2025-08-15 00:00:00,Tai Po,1,13
20250815-0102,2025-08-15 00:00:00,Islands District,0,35
20250815-0102,2025-08-15 00:00:00,Sai Kung,0,3
20250815-0102,2025-08-15 00:00:00,North District,0,21
20250815-0201,2025-08-15 01:00:00,Tuen Mun,2,9
20250815-0201,2025-08-15 01:00:00,Yuen Long,1,12
20250815-0201,2025-08-15 01:00:00,Yau Tsim Mong,1,1
20250815-0201,2025-08-15 01:00:00,North District,0,9
20250815-0201,2025-08-15 01:00:00,Tsuen Wan,0,5
20250815-0201,2025-08-15 01:00:00,Central & Western District,0,2
20250815-0201,2025-08-15 01:00:00,Kowloon City,0,2
20250815-0201,2025-08-15 01:00:00,Kwai Tsing,0,2
20250815-0201,2025-08-15 01:00:00,Sha Tin,0,2
20250815-0201,2025-08-15 01:00:00,Wong Tai Sin,0,2
20250815-0201,2025-08-15 01:00:00,Islands District,0,11
20250815-0201,2025-08-15 01:00:00,Tai Po,0,11
20250815-0201,2025-08-15 01:00:00,Sai Kung,0,1
20250815-0201,2025-08-15 01:00:00,Sham Shui Po,0,1
20250815-0201,2025-08-15 01:00:00,Southern District,0,1
20250815-0301,2025-08-15 02:00:00,Islands District,0,1
20250815-0301,2025-08-15 02:00:00,North District,0,1
20250815-0401,2025-08-15 03:00:00,Tai Po,0,1
20250815-0401,2025-08-15 03:00:00,Tsuen Wan,0,1
20250815-0401,2025-08-15 03:00:00,Yuen Long,0,1
20250815-0501,2025-08-15 04:00:00,,0,0
20250815-0602,2025-08-15 05:00:00,,0,0
20250815-0702,2025-08-15 06:00:00,Sai Kung,0,2
20250815-0702,2025-08-15 06:00:00,Eastern District,0,1
20250815-0702,2025-08-15 06:00:00,Sha Tin,0,1
20250815-0702,2025-08-15 06:00:00,Southern District,0,1
20250815-0702,2025-08-15 06:00:00,Tai Po,0,1
20250815-0702,2025-08-15 06:00:00,Wong Tai Sin,0,1
20250815-0702,2025-08-15 06:00:00,Yuen Long,0,1
20250815-0802,2025-08-15 07:00:00,Eastern District,1,3
20250815-0802,2025-08-15 07:00:00,Sai Kung,0,2
20250815-0802,2025-08-15 07:00:00,Southern District,0,2
20250815-0802,2025-08-15 07:00:00,Islands District,0,1
20250815-0802,2025-08-15 07:00:00,Kwun Tong,0,1
20250815-0802,2025-08-15 07:00:00,Tai Po,0,1
20250815-0802,2025-08-15 07:00:00,Tsuen Wan,0,1
20250815-0802,2025-08-15 07:00:00,Wan Chai,0,1
20250815-0802,2025-08-15 07:00:00,Yuen Long,0,1
20250815-0902,2025-08-15 08:00:00,Eastern District,0,2
20250815-0902,2025-08-15 08:00:00,Sai Kung,0,2
20250815-0902,2025-08-15 08:00:00,Islands District,0,1
20250815-0902,2025-08-15 08:00:00,Kowloon City,0,1
20250815-0902,2025-08-15 08:00:00,Kwun Tong,0,1
20250815-0902,2025-08-15 08:00:00,Tsuen Wan,0,1
20250815-0902,2025-08-15 08:00:00,Wong Tai Sin,0,1
20250815-0902,2025-08-15 08:00:00,Yau Tsim Mong,0,1
20250815-1002,2025-08-15 09:00:00,Southern District,0,1
20250815-1002,2025-08-15 09:00:00,Tai Po,0,1
20250815-1002,2025-08-15 09:00:00,Tsuen Wan,0,1
20250815-1101,2025-08-15 10:00:00,Islands District,0,5
20250815-1101,2025-08-15 10:00:00,Southern District,0,2
20250815-1101,2025-08-15 10:00:00,Tsuen Wan,0,2
20250815-1101,2025-08-15 10:00:00,Central & Western District,0,1
20250815-1101,2025-08-15 10:00:00,Kwai Tsing,0,1
20250815-1101,2025-08-15 10:00:00,North District,0,1
20250815-1202,2025-08-15 11:00:00,,0,0
20250815-1302,2025-08-15 12:00:00,,0,0
20250815-1402,2025-08-15 13:00:00,Wong Tai Sin,1,5
20250815-1402,2025-08-15 13:00:00,Sai Kung,0,4
20250815-1402,2025-08-15 13:00:00,Sha Tin,0,4
20250815-1402,2025-08-15 13:00:00,Islands District,0,2
20250815-1402,2025-08-15 13:00:00,Kwun Tong,0,1
20250815-1402,2025-08-15 13:00:00,Tai Po,0,1
20250815-1402,2025-08-15 13:00:00,Tsuen Wan,0,1
20250815-1502,2025-08-15 14:00:00,Yuen Long,1,4
20250815-1502,2025-08-15 14:00:00,Tsuen Wan,0,6
20250815-1502,2025-08-15 14:00:00,Tai Po,0,3
20250815-1502,2025-08-15 14:00:00,North District,0,2
20250815-1601,2025-08-15 15:00:00,,0,0
20250815-1701,2025-08-15 16:00:00,,0,0
20250815-1802,2025-08-15 17:00:00,,0,0
20250815-1902,2025-08-15 18:00:00,,0,0
20250815-2001,2025-08-15 19:00:00,,0,0
20250815-2101,2025-08-15 20:00:00,,0,0
20250815-2201,2025-08-15 21:00:00,,0,0
20250815-2302,2025-08-15 22:00:00,,0,0
20250816-0002,2025-08-15 23:00:00,,0,0
20250816-0101,2025-08-16 00:00:00,,0,0
20250816-0201,2025-08-16 01:00:00,,0,0
20250816-0301,2025-08-16 02:00:00,,0,0
20250816-0402,2025-08-16 03:00:00,,0,0
20250816-0501,2025-08-16 04:00:00,,0,0
20250816-0601,2025-08-16 05:00:00,,0,0
20250816-0701,2025-08-16 06:00:00,,0,0
20250816-0801,2025-08-16 07:00:00,,0,0
20250816-0901,2025-08-16 08:00:00,,0,0
20250816-1001,2025-08-16 09:00:00,,0,0
20250816-1102,2025-08-16 10:00:00,,0,0
20250816-1202,2025-08-16 11:00:00,,0,0
20250816-1301,2025-08-16 12:00:00,,0,0
20250816-1401,2025-08-16 13:00:00,,0,0
20250816-1501,2025-08-16 14:00:00,,0,0
20250816-1601,2025-08-16 15:00:00,,0,0
20250816-1701,2025-08-16 16:00:00,,0,0
20250816-1802,2025-08-16 17:00:00,,0,0
20250816-1902,2025-08-16 18:00:00,,0,0
20250816-2002,2025-08-16 19:00:00,,0,0
20250816-2101,2025-08-16 20:00:00,,0,0
20250816-2201,2025-08-16 21:00:00,,0,0
20250816-2301,2025-08-16 22:00:00,,0,0
20250817-0001,2025-08-16 23:00:00,,0,0
20250817-0101,2025-08-17 00:00:00,,0,0
20250817-0202,2025-08-17 01:00:00,Islands District,0,17
20250817-0202,2025-08-17 01:00:00,Southern District,0,12
20250817-0301,2025-08-17 02:00:00,Southern District,4,7
20250817-0301,2025-08-17 02:00:00,Central & Western District,1,3
20250817-0301,2025-08-17 02:00:00,Wan Chai,1,3
20250817-0301,2025-08-17 02:00:00,Islands District,0,4
20250817-0301,2025-08-17 02:00:00,Eastern District,0,2
20250817-0301,2025-08-17 02:00:00,Kowloon City,0,2
20250817-0301,2025-08-17 02:00:00,Yau Tsim Mong,0,2
20250817-0301,2025-08-17 02:00:00,Kwai Tsing,0,1
20250817-0301,2025-08-17 02:00:00,Kwun Tong,0,1
20250817-0301,2025-08-17 02:00:00,Sha Tin,0,1
20250817-0401,2025-08-17 03:00:00,Islands District,0,5
20250817-0501,2025-08-17 04:00:00,Wan Chai,1,3
20250817-0501,2025-08-17 04:00:00,Islands District,0,7
20250817-0501,2025-08-17 04:00:00,Eastern District,0,3
20250817-0501,2025-08-17 04:00:00,Central & Western District,0,2
20250817-0501,2025-08-17 04:00:00,Sai Kung,0,2
20250817-0501,2025-08-17 04:00:00,Kowloon City,0,1
20250817-0501,2025-08-17 04:00:00,Sham Shui Po,0,1
20250817-0501,2025-08-17 04:00:00,Southern District,0,1
20250817-0601,2025-08-17 05:00:00,Wan Chai,1,2
20250817-0601,2025-08-17 05:00:00,Eastern District,0,4
20250817-0601,2025-08-17 05:00:00,Sai Kung,0,3
20250817-0601,2025-08-17 05:00:00,Wong Tai Sin,0,2
20250817-0601,2025-08-17 05:00:00,Central & Western District,0,1
20250817-0601,2025-08-17 05:00:00,Kowloon City,0,1
20250817-0601,2025-08-17 05:00:00,Kwun Tong,0,1
20250817-0601,2025-08-17 05:00:00,Sham Shui Po,0,1
20250817-0601,2025-08-17 05:00:00,Southern District,0,1
20250817-0701,2025-08-17 06:00:00,,0,0
20250817-0801,2025-08-17 07:00:00,Sai Kung,0,2
20250817-0801,2025-08-17 07:00:00,Kwun Tong,0,1
20250817-0801,2025-08-17 07:00:00,Tai Po,0,1
20250817-0901,2025-08-17 08:00:00,North District,0,1
20250817-0901,2025-08-17 08:00:00,Southern District,0,1
20250817-1002,2025-08-17 09:00:00,,0,0
20250817-1102,2025-08-17 10:00:00,,0,0
20250817-1201,2025-08-17 11:00:00,,0,0
20250817-1301,2025-08-17 12:00:00,,0,0
20250817-1403,2025-08-17 13:00:00,Eastern District,1,1
20250817-1403,2025-08-17 13:00:00,Southern District,0,2
20250817-1403,2025-08-17 13:00:00,Central & Western District,0,1
20250817-1403,2025-08-17 13:00:00,Islands District,0,1
20250817-1403,2025-08-17 13:00:00,Sai Kung,0,1
20250817-1403,2025-08-17 13:00:00,Sham Shui Po,0,1
20250817-1403,2025-08-17 13:00:00,Tai Po,0,1
20250817-1403,2025-08-17 13:00:00,Yau Tsim Mong,0,1
20250817-1502,2025-08-17 14:00:00,Southern District,1,2
20250817-1502,2025-08-17 14:00:00,Islands District,0,3
20250817-1502,2025-08-17 14:00:00,Central & Western District,0,1
20250817-1502,2025-08-17 14:00:00,Eastern District,0,1
20250817-1502,2025-08-17 14:00:00,Kwai Tsing,0,1
20250817-1502,2025-08-17 14:00:00,Kwun Tong,0,1
20250817-1502,2025-08-17 14:00:00,Tsuen Wan,0,1
20250817-1502,2025-08-17 14:00:00,Wan Chai,0,1
20250817-1602,2025-08-17 15:00:00,Central & Western District,0,2
20250817-1602,2025-08-17 15:00:00,Wan Chai,0,2
20250817-1602,2025-08-17 15:00:00,Eastern District,0,1
20250817-1602,2025-08-17 15:00:00,Islands District,0,1
20250817-1602,2025-08-17 15:00:00,Kowloon City,0,1
20250817-1602,2025-08-17 15:00:00,Kwun Tong,0,1
20250817-1602,2025-08-17 15:00:00,Sai Kung,0,1
20250817-1602,2025-08-17 15:00:00,Tsuen Wan,0,1
20250817-1602,2025-08-17 15:00:00,Wong Tai Sin,0,1
20250817-1602,2025-08-17 15:00:00,Yau Tsim Mong,0,1
20250817-1702,2025-08-17 16:00:00,,0,0
20250817-1801,2025-08-17 17:00:00,Islands District,0,3
20250817-1801,2025-08-17 17:00:00,Central & Western District,0,1
20250817-1801,2025-08-17 17:00:00,Eastern District,0,1
20250817-1801,2025-08-17 17:00:00,Southern District,0,1
20250817-1902,2025-08-17 18:00:00,Kwun Tong,8,9
20250817-1902,2025-08-17 18:00:00,Wong Tai Sin,5,7
20250817-1902,2025-08-17 18:00:00,Kowloon City,5,6
20250817-1902,2025-08-17 18:00:00,Yau Tsim Mong,5,6
20250817-1902,2025-08-17 18:00:00,Eastern District,4,9
20250817-1902,2025-08-17 18:00:00,Kwai Tsing,4,5
20250817-1902,2025-08-17 18:00:00,Sham Shui Po,4,5
20250817-1902,2025-08-17 18:00:00,Wan Chai,3,4
20250817-1902,2025-08-17 18:00:00,Sai Kung,2,9
20250817-1902,2025-08-17 18:00:00,Sha Tin,2,7
20250817-1902,2025-08-17 18:00:00,Tsuen Wan,2,4
20250817-1902,2025-08-17 18:00:00,Tai Po,1,9
20250817-1902,2025-08-17 18:00:00,North District,1,7
20250817-1902,2025-08-17 18:00:00,Central & Western District,1,6
20250817-1902,2025-08-17 18:00:00,Southern District,1,4
20250817-1902,2025-08-17 18:00:00,Islands District,0,4
20250817-1902,2025-08-17 18:00:00,Tuen Mun,0,2
20250817-1902,2025-08-17 18:00:00,Yuen Long,0,2
20250817-2002,2025-08-17 19:00:00,Central & Western District,8,17
20250817-2002,2025-08-17 19:00:00,Eastern District,8,13
20250817-2002,2025-08-17 19:00:00,Southern District,6,18
20250817-2002,2025-08-17 19:00:00,Tuen Mun,3,9
20250817-2002,2025-08-17 19:00:00,Sham Shui Po,3,5
20250817-2002,2025-08-17 19:00:00,North District,3,10
20250817-2002,2025-08-17 19:00:00,Kwai Tsing,2,8
20250817-2002,2025-08-17 19:00:00,Sha Tin,2,7
20250817-2002,2025-08-17 19:00:00,Yau Tsim Mong,2,7
20250817-2002,2025-08-17 19:00:00,Kwun Tong,2,5
20250817-2002,2025-08-17 19:00:00,Kowloon City,2,4
20250817-2002,2025-08-17 19:00:00,Wong Tai Sin,2,4
20250817-2002,2025-08-17 19:00:00,Wan Chai,15,18
20250817-2002,2025-08-17 19:00:00,Sai Kung,1,8
20250817-2002,2025-08-17 19:00:00,Islands District,1,7
20250817-2002,2025-08-17 19:00:00,Tai Po,1,16
20250817-2002,2025-08-17 19:00:00,Tsuen Wan,1,12
20250817-2002,2025-08-17 19:00:00,Yuen Long,0,8
20250817-2102,2025-08-17 20:00:00,North District,2,4
20250817-2102,2025-08-17 20:00:00,Southern District,2,4
20250817-2102,2025-08-17 20:00:00,Wan Chai,2,3
20250817-2102,2025-08-17 20:00:00,Central & Western District,1,3
20250817-2102,2025-08-17 20:00:00,Eastern District,1,3
20250817-2102,2025-08-17 20:00:00,Kwun Tong,1,1
20250817-2102,2025-08-17 20:00:00,Wong Tai Sin,1,1
20250817-2102,2025-08-17 20:00:00,Yau Tsim Mong,1,1
20250817-2102,2025-08-17 20:00:00,Tuen Mun,0,5
20250817-2102,2025-08-17 20:00:00,Tai Po,0,4
20250817-2102,2025-08-17 20:00:00,Tsuen Wan,0,3
20250817-2102,2025-08-17 20:00:00,Yuen Long,0,3
20250817-2102,2025-08-17 20:00:00,Islands District,0,2
20250817-2102,2025-08-17 20:00:00,Sai Kung,0,2
20250817-2102,2025-08-17 20:00:00,Sha Tin,0,2
20250817-2102,2025-08-17 20:00:00,Kowloon City,0,1
20250817-2201,2025-08-17 21:00:00,Wan Chai,2,3
20250817-2201,2025-08-17 21:00:00,North District,1,5
20250817-2201,2025-08-17 21:00:00,Sha Tin,1,5
20250817-2201,2025-08-17 21:00:00,Wong Tai Sin,1,5
20250817-2201,2025-08-17 21:00:00,Central & Western District,1,2
20250817-2201,2025-08-17 21:00:00,Sham Shui Po,1,1
20250817-2201,2025-08-17 21:00:00,Kwai Tsing,0,4
20250817-2201,2025-08-17 21:00:00,Tsuen Wan,0,4
20250817-2201,2025-08-17 21:00:00,Eastern District,0,3
20250817-2201,2025-08-17 21:00:00,Islands District,0,3
20250817-2201,2025-08-17 21:00:00,Sai Kung,0,3
20250817-2201,2025-08-17 21:00:00,Yuen Long,0,3
20250817-2201,2025-08-17 21:00:00,Kowloon City,0,2
20250817-2201,2025-08-17 21:00:00,Tai Po,0,18
20250817-2201,2025-08-17 21:00:00,Kwun Tong,0,1
20250817-2201,2025-08-17 21:00:00,Southern District,0,1
20250817-2201,2025-08-17 21:00:00,Yau Tsim Mong,0,1
20250817-2302,2025-08-17 22:00:00,Kwun Tong,9,18
20250817-2302,2025-08-17 22:00:00,Yau Tsim Mong,6,7
20250817-2302,2025-08-17 22:00:00,Eastern District,6,13
20250817-2302,2025-08-17 22:00:00,Kowloon City,6,12
20250817-2302,2025-08-17 22:00:00,Wan Chai,5,7
20250817-2302,2025-08-17 22:00:00,North District,5,18
20250817-2302,2025-08-17 22:00:00,Sham Shui Po,4,6
20250817-2302,2025-08-17 22:00:00,Kwai Tsing,2,10
20250817-2302,2025-08-17 22:00:00,Wong Tai Sin,13,23
20250817-2302,2025-08-17 22:00:00,Sha Tin,1,17
20250817-2302,2025-08-17 22:00:00,Tai Po,1,16
20250817-2302,2025-08-17 22:00:00,Yuen Long,1,10
20250817-2302,2025-08-17 22:00:00,Southern District,0,8
20250817-2302,2025-08-17 22:00:00,Central & Western District,0,3
20250817-2302,2025-08-17 22:00:00,Tuen Mun,0,3
20250817-2302,2025-08-17 22:00:00,Tsuen Wan,0,21
20250817-2302,2025-08-17 22:00:00,Sai Kung,0,20
20250817-2302,2025-08-17 22:00:00,Islands District,0,1
20250818-0002,2025-08-17 23:00:00,Sham Shui Po,8,13
20250818-0002,2025-08-17 23:00:00,Kwun Tong,8,10
20250818-0002,2025-08-17 23:00:00,Kowloon City,7,9
20250818-0002,2025-08-17 23:00:00,Yau Tsim Mong,7,8
20250818-0002,2025-08-17 23:00:00,Eastern District,5,9
20250818-0002,2025-08-17 23:00:00,Wan Chai,5,8
20250818-0002,2025-08-17 23:00:00,Kwai Tsing,4,10
20250818-0002,2025-08-17 23:00:00,Tai Po,2,11
20250818-0002,2025-08-17 23:00:00,Tsuen Wan,2,10
20250818-0002,2025-08-17 23:00:00,Wong Tai Sin,10,14
20250818-0002,2025-08-17 23:00:00,North District,1,9
20250818-0002,2025-08-17 23:00:00,Sai Kung,1,9
20250818-0002,2025-08-17 23:00:00,Central & Western District,1,7
20250818-0002,2025-08-17 23:00:00,Sha Tin,1,12
20250818-0002,2025-08-17 23:00:00,Yuen Long,1,10
20250818-0002,2025-08-17 23:00:00,Southern District,0,5
20250818-0002,2025-08-17 23:00:00,Islands District,0,4
20250818-0002,2025-08-17 23:00:00,Tuen Mun,0,2
20250818-0102,2025-08-18 00:00:00,Kwai Tsing,5,15
20250818-0102,2025-08-18 00:00:00,Tsuen Wan,5,10
20250818-0102,2025-08-18 00:00:00,Central & Western District,3,9
20250818-0102,2025-08-18 00:00:00,Sham Shui Po,3,6
20250818-0102,2025-08-18 00:00:00,Wan Chai,3,5
20250818-0102,2025-08-18 00:00:00,Yau Tsim Mong,3,5
20250818-0102,2025-08-18 00:00:00,Tuen Mun,3,21
20250818-0102,2025-08-18 00:00:00,Yuen Long,1,5
20250818-0102,2025-08-18 00:00:00,Wong Tai Sin,1,3
20250818-0102,2025-08-18 00:00:00,Kowloon City,1,2
20250818-0102,2025-08-18 00:00:00,Sha Tin,0,5
20250818-0102,2025-08-18 00:00:00,Southern District,0,4
20250818-0102,2025-08-18 00:00:00,Eastern District,0,3
20250818-0102,2025-08-18 00:00:00,Tai Po,0,2
20250818-0102,2025-08-18 00:00:00,Islands District,0,15
20250818-0102,2025-08-18 00:00:00,Kwun Tong,0,1
20250818-0102,2025-08-18 00:00:00,North District,0,1
20250818-0102,2025-08-18 00:00:00,Sai Kung,0,1
20250818-0202,2025-08-18 01:00:00,Wong Tai Sin,3,6
20250818-0202,2025-08-18 01:00:00,Central & Western District,2,7
20250818-0202,2025-08-18 01:00:00,Tsuen Wan,2,7
20250818-0202,2025-08-18 01:00:00,Tuen Mun,2,6
20250818-0202,2025-08-18 01:00:00,Southern District,1,8
20250818-0202,2025-08-18 01:00:00,Kwai Tsing,1,6
20250818-0202,2025-08-18 01:00:00,Kowloon City,1,5
20250818-0202,2025-08-18 01:00:00,Kwun Tong,1,3
20250818-0202,2025-08-18 01:00:00,Wan Chai,1,2
20250818-0202,2025-08-18 01:00:00,Yau Tsim Mong,1,2
20250818-0202,2025-08-18 01:00:00,Sham Shui Po,1,10
20250818-0202,2025-08-18 01:00:00,Islands District,0,72
20250818-0202,2025-08-18 01:00:00,Sha Tin,0,4
20250818-0202,2025-08-18 01:00:00,Yuen Long,0,4
20250818-0202,2025-08-18 01:00:00,Eastern District,0,1
20250818-0202,2025-08-18 01:00:00,Sai Kung,0,1
20250818-0302,2025-08-18 02:00:00,Sham Shui Po,9,11
20250818-0302,2025-08-18 02:00:00,Yau Tsim Mong,8,12
20250818-0302,2025-08-18 02:00:00,Kwai Tsing,7,20
20250818-0302,2025-08-18 02:00:00,Kowloon City,7,10
20250818-0302,2025-08-18 02:00:00,Kwun Tong,4,9
20250818-0302,2025-08-18 02:00:00,Wong Tai Sin,4,12
20250818-0302,2025-08-18 02:00:00,Tsuen Wan,3,73
20250818-0302,2025-08-18 02:00:00,Southern District,3,48
20250818-0302,2025-08-18 02:00:00,Tuen Mun,27,62
20250818-0302,2025-08-18 02:00:00,Eastern District,2,8
20250818-0302,2025-08-18 02:00:00,Central & Western District,16,56
20250818-0302,2025-08-18 02:00:00,Wan Chai,10,15
20250818-0302,2025-08-18 02:00:00,Islands District,1,62
20250818-0302,2025-08-18 02:00:00,Sha Tin,0,8
20250818-0302,2025-08-18 02:00:00,Sai Kung,0,6
20250818-0302,2025-08-18 02:00:00,Tai Po,0,2
20250818-0302,2025-08-18 02:00:00,Yuen Long,0,19
20250818-0402,2025-08-18 03:00:00,Sha Tin,9,13
20250818-0402,2025-08-18 03:00:00,Wan Chai,9,12
20250818-0402,2025-08-18 03:00:00,Yau Tsim Mong,6,6
20250818-0402,2025-08-18 03:00:00,Wong Tai Sin,5,11
20250818-0402,2025-08-18 03:00:00,Kowloon City,4,7
20250818-0402,2025-08-18 03:00:00,Eastern District,4,6
20250818-0402,2025-08-18 03:00:00,Kwun Tong,4,10
20250818-0402,2025-08-18 03:00:00,Southern District,3,13
20250818-0402,2025-08-18 03:00:00,Tuen Mun,23,45
20250818-0402,2025-08-18 03:00:00,Yuen Long,13,27
20250818-0402,2025-08-18 03:00:00,Kwai Tsing,13,21
20250818-0402,2025-08-18 03:00:00,Tsuen Wan,11,34
20250818-0402,2025-08-18 03:00:00,Central & Western District,11,15
20250818-0402,2025-08-18 03:00:00,Sham Shui Po,11,12
20250818-0402,2025-08-18 03:00:00,Islands District,1,36
20250818-0402,2025-08-18 03:00:00,Sai Kung,1,26
20250818-0402,2025-08-18 03:00:00,North District,0,17
20250818-0402,2025-08-18 03:00:00,Tai Po,0,15
20250818-0501,2025-08-18 04:00:00,Southern District,9,20
20250818-0501,2025-08-18 04:00:00,Wan Chai,8,13
20250818-0501,2025-08-18 04:00:00,Central & Western District,6,17
20250818-0501,2025-08-18 04:00:00,Eastern District,5,9
20250818-0501,2025-08-18 04:00:00,Kwun Tong,4,5
20250818-0501,2025-08-18 04:00:00,Wong Tai Sin,4,5
20250818-0501,2025-08-18 04:00:00,Yau Tsim Mong,4,5
20250818-0501,2025-08-18 04:00:00,North District,4,38
20250818-0501,2025-08-18 04:00:00,Tuen Mun,3,8
20250818-0501,2025-08-18 04:00:00,Kowloon City,3,6
20250818-0501,2025-08-18 04:00:00,Sham Shui Po,3,4
20250818-0501,2025-08-18 04:00:00,Tai Po,3,16
20250818-0501,2025-08-18 04:00:00,Sha Tin,2,8
20250818-0501,2025-08-18 04:00:00,Tsuen Wan,2,7
20250818-0501,2025-08-18 04:00:00,Kwai Tsing,1,5
20250818-0501,2025-08-18 04:00:00,Yuen Long,1,4
20250818-0501,2025-08-18 04:00:00,Islands District,1,30
20250818-0501,2025-08-18 04:00:00,Sai Kung,0,13
20250818-0602,2025-08-18 05:00:00,Kwai Tsing,9,23
20250818-0602,2025-08-18 05:00:00,Yuen Long,8,23
20250818-0602,2025-08-18 05:00:00,Wan Chai,7,10
20250818-0602,2025-08-18 05:00:00,Central & Western District,6,11
20250818-0602,2025-08-18 05:00:00,Wong Tai Sin,40,48
20250818-0602,2025-08-18 05:00:00,Kwun Tong,40,47
20250818-0602,2025-08-18 05:00:00,Tuen Mun,4,8
20250818-0602,2025-08-18 05:00:00,Sai Kung,4,52
20250818-0602,2025-08-18 05:00:00,Tsuen Wan,4,28
20250818-0602,2025-08-18 05:00:00,Eastern District,22,41
20250818-0602,2025-08-18 05:00:00,Kowloon City,22,35
20250818-0602,2025-08-18 05:00:00,Sha Tin,20,43
20250818-0602,2025-08-18 05:00:00,North District,2,18
20250818-0602,2025-08-18 05:00:00,Southern District,2,17
20250818-0602,2025-08-18 05:00:00,Sham Shui Po,15,27
20250818-0602,2025-08-18 05:00:00,Yau Tsim Mong,12,26
20250818-0602,2025-08-18 05:00:00,Tai Po,1,31
20250818-0602,2025-08-18 05:00:00,Islands District,0,11
20250818-0701,2025-08-18 06:00:00,North District,4,22
20250818-0701,2025-08-18 06:00:00,Sha Tin,4,16
20250818-0701,2025-08-18 06:00:00,Kwai Tsing,3,8
20250818-0701,2025-08-18 06:00:00,Wong Tai Sin,3,5
20250818-0701,2025-08-18 06:00:00,Sham Shui Po,3,3
20250818-0701,2025-08-18 06:00:00,Kowloon City,2,3
20250818-0701,2025-08-18 06:00:00,Kwun Tong,2,3
20250818-0701,2025-08-18 06:00:00,Tsuen Wan,2,12
20250818-0701,2025-08-18 06:00:00,Eastern District,2,2
20250818-0701,2025-08-18 06:00:00,Wan Chai,2,2
20250818-0701,2025-08-18 06:00:00,Yau Tsim Mong,2,2
20250818-0701,2025-08-18 06:00:00,Sai Kung,1,9
20250818-0701,2025-08-18 06:00:00,Tuen Mun,1,3
20250818-0701,2025-08-18 06:00:00,Central & Western District,1,2
20250818-0701,2025-08-18 06:00:00,Southern District,1,2
20250818-0701,2025-08-18 06:00:00,Tai Po,1,18
20250818-0701,2025-08-18 06:00:00,Yuen Long,1,10
20250818-0701,2025-08-18 06:00:00,Islands District,0,7
20250818-0801,2025-08-18 07:00:00,Eastern District,1,2
20250818-0801,2025-08-18 07:00:00,Sai Kung,1,2
20250818-0801,2025-08-18 07:00:00,Kwun Tong,1,1
20250818-0801,2025-08-18 07:00:00,Sha Tin,0,2
20250818-0801,2025-08-18 07:00:00,Tai Po,0,16
20250818-0801,2025-08-18 07:00:00,North District,0,10
20250818-0801,2025-08-18 07:00:00,Islands District,0,1
20250818-0801,2025-08-18 07:00:00,Southern District,0,1
20250818-0801,2025-08-18 07:00:00,Wan Chai,0,1
20250818-0801,2025-08-18 07:00:00,Wong Tai Sin,0,1
20250818-0901,2025-08-18 08:00:00,Islands District,1,4
20250818-0901,2025-08-18 08:00:00,Tsuen Wan,1,3
20250818-0901,2025-08-18 08:00:00,Kwun Tong,1,2
20250818-0901,2025-08-18 08:00:00,Sha Tin,1,2
20250818-0901,2025-08-18 08:00:00,Wong Tai Sin,1,2
20250818-0901,2025-08-18 08:00:00,Central & Western District,1,1
20250818-0901,2025-08-18 08:00:00,Eastern District,1,1
20250818-0901,2025-08-18 08:00:00,Kowloon City,1,1
20250818-0901,2025-08-18 08:00:00,Kwai Tsing,1,1
20250818-0901,2025-08-18 08:00:00,Sham Shui Po,1,1
20250818-0901,2025-08-18 08:00:00,Southern District,1,1
20250818-0901,2025-08-18 08:00:00,Wan Chai,1,1
20250818-0901,2025-08-18 08:00:00,Tai Po,0,4
20250818-0901,2025-08-18 08:00:00,North District,0,3
20250818-0901,2025-08-18 08:00:00,Sai Kung,0,2
20250818-0901,2025-08-18 08:00:00,Yuen Long,0,2
20250818-0901,2025-08-18 08:00:00,Tuen Mun,0,1
20250818-0901,2025-08-18 08:00:00,Yau Tsim Mong,0,1
20250818-1001,2025-08-18 09:00:00,Islands District,0,1
20250818-1001,2025-08-18 09:00:00,Tai Po,0,1
20250818-1102,2025-08-18 10:00:00,Islands District,0,4
20250818-1102,2025-08-18 10:00:00,Tuen Mun,0,1
20250818-1202,2025-08-18 11:00:00,Wong Tai Sin,9,17
20250818-1202,2025-08-18 11:00:00,Kwai Tsing,4,12
20250818-1202,2025-08-18 11:00:00,Islands District,3,22
20250818-1202,2025-08-18 11:00:00,Wan Chai,25,28
20250818-1202,2025-08-18 11:00:00,Sha Tin,2,13
20250818-1202,2025-08-18 11:00:00,Tsuen Wan,2,13
20250818-1202,2025-08-18 11:00:00,Yau Tsim Mong,18,21
20250818-1202,2025-08-18 11:00:00,Eastern District,16,25
20250818-1202,2025-08-18 11:00:00,Sham Shui Po,15,17
20250818-1202,2025-08-18 11:00:00,Southern District,14,21
20250818-1202,2025-08-18 11:00:00,Kowloon City,14,20
20250818-1202,2025-08-18 11:00:00,Kwun Tong,14,20
20250818-1202,2025-08-18 11:00:00,Central & Western District,11,23
20250818-1202,2025-08-18 11:00:00,North District,0,4
20250818-1202,2025-08-18 11:00:00,Yuen Long,0,4
20250818-1202,2025-08-18 11:00:00,Sai Kung,0,13
20250818-1202,2025-08-18 11:00:00,Tai Po,0,12
20250818-1202,2025-08-18 11:00:00,Tuen Mun,0,10
20250818-1301,2025-08-18 12:00:00,Kwai Tsing,4,9
20250818-1301,2025-08-18 12:00:00,Yuen Long,2,9
20250818-1301,2025-08-18 12:00:00,Sha Tin,2,7
20250818-1301,2025-08-18 12:00:00,North District,2,13
20250818-1301,2025-08-18 12:00:00,Tuen Mun,2,11
20250818-1301,2025-08-18 12:00:00,Tsuen Wan,1,8
20250818-1301,2025-08-18 12:00:00,Sham Shui Po,1,1
20250818-1301,2025-08-18 12:00:00,Tai Po,0,8
20250818-1301,2025-08-18 12:00:00,Sai Kung,0,6
20250818-1301,2025-08-18 12:00:00,Islands District,0,2
20250818-1301,2025-08-18 12:00:00,Eastern District,0,1
20250818-1301,2025-08-18 12:00:00,Kowloon City,0,1
20250818-1301,2025-08-18 12:00:00,Kwun Tong,0,1
20250818-1301,2025-08-18 12:00:00,Wong Tai Sin,0,1
20250818-1401,2025-08-18 13:00:00,North District,0,4
20250818-1401,2025-08-18 13:00:00,Tai Po,0,4
20250818-1401,2025-08-18 13:00:00,Sha Tin,0,2
20250818-1401,2025-08-18 13:00:00,Sai Kung,0,10
20250818-1501,2025-08-18 14:00:00,Tai Po,0,9
20250818-1501,2025-08-18 14:00:00,North District,0,17
20250818-1501,2025-08-18 14:00:00,Sha Tin,0,1
20250818-1602,2025-08-18 15:00:00,North District,0,1
20250818-1602,2025-08-18 15:00:00,Tai Po,0,1
20250818-1702,2025-08-18 16:00:00,Islands District,0,2
20250818-1802,2025-08-18 17:00:00,Eastern District,1,2
20250818-1802,2025-08-18 17:00:00,Wan Chai,1,2
20250818-1802,2025-08-18 17:00:00,Yau Tsim Mong,1,2
20250818-1802,2025-08-18 17:00:00,Kowloon City,1,1
20250818-1802,2025-08-18 17:00:00,Sai Kung,0,9
20250818-1802,2025-08-18 17:00:00,Islands District,0,3
20250818-1802,2025-08-18 17:00:00,Kwai Tsing,0,3
20250818-1802,2025-08-18 17:00:00,Southern District,0,3
20250818-1802,2025-08-18 17:00:00,Sham Shui Po,0,2
20250818-1802,2025-08-18 17:00:00,Tai Po,0,2
20250818-1802,2025-08-18 17:00:00,Tsuen Wan,0,2
20250818-1802,2025-08-18 17:00:00,Wong Tai Sin,0,2
20250818-1802,2025-08-18 17:00:00,Kwun Tong,0,1
20250818-1802,2025-08-18 17:00:00,Sha Tin,0,1
20250818-1802,2025-08-18 17:00:00,Yuen Long,0,1
20250818-1901,2025-08-18 18:00:00,Sai Kung,1,6
20250818-1901,2025-08-18 18:00:00,Eastern District,1,1
20250818-1901,2025-08-18 18:00:00,North District,0,7
20250818-1901,2025-08-18 18:00:00,Sha Tin,0,6
20250818-1901,2025-08-18 18:00:00,Tai Po,0,20
20250818-1901,2025-08-18 18:00:00,Central & Western District,0,1
20250818-1901,2025-08-18 18:00:00,Islands District,0,1
20250818-1901,2025-08-18 18:00:00,Kowloon City,0,1
20250818-1901,2025-08-18 18:00:00,Kwai Tsing,0,1
20250818-1901,2025-08-18 18:00:00,Kwun Tong,0,1
20250818-1901,2025-08-18 18:00:00,Southern District,0,1
20250818-1901,2025-08-18 18:00:00,Tsuen Wan,0,1
20250818-1901,2025-08-18 18:00:00,Tuen Mun,0,1
20250818-1901,2025-08-18 18:00:00,Wan Chai,0,1
20250818-1901,2025-08-18 18:00:00,Wong Tai Sin,0,1
20250818-1901,2025-08-18 18:00:00,Yuen Long,0,1
20250818-2002,2025-08-18 19:00:00,Southern District,6,16
20250818-2002,2025-08-18 19:00:00,Wan Chai,4,7
20250818-2002,2025-08-18 19:00:00,Eastern District,3,8
20250818-2002,2025-08-18 19:00:00,Central & Western District,1,7
20250818-2002,2025-08-18 19:00:00,Kwun Tong,0,5
20250818-2002,2025-08-18 19:00:00,Kowloon City,0,4
20250818-2002,2025-08-18 19:00:00,Sai Kung,0,3
20250818-2002,2025-08-18 19:00:00,Wong Tai Sin,0,2
20250818-2002,2025-08-18 19:00:00,Islands District,0,11
20250818-2002,2025-08-18 19:00:00,North District,0,1
20250818-2101,2025-08-18 20:00:00,Sham Shui Po,7,9
20250818-2101,2025-08-18 20:00:00,Wong Tai Sin,7,9
20250818-2101,2025-08-18 20:00:00,Kwun Tong,6,8
20250818-2101,2025-08-18 20:00:00,Yau Tsim Mong,6,7
20250818-2101,2025-08-18 20:00:00,Kowloon City,5,10
20250818-2101,2025-08-18 20:00:00,Tsuen Wan,4,9
20250818-2101,2025-08-18 20:00:00,Kwai Tsing,4,8
20250818-2101,2025-08-18 20:00:00,Wan Chai,4,8
20250818-2101,2025-08-18 20:00:00,Sha Tin,3,13
20250818-2101,2025-08-18 20:00:00,Tuen Mun,3,13
20250818-2101,2025-08-18 20:00:00,Central & Western District,3,10
20250818-2101,2025-08-18 20:00:00,Eastern District,1,4
20250818-2101,2025-08-18 20:00:00,Islands District,1,12
20250818-2101,2025-08-18 20:00:00,Yuen Long,0,7
20250818-2101,2025-08-18 20:00:00,Tai Po,0,6
20250818-2101,2025-08-18 20:00:00,Southern District,0,5
20250818-2101,2025-08-18 20:00:00,North District,0,4
20250818-2101,2025-08-18 20:00:00,Sai Kung,0,15
20250818-2202,2025-08-18 21:00:00,North District,1,5
20250818-2202,2025-08-18 21:00:00,Tsuen Wan,1,2
20250818-2202,2025-08-18 21:00:00,Yuen Long,1,2
20250818-2202,2025-08-18 21:00:00,Sai Kung,0,33
20250818-2202,2025-08-18 21:00:00,Southern District,0,3
20250818-2202,2025-08-18 21:00:00,Tai Po,0,23
20250818-2202,2025-08-18 21:00:00,Tuen Mun,0,2
20250818-2202,2025-08-18 21:00:00,Islands District,0,13
20250818-2202,2025-08-18 21:00:00,Eastern District,0,1
20250818-2202,2025-08-18 21:00:00,Kwai Tsing,0,1
20250818-2202,2025-08-18 21:00:00,Kwun Tong,0,1
20250818-2202,2025-08-18 21:00:00,Sha Tin,0,1
20250818-2202,2025-08-18 21:00:00,Wong Tai Sin,0,1
20250818-2302,2025-08-18 22:00:00,Kwun Tong,7,14
20250818-2302,2025-08-18 22:00:00,Wong Tai Sin,5,8
20250818-2302,2025-08-18 22:00:00,Wan Chai,3,4
20250818-2302,2025-08-18 22:00:00,Eastern District,3,21
20250818-2302,2025-08-18 22:00:00,Kowloon City,2,7
20250818-2302,2025-08-18 22:00:00,Sai Kung,2,33
20250818-2302,2025-08-18 22:00:00,Yau Tsim Mong,2,3
20250818-2302,2025-08-18 22:00:00,Sha Tin,2,22
20250818-2302,2025-08-18 22:00:00,Southern District,1,8
20250818-2302,2025-08-18 22:00:00,Islands District,1,21
20250818-2302,2025-08-18 22:00:00,Central & Western District,1,2
20250818-2302,2025-08-18 22:00:00,Tuen Mun,1,2
20250818-2302,2025-08-18 22:00:00,Sham Shui Po,1,1
20250818-2302,2025-08-18 22:00:00,Tai Po,0,18
20250818-2302,2025-08-18 22:00:00,North District,0,14
20250818-2302,2025-08-18 22:00:00,Kwai Tsing,0,1
20250818-2302,2025-08-18 22:00:00,Tsuen Wan,0,1
20250818-2302,2025-08-18 22:00:00,Yuen Long,0,1
20250819-0002,2025-08-18 23:00:00,Wong Tai Sin,6,20
20250819-0002,2025-08-18 23:00:00,Eastern District,6,17
20250819-0002,2025-08-18 23:00:00,Wan Chai,5,6
20250819-0002,2025-08-18 23:00:00,Kowloon City,3,5
20250819-0002,2025-08-18 23:00:00,Yau Tsim Mong,2,3
20250819-0002,2025-08-18 23:00:00,Sha Tin,2,27
20250819-0002,2025-08-18 23:00:00,Kwun Tong,11,17
20250819-0002,2025-08-18 23:00:00,North District,1,55
20250819-0002,2025-08-18 23:00:00,Sai Kung,1,20
20250819-0002,2025-08-18 23:00:00,Sham Shui Po,1,2
20250819-0002,2025-08-18 23:00:00,Southern District,1,15
20250819-0002,2025-08-18 23:00:00,Kwai Tsing,1,1
20250819-0002,2025-08-18 23:00:00,Islands District,0,7
20250819-0002,2025-08-18 23:00:00,Central & Western District,0,3
20250819-0002,2025-08-18 23:00:00,Tai Po,0,23
20250819-0002,2025-08-18 23:00:00,Tsuen Wan,0,2
20250819-0002,2025-08-18 23:00:00,Yuen Long,0,2
20250819-0102,2025-08-19 00:00:00,Central & Western District,1,2
20250819-0102,2025-08-19 00:00:00,Sha Tin,1,2
20250819-0102,2025-08-19 00:00:00,Sham Shui Po,1,2
20250819-0102,2025-08-19 00:00:00,Wan Chai,1,2
20250819-0102,2025-08-19 00:00:00,Wong Tai Sin,1,2
20250819-0102,2025-08-19 00:00:00,Yau Tsim Mong,1,2
20250819-0102,2025-08-19 00:00:00,Kowloon City,1,1
20250819-0102,2025-08-19 00:00:00,Kwai Tsing,1,1
20250819-0102,2025-08-19 00:00:00,North District,0,3
20250819-0102,2025-08-19 00:00:00,Sai Kung,0,3
20250819-0102,2025-08-19 00:00:00,Tai Po,0,3
20250819-0102,2025-08-19 00:00:00,Southern District,0,2
20250819-0102,2025-08-19 00:00:00,Eastern District,0,1
20250819-0102,2025-08-19 00:00:00,Kwun Tong,0,1
20250819-0102,2025-08-19 00:00:00,Tsuen Wan,0,1
20250819-0102,2025-08-19 00:00:00,Yuen Long,0,1
20250819-0202,2025-08-19 01:00:00,Sai Kung,0,3
20250819-0202,2025-08-19 01:00:00,North District,0,2
20250819-0202,2025-08-19 01:00:00,Islands District,0,1
20250819-0202,2025-08-19 01:00:00,Tai Po,0,1
20250819-0202,2025-08-19 01:00:00,Tuen Mun,0,1
20250819-0202,2025-08-19 01:00:00,Yuen Long,0,1
20250819-0302,2025-08-19 02:00:00,Sha Tin,0,5
20250819-0302,2025-08-19 02:00:00,Tai Po,0,5
20250819-0302,2025-08-19 02:00:00,Tsuen Wan,0,4
20250819-0302,2025-08-19 02:00:00,Kowloon City,0,3
20250819-0302,2025-08-19 02:00:00,Kwai Tsing,0,3
20250819-0302,2025-08-19 02:00:00,North District,0,3
20250819-0302,2025-08-19 02:00:00,Sai Kung,0,3
20250819-0302,2025-08-19 02:00:00,Yuen Long,0,2
20250819-0302,2025-08-19 02:00:00,Central & Western District,0,1
20250819-0302,2025-08-19 02:00:00,Eastern District,0,1
20250819-0302,2025-08-19 02:00:00,Sham Shui Po,0,1
20250819-0302,2025-08-19 02:00:00,Wong Tai Sin,0,1
20250819-0402,2025-08-19 03:00:00,Wan Chai,5,9
20250819-0402,2025-08-19 03:00:00,Eastern District,3,8
20250819-0402,2025-08-19 03:00:00,Southern District,1,5
20250819-0402,2025-08-19 03:00:00,Kwun Tong,1,3
20250819-0402,2025-08-19 03:00:00,Islands District,0,7
20250819-0402,2025-08-19 03:00:00,Sai Kung,0,7
20250819-0402,2025-08-19 03:00:00,Central & Western District,0,3
20250819-0402,2025-08-19 03:00:00,North District,0,3
20250819-0402,2025-08-19 03:00:00,Tai Po,0,2
20250819-0402,2025-08-19 03:00:00,Tsuen Wan,0,2
20250819-0402,2025-08-19 03:00:00,Yau Tsim Mong,0,2
20250819-0402,2025-08-19 03:00:00,Kowloon City,0,1
20250819-0402,2025-08-19 03:00:00,Kwai Tsing,0,1
20250819-0402,2025-08-19 03:00:00,Yuen Long,0,1
20250819-0501,2025-08-19 04:00:00,Kowloon City,8,30
20250819-0501,2025-08-19 04:00:00,Kwun Tong,5,9
20250819-0501,2025-08-19 04:00:00,Eastern District,5,16
20250819-0501,2025-08-19 04:00:00,Tuen Mun,4,18
20250819-0501,2025-08-19 04:00:00,North District,3,19
20250819-0501,2025-08-19 04:00:00,Central & Western District,2,16
20250819-0501,2025-08-19 04:00:00,Tsuen Wan,2,15
20250819-0501,2025-08-19 04:00:00,Kwai Tsing,2,12
20250819-0501,2025-08-19 04:00:00,Southern District,2,12
20250819-0501,2025-08-19 04:00:00,Sham Shui Po,14,20
20250819-0501,2025-08-19 04:00:00,Wong Tai Sin,13,24
20250819-0501,2025-08-19 04:00:00,Wan Chai,12,15
20250819-0501,2025-08-19 04:00:00,Sha Tin,11,28
20250819-0501,2025-08-19 04:00:00,Yau Tsim Mong,11,18
20250819-0501,2025-08-19 04:00:00,Yuen Long,1,8
20250819-0501,2025-08-19 04:00:00,Sai Kung,0,5
20250819-0501,2025-08-19 04:00:00,Tai Po,0,36
20250819-0501,2025-08-19 04:00:00,Islands District,0,11
20250819-0601,2025-08-19 05:00:00,Wong Tai Sin,7,17
20250819-0601,2025-08-19 05:00:00,Sha Tin,4,18
20250819-0601,2025-08-19 05:00:00,Kwun Tong,3,7
20250819-0601,2025-08-19 05:00:00,Sham Shui Po,3,6
20250819-0601,2025-08-19 05:00:00,Yuen Long,2,8
20250819-0601,2025-08-19 05:00:00,North District,1,43
20250819-0601,2025-08-19 05:00:00,Eastern District,1,3
20250819-0601,2025-08-19 05:00:00,Wan Chai,1,3
20250819-0601,2025-08-19 05:00:00,Yau Tsim Mong,1,1
20250819-0601,2025-08-19 05:00:00,Tuen Mun,0,9
20250819-0601,2025-08-19 05:00:00,Kwai Tsing,0,5
20250819-0601,2025-08-19 05:00:00,Kowloon City,0,4
20250819-0601,2025-08-19 05:00:00,Tai Po,0,21
20250819-0601,2025-08-19 05:00:00,Central & Western District,0,2
20250819-0601,2025-08-19 05:00:00,Southern District,0,2
20250819-0601,2025-08-19 05:00:00,Sai Kung,0,12
20250819-0601,2025-08-19 05:00:00,Tsuen Wan,0,10
20250819-0701,2025-08-19 06:00:00,Yau Tsim Mong,3,4
20250819-0701,2025-08-19 06:00:00,Kwun Tong,2,7
20250819-0701,2025-08-19 06:00:00,Wan Chai,2,7
20250819-0701,2025-08-19 06:00:00,Sham Shui Po,1,2
20250819-0701,2025-08-19 06:00:00,Sha Tin,0,8
20250819-0701,2025-08-19 06:00:00,Central & Western District,0,5
20250819-0701,2025-08-19 06:00:00,Sai Kung,0,5
20250819-0701,2025-08-19 06:00:00,Kowloon City,0,4
20250819-0701,2025-08-19 06:00:00,Southern District,0,4
20250819-0701,2025-08-19 06:00:00,Wong Tai Sin,0,4
20250819-0701,2025-08-19 06:00:00,Tuen Mun,0,3
20250819-0701,2025-08-19 06:00:00,North District,0,23
20250819-0701,2025-08-19 06:00:00,Eastern District,0,2
20250819-0701,2025-08-19 06:00:00,Tai Po,0,15
20250819-0701,2025-08-19 06:00:00,Islands District,0,1
20250819-0701,2025-08-19 06:00:00,Kwai Tsing,0,1
20250819-0701,2025-08-19 06:00:00,Yuen Long,0,1
20250819-0802,2025-08-19 07:00:00,Tuen Mun,3,9
20250819-0802,2025-08-19 07:00:00,Tsuen Wan,1,7
20250819-0802,2025-08-19 07:00:00,Sham Shui Po,1,5
20250819-0802,2025-08-19 07:00:00,Sha Tin,1,3
20250819-0802,2025-08-19 07:00:00,Wong Tai Sin,1,2
20250819-0802,2025-08-19 07:00:00,Yuen Long,0,8
20250819-0802,2025-08-19 07:00:00,North District,0,6
20250819-0802,2025-08-19 07:00:00,Kwai Tsing,0,4
20250819-0802,2025-08-19 07:00:00,Tai Po,0,4
20250819-0802,2025-08-19 07:00:00,Kowloon City,0,2
20250819-0802,2025-08-19 07:00:00,Islands District,0,12
20250819-0802,2025-08-19 07:00:00,Central & Western District,0,1
20250819-0802,2025-08-19 07:00:00,Sai Kung,0,1
20250819-0802,2025-08-19 07:00:00,Wan Chai,0,1
20250819-0802,2025-08-19 07:00:00,Yau Tsim Mong,0,1
20250819-0902,2025-08-19 08:00:00,Central & Western District,5,11
20250819-0902,2025-08-19 08:00:00,Wan Chai,2,5
20250819-0902,2025-08-19 08:00:00,Sham Shui Po,1,1
20250819-0902,2025-08-19 08:00:00,Islands District,0,9
20250819-0902,2025-08-19 08:00:00,Tai Po,0,9
20250819-0902,2025-08-19 08:00:00,North District,0,7
20250819-0902,2025-08-19 08:00:00,Sha Tin,0,6
20250819-0902,2025-08-19 08:00:00,Tsuen Wan,0,4
20250819-0902,2025-08-19 08:00:00,Kwai Tsing,0,3
20250819-0902,2025-08-19 08:00:00,Sai Kung,0,3
20250819-0902,2025-08-19 08:00:00,Tuen Mun,0,3
20250819-0902,2025-08-19 08:00:00,Wong Tai Sin,0,3
20250819-0902,2025-08-19 08:00:00,Yuen Long,0,3
20250819-0902,2025-08-19 08:00:00,Eastern District,0,2
20250819-0902,2025-08-19 08:00:00,Southern District,0,13
20250819-0902,2025-08-19 08:00:00,Kwun Tong,0,1
20250819-1002,2025-08-19 09:00:00,Yau Tsim Mong,9,11
20250819-1002,2025-08-19 09:00:00,Sham Shui Po,7,8
20250819-1002,2025-08-19 09:00:00,Wong Tai Sin,7,11
20250819-1002,2025-08-19 09:00:00,Sha Tin,6,13
20250819-1002,2025-08-19 09:00:00,Kwai Tsing,4,7
20250819-1002,2025-08-19 09:00:00,Kowloon City,3,9
20250819-1002,2025-08-19 09:00:00,Tai Po,2,8
20250819-1002,2025-08-19 09:00:00,Wan Chai,2,8
20250819-1002,2025-08-19 09:00:00,Eastern District,1,6
20250819-1002,2025-08-19 09:00:00,North District,1,20
20250819-1002,2025-08-19 09:00:00,Kwun Tong,1,2
20250819-1002,2025-08-19 09:00:00,Central & Western District,0,8
20250819-1002,2025-08-19 09:00:00,Tsuen Wan,0,4
20250819-1002,2025-08-19 09:00:00,Southern District,0,3
20250819-1002,2025-08-19 09:00:00,Yuen Long,0,3
20250819-1002,2025-08-19 09:00:00,Islands District,0,2
20250819-1002,2025-08-19 09:00:00,Sai Kung,0,11
20250819-1102,2025-08-19 10:00:00,Eastern District,9,18
20250819-1102,2025-08-19 10:00:00,Central & Western District,8,30
20250819-1102,2025-08-19 10:00:00,Southern District,8,29
20250819-1102,2025-08-19 10:00:00,Sham Shui Po,6,21
20250819-1102,2025-08-19 10:00:00,Kowloon City,6,15
20250819-1102,2025-08-19 10:00:00,Kwun Tong,3,7
20250819-1102,2025-08-19 10:00:00,Tsuen Wan,2,8
20250819-1102,2025-08-19 10:00:00,Wong Tai Sin,2,16
20250819-1102,2025-08-19 10:00:00,Wan Chai,17,24
20250819-1102,2025-08-19 10:00:00,Yau Tsim Mong,10,16
20250819-1102,2025-08-19 10:00:00,Kwai Tsing,1,15
20250819-1102,2025-08-19 10:00:00,North District,0,8
20250819-1102,2025-08-19 10:00:00,Islands District,0,15
20250819-1102,2025-08-19 10:00:00,Tai Po,0,13
20250819-1102,2025-08-19 10:00:00,Sai Kung,0,12
20250819-1102,2025-08-19 10:00:00,Yuen Long,0,12
20250819-1102,2025-08-19 10:00:00,Sha Tin,0,10
20250819-1102,2025-08-19 10:00:00,Tuen Mun,0,1
20250819-1201,2025-08-19 11:00:00,Kowloon City,8,34
20250819-1201,2025-08-19 11:00:00,Wan Chai,5,9
20250819-1201,2025-08-19 11:00:00,Kwai Tsing,5,32
20250819-1201,2025-08-19 11:00:00,Kwun Tong,5,11
20250819-1201,2025-08-19 11:00:00,Yuen Long,4,35
20250819-1201,2025-08-19 11:00:00,Eastern District,2,9
20250819-1201,2025-08-19 11:00:00,Central & Western District,2,21
20250819-1201,2025-08-19 11:00:00,Yau Tsim Mong,18,29
20250819-1201,2025-08-19 11:00:00,North District,17,31
20250819-1201,2025-08-19 11:00:00,Wong Tai Sin,15,26
20250819-1201,2025-08-19 11:00:00,Sham Shui Po,13,35
20250819-1201,2025-08-19 11:00:00,Sha Tin,11,42
20250819-1201,2025-08-19 11:00:00,Tai Po,1,41
20250819-1201,2025-08-19 11:00:00,Tsuen Wan,1,40
20250819-1201,2025-08-19 11:00:00,Sai Kung,0,7
20250819-1201,2025-08-19 11:00:00,Southern District,0,5
20250819-1201,2025-08-19 11:00:00,Islands District,0,4
20250819-1201,2025-08-19 11:00:00,Tuen Mun,0,10
20250819-1302,2025-08-19 12:00:00,Sha Tin,2,16
20250819-1302,2025-08-19 12:00:00,Sham Shui Po,2,2
20250819-1302,2025-08-19 12:00:00,Kwai Tsing,1,3
20250819-1302,2025-08-19 12:00:00,Tsuen Wan,1,2
20250819-1302,2025-08-19 12:00:00,Tai Po,1,13
20250819-1302,2025-08-19 12:00:00,Yau Tsim Mong,1,11
20250819-1302,2025-08-19 12:00:00,Sai Kung,0,7
20250819-1302,2025-08-19 12:00:00,North District,0,5
20250819-1302,2025-08-19 12:00:00,Islands District,0,4
20250819-1302,2025-08-19 12:00:00,Central & Western District,0,2
20250819-1302,2025-08-19 12:00:00,Kowloon City,0,16
20250819-1302,2025-08-19 12:00:00,Tuen Mun,0,1
20250819-1302,2025-08-19 12:00:00,Wong Tai Sin,0,1
20250819-1302,2025-08-19 12:00:00,Yuen Long,0,1
20250819-1401,2025-08-19 13:00:00,Tai Po,0,4
20250819-1401,2025-08-19 13:00:00,Sai Kung,0,3
20250819-1401,2025-08-19 13:00:00,Kowloon City,0,1
20250819-1401,2025-08-19 13:00:00,North District,0,1
20250819-1401,2025-08-19 13:00:00,Sha Tin,0,1
20250819-1401,2025-08-19 13:00:00,Tsuen Wan,0,1
20250819-1401,2025-08-19 13:00:00,Yuen Long,0,1
20250819-1501,2025-08-19 14:00:00,North District,0,1
20250819-1501,2025-08-19 14:00:00,Tai Po,0,1
20250819-1602,2025-08-19 15:00:00,,0,0
20250819-1702,2025-08-19 16:00:00,,0,0
20250819-1802,2025-08-19 17:00:00,Islands District,0,2
20250819-1902,2025-08-19 18:00:00,Central & Western District,0,1
20250819-1902,2025-08-19 18:00:00,Kwai Tsing,0,1
20250819-1902,2025-08-19 18:00:00,Sham Shui Po,0,1
20250819-2002,2025-08-19 19:00:00,,0,0
20250819-2102,2025-08-19 20:00:00,,0,0
20250819-2202,2025-08-19 21:00:00,,0,0
20250819-2302,2025-08-19 22:00:00,,0,0
20250820-0002,2025-08-19 23:00:00,Sai Kung,0,3
20250820-0002,2025-08-19 23:00:00,Kwun Tong,0,1
20250820-0102,2025-08-20 00:00:00,Sai Kung,0,2
20250820-0102,2025-08-20 00:00:00,Sha Tin,0,1
20250820-0102,2025-08-20 00:00:00,Wong Tai Sin,0,1
20250820-0201,2025-08-20 01:00:00,Sai Kung,0,3
20250820-0201,2025-08-20 01:00:00,Eastern District,0,2
20250820-0201,2025-08-20 01:00:00,Kwun Tong,0,2
20250820-0201,2025-08-20 01:00:00,North District,0,2
20250820-0201,2025-08-20 01:00:00,Sha Tin,0,2
20250820-0201,2025-08-20 01:00:00,Tai Po,0,2
20250820-0201,2025-08-20 01:00:00,Kowloon City,0,1
20250820-0201,2025-08-20 01:00:00,Wong Tai Sin,0,1
20250820-0302,2025-08-20 02:00:00,Islands District,0,3
20250820-0302,2025-08-20 02:00:00,Sai Kung,0,2
20250820-0302,2025-08-20 02:00:00,Tai Po,0,2
20250820-0302,2025-08-20 02:00:00,North District,0,1
20250820-0302,2025-08-20 02:00:00,Sha Tin,0,1
20250820-0401,2025-08-20 03:00:00,Kwun Tong,0,2
20250820-0401,2025-08-20 03:00:00,Sai Kung,0,2
20250820-0401,2025-08-20 03:00:00,Tai Po,0,1
20250820-0502,2025-08-20 04:00:00,Sai Kung,0,4
20250820-0502,2025-08-20 04:00:00,Tai Po,0,3
20250820-0502,2025-08-20 04:00:00,Kwun Tong,0,1
20250820-0502,2025-08-20 04:00:00,Sha Tin,0,1
20250820-0602,2025-08-20 05:00:00,,0,0
20250820-0702,2025-08-20 06:00:00,,0,0
20250820-0802,2025-08-20 07:00:00,,0,0
20250820-0902,2025-08-20 08:00:00,,0,0
20250820-1002,2025-08-20 09:00:00,,0,0
20250820-1102,2025-08-20 10:00:00,,0,0
20250820-1202,2025-08-20 11:00:00,,0,0
20250820-1302,2025-08-20 12:00:00,,0,0
20250820-1402,2025-08-20 13:00:00,,0,0
20250820-1502,2025-08-20 14:00:00,,0,0
20250820-1602,2025-08-20 15:00:00,,0,0
20250820-1702,2025-08-20 16:00:00,,0,0
20250820-1801,2025-08-20 17:00:00,,0,0
20250820-1902,2025-08-20 18:00:00,,0,0
20250820-2002,2025-08-20 19:00:00,,0,0
20250820-2101,2025-08-20 20:00:00,,0,0
20250820-2202,2025-08-20 21:00:00,,0,0
20250820-2302,2025-08-20 22:00:00,,0,0
20250821-0002,2025-08-20 23:00:00,,0,0
20250821-0102,2025-08-21 00:00:00,,0,0
20250821-0202,2025-08-21 01:00:00,,0,0
20250821-0301,2025-08-21 02:00:00,,0,0
20250821-0401,2025-08-21 03:00:00,,0,0
20250821-0502,2025-08-21 04:00:00,,0,0
20250821-0601,2025-08-21 05:00:00,,0,0
20250821-0702,2025-08-21 06:00:00,,0,0
20250821-0802,2025-08-21 07:00:00,,0,0
20250821-0902,2025-08-21 08:00:00,,0,0
20250821-1001,2025-08-21 09:00:00,,0,0
20250821-1102,2025-08-21 10:00:00,,0,0
20250821-1201,2025-08-21 11:00:00,,0,0
20250821-1302,2025-08-21 12:00:00,,0,0
20250821-1401,2025-08-21 13:00:00,,0,0
20250821-1501,2025-08-21 14:00:00,,0,0
20250821-1601,2025-08-21 15:00:00,,0,0
20250821-1702,2025-08-21 16:00:00,,0,0
20250821-1802,2025-08-21 17:00:00,,0,0
20250821-1901,2025-08-21 18:00:00,,0,0
20250821-2002,2025-08-21 19:00:00,,0,0
20250821-2102,2025-08-21 20:00:00,,0,0
20250821-2202,2025-08-21 21:00:00,,0,0
20250821-2301,2025-08-21 22:00:00,,0,0
20250822-0002,2025-08-21 23:00:00,,0,0
20250822-0102,2025-08-22 00:00:00,,0,0
20250822-0202,2025-08-22 01:00:00,,0,0
20250822-0301,2025-08-22 02:00:00,,0,0
20250822-0401,2025-08-22 03:00:00,,0,0
20250822-0502,2025-08-22 04:00:00,,0,0
20250822-0602,2025-08-22 05:00:00,,0,0
20250822-0702,2025-08-22 06:00:00,,0,0
20250822-0802,2025-08-22 07:00:00,,0,0
20250822-0902,2025-08-22 08:00:00,,0,0
20250822-1001,2025-08-22 09:00:00,,0,0
20250822-1101,2025-08-22 10:00:00,,0,0
20250822-1201,2025-08-22 11:00:00,,0,0
20250822-1302,2025-08-22 12:00:00,,0,0
20250822-1402,2025-08-22 13:00:00,,0,0
20250822-1502,2025-08-22 14:00:00,,0,0
20250822-1602,2025-08-22 15:00:00,,0,0
20250822-1702,2025-08-22 16:00:00,,0,0
20250822-1802,2025-08-22 17:00:00,,0,0
20250822-1902,2025-08-22 18:00:00,,0,0
20250822-2003,2025-08-22 20:00:00,,0,0
20250822-2202,2025-08-22 21:00:00,,0,0
20250822-2302,2025-08-22 22:00:00,,0,0
20250823-0002,2025-08-22 23:00:00,,0,0
20250823-0102,2025-08-23 00:00:00,,0,0
20250823-0202,2025-08-23 01:00:00,,0,0
20250823-0301,2025-08-23 02:00:00,,0,0
20250823-0401,2025-08-23 03:00:00,,0,0
20250823-0501,2025-08-23 04:00:00,,0,0
20250823-0601,2025-08-23 05:00:00,,0,0
20250823-0701,2025-08-23 06:00:00,,0,0
20250823-0802,2025-08-23 07:00:00,,0,0
20250823-0902,2025-08-23 08:00:00,,0,0
20250823-1002,2025-08-23 09:00:00,,0,0
20250823-1101,2025-08-23 10:00:00,,0,0
20250823-1202,2025-08-23 11:00:00,,0,0
20250823-1301,2025-08-23 12:00:00,,0,0
20250823-1402,2025-08-23 13:00:00,,0,0
20250823-1502,2025-08-23 14:00:00,,0,0
20250823-1601,2025-08-23 15:00:00,,0,0
20250823-1702,2025-08-23 16:00:00,,0,0
20250823-1802,2025-08-23 17:00:00,,0,0
20250823-1902,2025-08-23 18:00:00,,0,0
20250823-2002,2025-08-23 19:00:00,,0,0
20250823-2102,2025-08-23 20:00:00,,0,0
20250823-2201,2025-08-23 21:00:00,Southern District,0,2
20250823-2201,2025-08-23 21:00:00,Islands District,0,16
20250823-2302,2025-08-23 22:00:00,Southern District,0,2
20250823-2302,2025-08-23 22:00:00,Islands District,0,15
20250824-0002,2025-08-23 23:00:00,Kwun Tong,1,2
20250824-0002,2025-08-23 23:00:00,North District,0,3
20250824-0002,2025-08-23 23:00:00,Tai Po,0,3
20250824-0002,2025-08-23 23:00:00,Sai Kung,0,2
20250824-0002,2025-08-23 23:00:00,Yau Tsim Mong,0,2
20250824-0002,2025-08-23 23:00:00,Kowloon City,0,1
20250824-0002,2025-08-23 23:00:00,Kwai Tsing,0,1
20250824-0002,2025-08-23 23:00:00,Sham Shui Po,0,1
20250824-0002,2025-08-23 23:00:00,Tsuen Wan,0,1
20250824-0002,2025-08-23 23:00:00,Tuen Mun,0,1
20250824-0002,2025-08-23 23:00:00,Yuen Long,0,1
20250824-0102,2025-08-24 00:00:00,North District,0,1
20250824-0102,2025-08-24 00:00:00,Tai Po,0,1
20250824-0202,2025-08-24 01:00:00,,0,0
20250824-0302,2025-08-24 02:00:00,,0,0
20250824-0401,2025-08-24 03:00:00,,0,0
20250824-0501,2025-08-24 04:00:00,,0,0
20250824-0601,2025-08-24 05:00:00,,0,0
20250824-0701,2025-08-24 06:00:00,,0,0
20250824-0801,2025-08-24 07:00:00,Tai Po,0,1
20250824-0901,2025-08-24 08:00:00,Yuen Long,0,3
20250824-0901,2025-08-24 08:00:00,Tai Po,0,1
20250824-1002,2025-08-24 09:00:00,,0,0
20250824-1101,2025-08-24 10:00:00,Tuen Mun,0,2
20250824-1101,2025-08-24 10:00:00,Kowloon City,0,1
20250824-1101,2025-08-24 10:00:00,Kwai Tsing,0,1
20250824-1101,2025-08-24 10:00:00,Tsuen Wan,0,1
20250824-1201,2025-08-24 11:00:00,Tai Po,0,2
20250824-1201,2025-08-24 11:00:00,Tuen Mun,0,1
20250824-1301,2025-08-24 12:00:00,,0,0
20250824-1402,2025-08-24 13:00:00,,0,0
20250824-1501,2025-08-24 14:00:00,Kwai Tsing,0,2
20250824-1501,2025-08-24 14:00:00,Tsuen Wan,0,2
20250824-1501,2025-08-24 14:00:00,Kowloon City,0,1
20250824-1501,2025-08-24 14:00:00,Sham Shui Po,0,1
20250824-1501,2025-08-24 14:00:00,Wong Tai Sin,0,1
20250824-1501,2025-08-24 14:00:00,Yuen Long,0,1
20250824-1602,2025-08-24 15:00:00,,0,0
20250824-1701,2025-08-24 16:00:00,,0,0
20250824-1802,2025-08-24 17:00:00,,0,0
20250824-1902,2025-08-24 18:00:00,,0,0
20250824-2002,2025-08-24 19:00:00,,0,0
20250824-2102,2025-08-24 20:00:00,,0,0
20250824-2202,2025-08-24 21:00:00,,0,0
20250824-2302,2025-08-24 22:00:00,,0,0
20250825-0102,2025-08-24 23:00:00,,0,0
20250825-0201,2025-08-25 01:00:00,,0,0
20250825-0301,2025-08-25 02:00:00,,0,0
20250825-0402,2025-08-25 03:00:00,,0,0
20250825-0502,2025-08-25 04:00:00,,0,0
20250825-0602,2025-08-25 05:00:00,,0,0
20250825-0702,2025-08-25 06:00:00,,0,0
20250825-0802,2025-08-25 07:00:00,,0,0
20250825-0902,2025-08-25 08:00:00,Wong Tai Sin,2,3
20250825-0902,2025-08-25 08:00:00,Tai Po,0,5
20250825-0902,2025-08-25 08:00:00,Tsuen Wan,0,5
20250825-0902,2025-08-25 08:00:00,Kwai Tsing,0,4
20250825-0902,2025-08-25 08:00:00,North District,0,4
20250825-0902,2025-08-25 08:00:00,Sha Tin,0,4
20250825-0902,2025-08-25 08:00:00,Sham Shui Po,0,4
20250825-0902,2025-08-25 08:00:00,Kwun Tong,0,3
20250825-0902,2025-08-25 08:00:00,Central & Western District,0,2
20250825-0902,2025-08-25 08:00:00,Islands District,0,2
20250825-0902,2025-08-25 08:00:00,Kowloon City,0,2
20250825-0902,2025-08-25 08:00:00,Sai Kung,0,2
20250825-0902,2025-08-25 08:00:00,Southern District,0,2
20250825-0902,2025-08-25 08:00:00,Yau Tsim Mong,0,2
20250825-0902,2025-08-25 08:00:00,Yuen Long,0,2
20250825-0902,2025-08-25 08:00:00,Eastern District,0,1
20250825-0902,2025-08-25 08:00:00,Wan Chai,0,1
20250825-1002,2025-08-25 09:00:00,Islands District,0,2
20250825-1002,2025-08-25 09:00:00,Southern District,0,2
20250825-1002,2025-08-25 09:00:00,Central & Western District,0,1
20250825-1002,2025-08-25 09:00:00,Tsuen Wan,0,1
20250825-1002,2025-08-25 09:00:00,Yuen Long,0,1
20250825-1101,2025-08-25 10:00:00,,0,0
20250825-1201,2025-08-25 11:00:00,,0,0
20250825-1301,2025-08-25 12:00:00,,0,0
20250825-1402,2025-08-25 13:00:00,,0,0
20250825-1501,2025-08-25 14:00:00,,0,0
20250825-1602,2025-08-25 15:00:00,,0,0
20250825-1702,2025-08-25 16:00:00,,0,0
20250825-1802,2025-08-25 17:00:00,Islands District,0,1
20250825-1802,2025-08-25 17:00:00,Southern District,0,1
20250825-1902,2025-08-25 18:00:00,Islands District,0,7
20250825-1902,2025-08-25 18:00:00,Southern District,0,4
20250825-2002,2025-08-25 19:00:00,Southern District,0,7
20250825-2002,2025-08-25 19:00:00,Tai Po,0,2
20250825-2002,2025-08-25 19:00:00,Tuen Mun,0,2
20250825-2002,2025-08-25 19:00:00,Central & Western District,0,1
20250825-2002,2025-08-25 19:00:00,Islands District,0,1
20250825-2002,2025-08-25 19:00:00,Sai Kung,0,1
20250825-2102,2025-08-25 20:00:00,North District,0,1
20250825-2202,2025-08-25 21:00:00,,0,0
20250825-2302,2025-08-25 22:00:00,Sai Kung,0,1
20250826-0102,2025-08-25 23:00:00,,0,0
20250826-0202,2025-08-26 01:00:00,,0,0
20250826-0302,2025-08-26 02:00:00,,0,0
20250826-0402,2025-08-26 03:00:00,,0,0
20250826-0502,2025-08-26 04:00:00,,0,0
20250826-0602,2025-08-26 05:00:00,,0,0
20250826-0702,2025-08-26 06:00:00,,0,0
20250826-0802,2025-08-26 07:00:00,,0,0
20250826-0902,2025-08-26 08:00:00,,0,0
20250826-1002,2025-08-26 09:00:00,,0,0
20250826-1102,2025-08-26 10:00:00,,0,0
20250826-1202,2025-08-26 11:00:00,,0,0
20250826-1302,2025-08-26 12:00:00,,0,0
20250826-1402,2025-08-26 13:00:00,,0,0
20250826-1502,2025-08-26 14:00:00,,0,0
20250826-1602,2025-08-26 15:00:00,,0,0
20250826-1702,2025-08-26 16:00:00,Tuen Mun,0,24
20250826-1702,2025-08-26 16:00:00,Yuen Long,0,1
20250826-1802,2025-08-26 17:00:00,Yuen Long,0,8
20250826-1902,2025-08-26 18:00:00,,0,0
20250826-2002,2025-08-26 19:00:00,,0,0
20250826-2102,2025-08-26 20:00:00,,0,0
20250826-2202,2025-08-26 21:00:00,,0,0
20250826-2302,2025-08-26 22:00:00,,0,0
20250827-0002,2025-08-26 23:00:00,,0,0
20250827-0102,2025-08-27 00:00:00,,0,0
20250827-0202,2025-08-27 01:00:00,,0,0
20250827-0302,2025-08-27 02:00:00,,0,0
20250827-0402,2025-08-27 03:00:00,,0,0
20250827-0502,2025-08-27 04:00:00,,0,0
20250827-0602,2025-08-27 05:00:00,,0,0
20250827-0701,2025-08-27 06:00:00,,0,0
20250827-0802,2025-08-27 07:00:00,,0,0
20250827-0902,2025-08-27 08:00:00,,0,0
20250827-1002,2025-08-27 09:00:00,,0,0
20250827-1102,2025-08-27 10:00:00,,0,0
20250827-1202,2025-08-27 11:00:00,,0,0
20250827-1301,2025-08-27 12:00:00,,0,0
20250827-1402,2025-08-27 13:00:00,Tuen Mun,0,7
20250827-1402,2025-08-27 13:00:00,Tsuen Wan,0,1
20250827-1501,2025-08-27 14:00:00,Tuen Mun,0,6
20250827-1501,2025-08-27 14:00:00,Tsuen Wan,0,1
20250827-1602,2025-08-27 15:00:00,,0,0
20250827-1702,2025-08-27 16:00:00,Tuen Mun,0,10
20250827-1802,2025-08-27 17:00:00,Tuen Mun,0,7
20250827-1902,2025-08-27 18:00:00,,0,0
20250827-2002,2025-08-27 19:00:00,,0,0
20250827-2102,2025-08-27 20:00:00,,0,0
20250827-2202,2025-08-27 21:00:00,,0,0
20250827-2302,2025-08-27 22:00:00,,0,0
20250828-0002,2025-08-27 23:00:00,,0,0
20250828-0102,2025-08-28 00:00:00,,0,0
20250828-0202,2025-08-28 01:00:00,,0,0
20250828-0302,2025-08-28 02:00:00,North District,0,7
20250828-0302,2025-08-28 02:00:00,Tai Po,0,4
20250828-0302,2025-08-28 02:00:00,Sha Tin,0,2
20250828-0302,2025-08-28 02:00:00,Sai Kung,0,15
20250828-0302,2025-08-28 02:00:00,Kwun Tong,0,10
20250828-0302,2025-08-28 02:00:00,Eastern District,0,1
20250828-0302,2025-08-28 02:00:00,Wong Tai Sin,0,1
20250828-0402,2025-08-28 03:00:00,North District,6,27
20250828-0402,2025-08-28 03:00:00,Kowloon City,2,6
20250828-0402,2025-08-28 03:00:00,Kwun Tong,1,9
20250828-0402,2025-08-28 03:00:00,Tai Po,0,8
20250828-0402,2025-08-28 03:00:00,Yuen Long,0,8
20250828-0402,2025-08-28 03:00:00,Eastern District,0,5
20250828-0402,2025-08-28 03:00:00,Islands District,0,3
20250828-0402,2025-08-28 03:00:00,Sai Kung,0,3
20250828-0402,2025-08-28 03:00:00,Yau Tsim Mong,0,3
20250828-0402,2025-08-28 03:00:00,Central & Western District,0,2
20250828-0402,2025-08-28 03:00:00,Wan Chai,0,2
20250828-0402,2025-08-28 03:00:00,Wong Tai Sin,0,2
20250828-0402,2025-08-28 03:00:00,Kwai Tsing,0,1
20250828-0402,2025-08-28 03:00:00,Sha Tin,0,1
20250828-0402,2025-08-28 03:00:00,Tsuen Wan,0,1
20250828-0402,2025-08-28 03:00:00,Tuen Mun,0,1
20250828-0502,2025-08-28 04:00:00,Islands District,0,2
20250828-0502,2025-08-28 04:00:00,Southern District,0,1
20250828-0502,2025-08-28 04:00:00,Tuen Mun,0,1
20250828-0602,2025-08-28 05:00:00,,0,0
20250828-0702,2025-08-28 06:00:00,,0,0
20250828-0802,2025-08-28 07:00:00,,0,0
20250828-0902,2025-08-28 08:00:00,,0,0
20250828-1002,2025-08-28 09:00:00,,0,0
20250828-1102,2025-08-28 10:00:00,,0,0
20250828-1202,2025-08-28 11:00:00,Islands District,0,1
20250828-1302,2025-08-28 12:00:00,,0,0
20250828-1402,2025-08-28 13:00:00,,0,0
20250828-1502,2025-08-28 14:00:00,,0,0
20250828-1602,2025-08-28 15:00:00,,0,0
20250828-1702,2025-08-28 16:00:00,,0,0
20250828-1802,2025-08-28 17:00:00,,0,0
20250828-1902,2025-08-28 18:00:00,,0,0
20250828-2002,2025-08-28 19:00:00,,0,0
20250828-2102,2025-08-28 20:00:00,,0,0
20250828-2202,2025-08-28 21:00:00,,0,0
20250828-2302,2025-08-28 22:00:00,,0,0
20250829-0002,2025-08-28 23:00:00,,0,0
20250829-0102,2025-08-29 00:00:00,,0,0
20250829-0202,2025-08-29 01:00:00,,0,0
20250829-0302,2025-08-29 02:00:00,,0,0
20250829-0402,2025-08-29 03:00:00,,0,0
20250829-0502,2025-08-29 04:00:00,,0,0
20250829-0602,2025-08-29 05:00:00,,0,0
20250829-0702,2025-08-29 06:00:00,,0,0
20250829-0802,2025-08-29 07:00:00,,0,0
20250829-0902,2025-08-29 08:00:00,,0,0
20250829-1002,2025-08-29 09:00:00,,0,0
20250829-1102,2025-08-29 10:00:00,,0,0
20250829-1202,2025-08-29 11:00:00,,0,0
20250829-1301,2025-08-29 12:00:00,,0,0
20250829-1402,2025-08-29 13:00:00,,0,0
20250829-1502,2025-08-29 14:00:00,,0,0
20250829-1602,2025-08-29 15:00:00,,0,0
20250829-1702,2025-08-29 16:00:00,,0,0
20250829-1802,2025-08-29 17:00:00,,0,0
20250829-1902,2025-08-29 18:00:00,,0,0
20250829-2002,2025-08-29 19:00:00,,0,0
20250829-2102,2025-08-29 20:00:00,Kwun Tong,0,4
20250829-2102,2025-08-29 20:00:00,Sai Kung,0,4
20250829-2102,2025-08-29 20:00:00,Kowloon City,0,1
20250829-2102,2025-08-29 20:00:00,Wong Tai Sin,0,1
20250829-2201,2025-08-29 21:00:00,Kowloon City,0,2
20250829-2201,2025-08-29 21:00:00,Kwai Tsing,0,2
20250829-2201,2025-08-29 21:00:00,Sham Shui Po,0,2
20250829-2201,2025-08-29 21:00:00,Wong Tai Sin,0,2
20250829-2201,2025-08-29 21:00:00,Yau Tsim Mong,0,2
20250829-2201,2025-08-29 21:00:00,Tsuen Wan,0,1
20250829-2302,2025-08-29 22:00:00,,0,0
20250830-0102,2025-08-29 23:00:00,,0,0
20250830-0202,2025-08-30 01:00:00,,0,0
20250830-0302,2025-08-30 02:00:00,,0,0
20250830-0401,2025-08-30 03:00:00,,0,0
20250830-0502,2025-08-30 04:00:00,,0,0
20250830-0602,2025-08-30 05:00:00,Kwun Tong,0,1
20250830-0602,2025-08-30 05:00:00,Sai Kung,0,1
20250830-0702,2025-08-30 06:00:00,Kwai Tsing,0,1
20250830-0702,2025-08-30 06:00:00,Kwun Tong,0,1
20250830-0702,2025-08-30 06:00:00,Sai Kung,0,1
20250830-0702,2025-08-30 06:00:00,Sham Shui Po,0,1
20250830-0702,2025-08-30 06:00:00,Wong Tai Sin,0,1
20250830-0802,2025-08-30 07:00:00,Kwai Tsing,0,1
20250830-0802,2025-08-30 07:00:00,Sham Shui Po,0,1
20250830-0902,2025-08-30 08:00:00,,0,0
20250830-1002,2025-08-30 09:00:00,,0,0
20250830-1102,2025-08-30 10:00:00,,0,0
20250830-1202,2025-08-30 11:00:00,,0,0
20250830-1302,2025-08-30 12:00:00,,0,0
20250830-1401,2025-08-30 13:00:00,Islands District,0,1
20250830-1502,2025-08-30 14:00:00,Wong Tai Sin,6,7
20250830-1502,2025-08-30 14:00:00,Kwun Tong,5,8
20250830-1502,2025-08-30 14:00:00,Sham Shui Po,5,7
20250830-1502,2025-08-30 14:00:00,Kowloon City,4,7
20250830-1502,2025-08-30 14:00:00,Yau Tsim Mong,4,7
20250830-1502,2025-08-30 14:00:00,Wan Chai,4,6
20250830-1502,2025-08-30 14:00:00,Eastern District,4,10
20250830-1502,2025-08-30 14:00:00,Southern District,3,13
20250830-1502,2025-08-30 14:00:00,Central & Western District,2,7
20250830-1502,2025-08-30 14:00:00,Sha Tin,1,7
20250830-1502,2025-08-30 14:00:00,Sai Kung,0,9
20250830-1502,2025-08-30 14:00:00,Islands District,0,8
20250830-1502,2025-08-30 14:00:00,Kwai Tsing,0,5
20250830-1502,2025-08-30 14:00:00,Tai Po,0,2
20250830-1602,2025-08-30 15:00:00,Tsuen Wan,4,14
20250830-1602,2025-08-30 15:00:00,Kwai Tsing,1,5
20250830-1602,2025-08-30 15:00:00,Sham Shui Po,1,2
20250830-1602,2025-08-30 15:00:00,Yuen Long,0,8
20250830-1602,2025-08-30 15:00:00,Tuen Mun,0,6
20250830-1602,2025-08-30 15:00:00,Tai Po,0,2
20250830-1602,2025-08-30 15:00:00,Islands District,0,1
20250830-1602,2025-08-30 15:00:00,Kowloon City,0,1
20250830-1602,2025-08-30 15:00:00,Sha Tin,0,1
20250830-1702,2025-08-30 16:00:00,,0,0
20250830-1802,2025-08-30 17:00:00,,0,0
20250830-1902,2025-08-30 18:00:00,,0,0
20250830-2002,2025-08-30 19:00:00,Kwun Tong,0,1
20250830-2102,2025-08-30 20:00:00,Sai Kung,0,3
20250830-2202,2025-08-30 21:00:00,Wong Tai Sin,1,7
20250830-2202,2025-08-30 21:00:00,Southern District,0,4
20250830-2202,2025-08-30 21:00:00,Kwun Tong,0,3
20250830-2202,2025-08-30 21:00:00,Tsuen Wan,0,3
20250830-2202,2025-08-30 21:00:00,Sai Kung,0,20
20250830-2202,2025-08-30 21:00:00,Sha Tin,0,16
20250830-2202,2025-08-30 21:00:00,Islands District,0,1
20250830-2202,2025-08-30 21:00:00,Kowloon City,0,1
20250830-2202,2025-08-30 21:00:00,Kwai Tsing,0,1
20250830-2302,2025-08-30 22:00:00,Southern District,0,3
20250831-0002,2025-08-30 23:00:00,,0,0
20250831-0102,2025-08-31 00:00:00,,0,0
20250831-0202,2025-08-31 01:00:00,,0,0
20250831-0302,2025-08-31 02:00:00,,0,0
20250831-0402,2025-08-31 03:00:00,,0,0
20250831-0502,2025-08-31 04:00:00,,0,0
20250831-0602,2025-08-31 05:00:00,,0,0
20250831-0702,2025-08-31 06:00:00,,0,0
20250831-0802,2025-08-31 07:00:00,,0,0
20250831-0902,2025-08-31 08:00:00,Islands District,0,3
20250831-0902,2025-08-31 08:00:00,Tai Po,0,1
20250831-1002,2025-08-31 09:00:00,Southern District,0,8
20250831-1002,2025-08-31 09:00:00,Tai Po,0,5
20250831-1002,2025-08-31 09:00:00,Central & Western District,0,4
20250831-1002,2025-08-31 09:00:00,Sai Kung,0,4
20250831-1002,2025-08-31 09:00:00,Sha Tin,0,3
20250831-1002,2025-08-31 09:00:00,Islands District,0,2
20250831-1002,2025-08-31 09:00:00,North District,0,1
20250831-1102,2025-08-31 10:00:00,North District,0,5
20250831-1102,2025-08-31 10:00:00,Tai Po,0,4
20250831-1102,2025-08-31 10:00:00,Sai Kung,0,2
20250831-1102,2025-08-31 10:00:00,Sha Tin,0,2
20250831-1102,2025-08-31 10:00:00,Tsuen Wan,0,2
20250831-1102,2025-08-31 10:00:00,Tuen Mun,0,2
20250831-1102,2025-08-31 10:00:00,Yuen Long,0,1
20250831-1202,2025-08-31 11:00:00,North District,0,1
20250831-1302,2025-08-31 12:00:00,,0,0
20250831-1402,2025-08-31 13:00:00,Sai Kung,0,1
20250831-1501,2025-08-31 14:00:00,Tuen Mun,0,4
20250831-1602,2025-08-31 15:00:00,,0,0
20250831-1701,2025-08-31 16:00:00,,0,0
20250831-1802,2025-08-31 17:00:00,,0,0
20250831-1902,2025-08-31 18:00:00,,0,0
20250831-2002,2025-08-31 19:00:00,,0,0
20250831-2102,2025-08-31 20:00:00,,0,0
20250831-2202,2025-08-31 21:00:00,,0,0
20250831-2302,2025-08-31 22:00:00,,0,0
